Store,Supplier,Item,Product Code,Store OH,WOS,Order Cases,Order Units,Unit Cost,Order $
Andover,Am Craft Spirits,Liber & Co Old Fashioned Syrup 375ml,5061029440401,0,0.0,1,6,13.0,78.0
Andover,Bellboy Corporation,SBOC Pimento Martini Olives 5oz,089156801129,0,0.0,1,6,3.4,20.0
Andover,Bellboy Corporation,Rokz Bloody Mary Salt 4oz,855439000738,0,0.0,1,6,3.79,23.0
Andover,Bellboy Corporation,Roses Sweetened Lime Juice 12oz,01667135,0,0.0,1,6,3.73,22.0
Andover,Bellboy Corporation,Mr & Mrs T Bloody Mary Liter,070655901304,0,0.0,1,6,4.58,27.0
Andover,Bellboy Corporation,Roses Grenadine Liter,016600000760,0,0.0,1,12,5.43,65.0
Andover,Bellboy Corporation,Dole Pineapple Juice 46oz,038900008086,0,0.0,1,12,4.37,52.0
Andover,Bellboy Corporation,ReaLime Lime Juice 8oz,014800582048,0,0.0,2,24,1.72,41.0
Andover,Bellboy Corporation,Jose Cuervo  Margarita Salt 6oz,076381123454,1,0.9,1,12,2.23,27.0
Andover,Bellboy Corporation,Fee Brothers Bitters 4oz,791863140506,2,1.4,1,12,5.68,68.0
Andover,Bellboy Corporation,Traverse City Cherries 21oz,859122005246,3,1.8,1,6,11.74,70.0
Andover,Bellboy Corporation,SBOC Pitted Green Olives 4oz,089156801082,2,2.1,1,6,3.17,19.0
Andover,Bellboy Corporation,Fee Brothers Orange Bitters 5oz,791863140513,1,2.1,1,12,7.88,95.0
Andover,Bellboy Corporation,Clamato Tomato Cocktail 32oz,014800513240,5,3.1,1,12,3.81,46.0
Andover,Bellboy Corporation,ReaLemon 5oz,014800582178,12,4.0,1,24,0.97,23.0
Andover,"Breakthru Beverage Minnesota Wine & Spirits, LLC",Mr & Mrs T Bloody Mary 1.75L,070655910016,0,0.0,1,6,7.5,45.0
Andover,"Breakthru Beverage Minnesota Wine & Spirits, LLC",Kickled Mary Bloody Mary Mix 32oz,682131860038,3,2.6,1,12,7.36,88.0
Andover,"Breakthru Beverage Minnesota Wine & Spirits, LLC",Roses Sweetened Lime Liter,016600000739,2,2.9,1,12,5.92,71.0
Andover,"Capitol Beverage Sales, L.P.",Polar Club Soda Liter,071537020045,17,2.4,1,12,0.85,10.0
Andover,"Capitol Beverage Sales, L.P.",Polar Diet Tonic Water w/Lime Liter,071537020670,30,2.9,1,12,0.7,8.0
Andover,Dahlheimer Beverage Monticello,Fever Tree Spkarling Pink Grapefruit 8pk 5oz can,812136031229,0,0.0,1,3,5.71,17.0
Andover,Dahlheimer Beverage Monticello,Fever Tree Club Soda 500ml,898195001489,1,1.4,1,8,2.08,17.0
Andover,Great Lakes Coca-Cola Distribution,Sprite 2L,049000050158,2,0.7,2,16,3.21,51.0
Andover,Great Lakes Coca-Cola Distribution,Monster Zero Ultra 16oz can,070847012474,4,0.7,1,24,2.05,49.0
Andover,Great Lakes Coca-Cola Distribution,Minute Maid Lemonade 20oz,025000058011,4,1.0,1,24,2.09,50.0
Andover,Great Lakes Coca-Cola Distribution,Sprite 20oz,04976400,6,1.0,1,24,2.09,50.0
Andover,Great Lakes Coca-Cola Distribution,Sprite 12pk 12oz can,049000028928,2,1.1,3,6,9.64,58.0
Andover,Great Lakes Coca-Cola Distribution,Coke Diet 12pk 12oz can,049000028911,4,1.3,5,10,9.62,96.0
Andover,Great Lakes Coca-Cola Distribution,Coke Zero 2L,049000050141,3,1.3,1,8,3.21,26.0
Andover,Great Lakes Coca-Cola Distribution,Coke Diet 20oz,049000000450,10,1.5,1,24,2.07,50.0
Andover,Great Lakes Coca-Cola Distribution,Coke 2L,049000050103,6,2.0,1,8,3.21,26.0
Andover,Great Lakes Coca-Cola Distribution,Monster Absolutely Zero 16oz can,070847000037,4,2.9,1,24,2.04,49.0
Andover,Johnson Brothers - St. Paul,Jose Cuervo Margarita Mix 1.75L,811538011150,0,0.0,2,12,4.7,56.0
Andover,Johnson Brothers - St. Paul,Master of Mixes Marg Mix Liter,070491212725,0,0.0,1,12,1.42,17.0
Andover,Johnson Brothers - St. Paul,Master of Mixes Simple Syrup 375ml,070491352070,6,2.0,1,12,2.67,32.0
Andover,Johnson Brothers - St. Paul,Master of Mixes Bloody Mary Liter,070491212251,3,2.6,1,12,0.0,0.0
Andover,Johnson Brothers - St. Paul,Finest Call Sweet & Sour Liter,070491801950,3,2.6,1,12,4.0,48.0
Andover,Joseph Zimmerley,Perfect Press Margarita Cocktail Mix,860000597524,2,0.7,10,10,17.15,171.0
Andover,Joseph Zimmerley,Bootleg Cocktail Mix,860000597500,6,2.0,7,7,17.24,121.0
Andover,Joseph Zimmerley,Luna Paloma Cocktail Mix,860000597517,3,2.1,3,3,17.07,51.0
Andover,Joseph Zimmerley,Perfect Press Jalapeno Margarita Cocktail Mix,860000597531,4,2.9,2,2,17.21,34.0
Andover,Pepsi-Cola,Gatorade Fruit Punch 28oz,052000135138,9,2.4,1,15,0.44,7.0
Andover,Pepsi-Cola,Diet Dr Pepper 2L,078000083460,5,2.7,1,8,2.43,19.0
Andover,Pepsi-Cola,Schweppes Diet Tonic Liter,078000219456,31,3.4,1,15,1.36,20.0
Andover,Phillips Wine & Spirits - St. Paul,Gosling's Ginger Beer 6pk 12oz can,721094199707,0,0.0,1,4,4.31,17.0
Andover,Phillips Wine & Spirits - St. Paul,Zing Zang Bloody Mary Dill Pickles 32oz,616003616232,0,0.0,1,6,3.67,22.0
Andover,Phillips Wine & Spirits - St. Paul,Zing Zang Margarita Mix 1.75L,616003615167,0,0.0,1,6,6.56,39.0
Andover,Phillips Wine & Spirits - St. Paul,Filthy Black Cherries 11oz,899682002873,0,0.0,1,12,11.86,142.0
Andover,Phillips Wine & Spirits - St. Paul,Zing Zang Bloody Mary Mix 32oz,616003814225,0,0.0,2,24,3.67,88.0
Andover,Phillips Wine & Spirits - St. Paul,Tres Agaves Margarita Mix Liter,854125003039,1,0.4,1,12,5.87,70.0
Andover,Phillips Wine & Spirits - St. Paul,Zing Zang Bloody Mary 1.75L,616003708777,4,1.3,2,12,5.89,71.0
Andover,Phillips Wine & Spirits - St. Paul,Cock n Bull Light Ginger Beer 4pk 12oz btl,072924112046,2,1.4,1,6,4.17,25.0
Andover,Phillips Wine & Spirits - St. Paul,Filthy Olive Brine 8oz,899682002286,7,3.0,1,12,3.57,43.0
Andover,Red Bull Distribution Company,Red Bull Blue Edition 12oz can,611269182460,0,0.0,1,24,2.23,54.0
Andover,Red Bull Distribution Company,Red Bull Sugar Free 12oz can,611269716467,1,0.5,1,24,2.28,55.0
Andover,Red Bull Distribution Company,Red Bull Energy Iced Vanilla Berry 8oz can,611269001860,1,2.1,1,24,0.08,2.0
Andover,Southern Glazer's Wine & Spirits of MN,Angostura Aromatic Bitters 4oz,075496000407,0,0.0,1,48,8.74,420.0
Andover,Summer Lakes Beverage LLC,Lake Storm Lemonade Cocktail Mix,860000597548,6,1.8,8,8,17.25,138.0
Andover,"True Brands, Inc.",Birthday Candle Wine Bag,876718032776,0,0.0,1,10,1.37,14.0
Andover,"True Brands, Inc.",Big Jig: Double Jigger,876718029431,0,0.0,1,12,2.99,36.0
Andover,,Non-Refundable Transaction,NON-REFUNDABLE,-151,-323.6,2,2,0.0,0.0
Andover,,MN Ice Big Bag,865839000245,-43,-0.7,259,259,3.43,887.0
Andover,,MN Ice Small Bag,865839000252,-21,-0.3,280,280,1.25,350.0
Andover,,Tip Item,TIP,0,0.0,22,22,0.0,0.0
Andover,,MN Ice Sphere,865839000283,0,0.0,1,1,6.25,6.0
Andover,,MN Ice Rock,865839000238,1,0.7,5,5,5.49,27.0
Andover,,MN Ice Shard,865839000276,1,1.1,3,3,5.7,17.0
Andover,,Fever Tree Light Ginger Beer 8pk 5oz can,812136033131,3,2.6,2,2,5.67,11.0
Andover,,Grizzly Wintergreen Long Cut,04287115,32,3.8,2,2,9.57,19.0
Blaine,Am Craft Spirits,Cry Baby Craig's Hot Sauce 5oz,714439500276,2,1.7,1,12,4.27,51.0
Blaine,Bellboy Corporation,Mr & Mrs T Bold & Spicy Liter,070655902301,0,0.0,1,6,4.59,28.0
Blaine,Bellboy Corporation,Rokz Lime Margarita Salt 4oz,855439000691,0,0.0,1,6,3.79,23.0
Blaine,Bellboy Corporation,Tajin clasico seasoning rimmer,633148599305,0,0.0,1,12,4.75,57.0
Blaine,Bellboy Corporation,SBOC Pimento Stuffed 5oz,089156001130,1,1.1,1,6,3.6,22.0
Blaine,Bellboy Corporation,SBOC Garlic Stuffed Olives 10oz,089156001284,1,1.1,1,6,5.52,33.0
Blaine,Bellboy Corporation,Roses Grenadine 12oz,01667436,5,1.3,2,12,3.73,45.0
Blaine,Bellboy Corporation,Jose Cuervo  Margarita Salt 6oz,076381123454,5,1.6,1,12,2.23,27.0
Blaine,Bellboy Corporation,Roses Sweetened Lime Juice 12oz,01667135,4,1.7,1,6,3.73,22.0
Blaine,Bellboy Corporation,The Royal Cherry 10oz,071943117131,3,2.1,1,6,3.12,19.0
Blaine,Bellboy Corporation,Clamato Tomato Cocktail 64oz,014800516470,4,2.1,1,8,6.0,48.0
Blaine,Bellboy Corporation,Mr & Mrs T Bloody Mary Liter,070655901304,4,2.9,1,6,4.58,27.0
Blaine,Bellboy Corporation,Ocean Spray Cranberry Juice,031200200006,7,3.3,1,12,2.92,35.0
Blaine,Bellboy Corporation,Twang Lime Beer Salt 1.4oz,023604231076,7,3.3,1,24,1.6,38.0
Blaine,"Breakthru Beverage Minnesota Wine & Spirits, LLC",Mr & Mrs T Bloody Mary 1.75L,070655910016,0,0.0,1,6,7.5,45.0
Blaine,"Breakthru Beverage Minnesota Wine & Spirits, LLC",Mr & Mrs T Sweet & Sour 1.75L,070655910054,1,2.1,1,6,6.87,41.0
Blaine,"Breakthru Beverage Minnesota Wine & Spirits, LLC",Roses Sweetened Lime Liter,016600000739,6,3.2,1,12,5.92,71.0
Blaine,"Breakthru Beverage Minnesota Wine & Spirits, LLC",Kickled Mary Extra Spicy 32oz,682131859995,4,3.4,1,12,7.23,87.0
Blaine,"Capitol Beverage Sales, L.P.",Polar Club Soda Liter,071537020045,25,1.6,4,48,0.85,41.0
Blaine,"Capitol Beverage Sales, L.P.",Polar Lemon Sour Liter,071537020069,10,1.9,1,12,0.7,8.0
Blaine,"Capitol Beverage Sales, L.P.",Spring Grove Black Cherry 4pk 12oz btl,093495000044,3,2.6,1,6,4.17,25.0
Blaine,"Capitol Beverage Sales, L.P.",Mr Pure Cranberry Juice 32oz,072718100358,4,3.4,1,12,2.57,31.0
Blaine,Dahlheimer Beverage Monticello,1919 Zero Sugar Root Beer 12pk 16oz can,850045698263,1,1.4,1,2,15.34,31.0
Blaine,Dahlheimer Beverage Monticello,Fever Tree Spkarling Pink Grapefruit 8pk 5oz can,812136031229,2,2.1,1,3,5.71,17.0
Blaine,Dahlheimer Beverage Monticello,Fever Tree Blood Orange Ginger Beer 4pk 6.7oz btl,812136031816,2,2.1,1,6,3.69,22.0
Blaine,Great Lakes Coca-Cola Distribution,Sprite Diet Zero 12pk 12oz can,049000037111,0,0.0,4,8,9.65,77.0
Blaine,Great Lakes Coca-Cola Distribution,Minute Maid Lemonade 2L,025000053818,2,0.5,2,16,3.21,51.0
Blaine,Great Lakes Coca-Cola Distribution,Coke Zero 2L,049000050141,4,1.3,2,16,3.21,51.0
Blaine,Great Lakes Coca-Cola Distribution,Coke 2L,049000050103,7,1.5,2,16,3.21,51.0
Blaine,Great Lakes Coca-Cola Distribution,Coke Diet 20oz,049000000450,5,1.8,1,24,2.07,50.0
Blaine,Great Lakes Coca-Cola Distribution,Sprite 2L,049000050158,12,2.4,1,8,3.21,26.0
Blaine,Great Lakes Coca-Cola Distribution,Coke 20oz,04904403,27,2.6,1,24,2.08,50.0
Blaine,Johnson Brothers - St. Paul,Master of Mixes Margarita 1.75L,070491212770,0,0.0,1,6,6.39,38.0
Blaine,Johnson Brothers - St. Paul,Finest Call Sweet & Sour Liter,070491801950,0,0.0,1,12,4.0,48.0
Blaine,Johnson Brothers - St. Paul,Jose Cuervo Light Marg. Mix 1.75L,811538011181,1,0.3,3,18,6.17,111.0
Blaine,Johnson Brothers - St. Paul,Master of Mixes Strawberry Daq/Marg Liter,070491213227,6,1.3,2,24,3.67,88.0
Blaine,Johnson Brothers - St. Paul,Master of Mixes Simple Syrup 375ml,070491352070,11,1.3,2,24,2.67,64.0
Blaine,Johnson Brothers - St. Paul,Master of Mixes Pina Colada Liter,070491212824,12,3.7,1,12,3.67,44.0
Blaine,Joseph Zimmerley,Bootleg Cocktail Mix,860000597500,2,0.8,9,9,17.24,155.0
Blaine,Joseph Zimmerley,Perfect Press Margarita Cocktail Mix,860000597524,2,1.4,4,4,17.15,69.0
Blaine,Joseph Zimmerley,Perfect Press Jalapeno Margarita Cocktail Mix,860000597531,4,1.9,5,5,17.21,86.0
Blaine,Joseph Zimmerley,Luna Paloma Cocktail Mix,860000597517,3,2.1,3,3,17.07,51.0
Blaine,Pepsi-Cola,Pepsi Diet Original 12pk 12oz can,012000171864,0,0.0,2,4,9.59,38.0
Blaine,Pepsi-Cola,Dr. Pepper 2L,078000082463,2,1.4,1,8,2.28,18.0
Blaine,Pepsi-Cola,Schweppes Tonic 6pk 8oz can,078000032413,3,1.6,2,8,3.82,31.0
Blaine,Pepsi-Cola,Schweppes Tonic Liter,078000218459,15,1.6,2,30,1.37,41.0
Blaine,Pepsi-Cola,Pepsi Diet 2L,012000171765,3,2.1,1,8,2.45,20.0
Blaine,Pepsi-Cola,Schweppes Diet Tonic Liter,078000219456,47,3.4,1,15,1.36,20.0
Blaine,Pepsi-Cola,Schweppes Club Soda Liter,078000203455,57,3.5,1,15,1.35,20.0
Blaine,Phillips Wine & Spirits - St. Paul,Zing Zang Bloody Mary 6pk 8oz can,616003737555,0,0.0,1,4,6.51,26.0
Blaine,Phillips Wine & Spirits - St. Paul,Cock n Bull Ginger Beer 4pk 12oz btl,072924012131,0,0.0,4,24,4.17,100.0
Blaine,Phillips Wine & Spirits - St. Paul,Watkins Orange Bitters 4oz,813724025057,0,0.0,1,12,6.29,75.0
Blaine,Phillips Wine & Spirits - St. Paul,Zing Zang Bloody Mary Mix 32oz,616003814225,0,0.0,2,24,3.67,88.0
Blaine,Phillips Wine & Spirits - St. Paul,Zing Zang Margarita Mix 1.75L,616003615167,1,0.3,2,12,6.56,79.0
Blaine,Phillips Wine & Spirits - St. Paul,Tres Agaves Margarita Mix Liter,854125003039,7,0.9,3,36,5.87,211.0
Blaine,Phillips Wine & Spirits - St. Paul,Tres Agaves Spicy Margarita Mix Liter,196383008648,1,1.1,1,12,5.87,70.0
Blaine,Phillips Wine & Spirits - St. Paul,Filthy Black Cherries 11oz,899682002873,2,1.2,1,12,11.86,142.0
Blaine,Phillips Wine & Spirits - St. Paul,Zing Zang Bloody Mary 1.75L,616003708777,6,1.8,2,12,5.89,71.0
Blaine,Phillips Wine & Spirits - St. Paul,Zing Zang Bloody Mary Dill Pickles 32oz,616003616232,1,2.1,1,6,3.67,22.0
Blaine,Phillips Wine & Spirits - St. Paul,Gosling's Diet Ginger Beer 6pk 12oz can,721094199752,6,2.6,1,4,4.37,17.0
Blaine,Red Bull Distribution Company,Red Bull Yellow Edition 8oz can,611269163452,0,0.0,1,24,1.73,42.0
Blaine,Red Bull Distribution Company,Red Bull Sugar Free 8oz can,611269101713,16,2.9,1,24,1.76,42.0
Blaine,Southern Glazer's Wine & Spirits of MN,Angostura Aromatic Bitters 6.7oz,075496002005,0,0.0,1,12,14.16,170.0
Blaine,Summer Lakes Beverage LLC,Lake Storm Lemonade Cocktail Mix,860000597548,5,2.1,5,5,17.25,86.0
Blaine,"True Brands, Inc.",Bailey's Liqueur Chocolate Tube,756774024895,0,0.0,1,6,7.52,45.0
Blaine,"True Brands, Inc.",Bubbles Single Bottle Bag,842094171057,0,0.0,1,10,1.33,13.0
Blaine,,Non-Refundable Transaction,NON-REFUNDABLE,-242,-518.6,2,2,0.0,0.0
Blaine,,MN Ice Shard,865839000276,-1,-1.1,4,4,5.7,23.0
Blaine,,Marlboro Gold,02838423,-3,-0.4,32,32,12.53,401.0
Blaine,,MN Ice Small Bag,865839000252,-23,-0.3,366,366,1.25,458.0
Blaine,,Tip Item,TIP,0,0.0,28,28,0.0,0.0
Blaine,,MN Ice Big Bag,865839000245,4,0.0,396,396,3.43,1357.0
Blaine,,La Croix Lemon 8pk 12oz can,012993221300,1,1.4,2,2,4.17,8.0
Blaine,,La Croix Lime 8pk 12oz can,012993221256,2,2.1,2,2,4.17,8.0
Blaine,,MN Ice Rock,865839000238,5,2.7,3,3,5.49,16.0
Blaine,,MN Ice Sphere,865839000283,3,3.2,1,1,6.25,6.0
Bloomington,Bellboy Corporation,Roses Sweetened Lime Juice 12oz,01667135,0,0.0,1,6,3.73,22.0
Bloomington,Bellboy Corporation,Roses Grenadine 12oz,01667436,0,0.0,1,6,3.73,22.0
Bloomington,Bellboy Corporation,Spooky Margarita Mix 32oz,859579004052,1,0.4,1,12,4.28,51.0
Bloomington,Bellboy Corporation,Brez Flow Fuctional Beverage 4pk 12oz can,197644523061,1,0.9,1,6,9.98,60.0
Bloomington,Bellboy Corporation,ReaLime 5oz,041409000062,4,1.9,1,24,0.99,24.0
Bloomington,"Breakthru Beverage Minnesota Beer, LLC",Fever Tree Distillers Cola 4pk 6.7oz btl,812136030994,-1,-4.3,1,6,3.83,23.0
Bloomington,"Breakthru Beverage Minnesota Beer, LLC",Fever Tree Espresso Martini 500ml,812136032349,0,0.0,1,8,5.04,40.0
Bloomington,Great Lakes Coca-Cola Distribution,Sprite Diet Zero 2L,049000050172,0,0.0,1,8,3.21,26.0
Bloomington,Great Lakes Coca-Cola Distribution,Coke Zero 2L,049000050141,0,0.0,1,8,3.21,26.0
Bloomington,Great Lakes Coca-Cola Distribution,Sprite 2L,049000050158,0,0.0,2,16,3.21,51.0
Bloomington,Great Lakes Coca-Cola Distribution,Sprite Zero 20oz,049000037197,2,1.0,1,24,1.92,46.0
Bloomington,Great Lakes Coca-Cola Distribution,Dasani 20oz,04997704,6,2.0,1,24,1.29,31.0
Bloomington,Great Lakes Coca-Cola Distribution,Vitamin Water XXX 20oz,786162150004,6,2.6,1,12,1.44,17.0
Bloomington,Great Lakes Coca-Cola Distribution,Minute Maid Lemonade 2L,025000053818,7,3.3,1,8,3.21,26.0
Bloomington,Great Lakes Coca-Cola Distribution,Coke Diet 20oz,049000000450,7,3.3,1,24,2.07,50.0
Bloomington,Johnson Brothers - St. Paul,Jose Cuervo Light Marg. Mix 1.75L,811538011181,2,2.9,1,6,6.17,37.0
Bloomington,Pepsi-Cola,Schweppes Club Soda 6pk 8oz,078000032420,2,1.4,1,4,4.39,18.0
Bloomington,Pepsi-Cola,Starry Caffeine Free Lemon Lime 2L,012000221477,2,1.7,1,8,2.6,21.0
Bloomington,Phillips Wine & Spirits - St. Paul,Gosling's Ginger Beer 6pk 12oz can,721094199707,3,1.4,2,8,4.31,34.0
Bloomington,Phillips Wine & Spirits - St. Paul,Zing Zang Bloody Mary 1.75L,616003708777,3,3.2,1,6,5.89,35.0
Bloomington,Red Bull Distribution Company,Red Bull White Peach 12oz can,611269002706,0,0.0,1,24,2.28,55.0
Bloomington,"True Brands, Inc.","16 oz Red Party Cups, 24 pack by True",876718030420,1,0.9,1,12,2.67,32.0
Bloomington,"True Brands, Inc.",20 Red Shot Glasses,842094150915,1,1.4,1,12,1.63,20.0
Bloomington,"True Brands, Inc.",For You Botanical Single Bottle Wine Bag by Cakewalk,842094109418,2,1.7,1,10,1.47,15.0
Bloomington,,Non-Refundable Transaction,NON-REFUNDABLE,-24,-20.6,5,5,0.0,0.0
Bloomington,,MN Ice Shard,865839000276,0,0.0,1,1,5.7,6.0
Bloomington,,MN Ice Small Bag,865839000252,72,3.2,18,18,1.25,23.0
Bloomington,,MN Ice Big Bag,865839000245,59,3.8,3,3,3.43,10.0
Chanhassen,Am Craft Spirits,Liber & Co Almond Orgeat Syrup 375ml,5061029440227,0,0.0,1,6,13.0,78.0
Chanhassen,Bellboy Corporation,Roses Grenadine 12oz,01667436,0,0.0,1,6,3.73,22.0
Chanhassen,Bellboy Corporation,Brez Flow Fuctional Beverage 4pk 12oz can,197644523061,0,0.0,1,6,9.98,60.0
Chanhassen,Bellboy Corporation,SBOC Blue Cheese Stuffed 5oz,089156001369,0,0.0,1,6,4.27,26.0
Chanhassen,Bellboy Corporation,Brez Dream Functional Beverage 4pk 12oz can,860013707101,0,0.0,1,6,9.98,60.0
Chanhassen,Bellboy Corporation,Jose Cuervo  Margarita Salt 6oz,076381123454,0,0.0,1,12,2.23,27.0
Chanhassen,Bellboy Corporation,Luxardo Maraschino Cherries 12oz,187229127289,2,2.9,1,12,12.93,155.0
Chanhassen,Bellboy Corporation,ReaLime 5oz,041409000062,17,3.8,1,24,0.99,24.0
Chanhassen,"Breakthru Beverage Minnesota Beer, LLC",Fever Tree Spkarling Pink Grapefruit 8pk 5oz can,812136031229,0,0.0,1,3,5.71,17.0
Chanhassen,"Breakthru Beverage Minnesota Wine & Spirits, LLC",Mr & Mrs T Sweet & Sour Liter,070655912300,0,0.0,1,6,4.34,26.0
Chanhassen,"Capitol Beverage Sales, L.P.",Polar Club Soda Liter,071537020045,0,0.0,2,24,0.85,20.0
Chanhassen,"Capitol Beverage Sales, L.P.",Polar Lime Tonic Water Liter,071537020366,3,3.2,1,12,0.75,9.0
Chanhassen,Great Lakes Coca-Cola Distribution,Coke Zero 12pk 12oz can,049000042559,0,0.0,1,2,9.65,19.0
Chanhassen,Great Lakes Coca-Cola Distribution,Minute Maid Lemonade 20oz,025000058011,0,0.0,1,24,2.09,50.0
Chanhassen,Great Lakes Coca-Cola Distribution,Minute Maid Lemonade 2L,025000053818,1,0.5,1,8,3.21,26.0
Chanhassen,Great Lakes Coca-Cola Distribution,Sprite 20oz,04976400,11,1.2,2,48,2.09,100.0
Chanhassen,Great Lakes Coca-Cola Distribution,Sprite Diet Zero 12pk 12oz can,049000037111,2,1.4,2,4,9.65,39.0
Chanhassen,Great Lakes Coca-Cola Distribution,Sprite 2L,049000050158,5,1.4,2,16,3.21,51.0
Chanhassen,Great Lakes Coca-Cola Distribution,Seagrams Ginger Ale 12pk 12oz can,072979004167,1,2.1,1,2,9.46,19.0
Chanhassen,Great Lakes Coca-Cola Distribution,Coke 20oz,04904403,20,3.2,1,24,2.08,50.0
Chanhassen,Great Lakes Coca-Cola Distribution,Coke Diet 2L,049000050110,13,3.3,1,8,3.21,26.0
Chanhassen,Johnson Brothers - St. Paul,Jose Cuervo Light Marg. Mix 1.75L,811538011181,0,0.0,1,6,6.17,37.0
Chanhassen,"M Amundson, LLP",Marlboro Gold Pack 100s,02846529,4,0.6,3,30,12.52,376.0
Chanhassen,Pepsi-Cola,Mountain Dew Diet 12pk 12oz can,012000809972,0,0.0,1,2,9.08,18.0
Chanhassen,Pepsi-Cola,Schweppes Club Soda 6pk 8oz,078000032420,0,0.0,1,4,4.39,18.0
Chanhassen,Pepsi-Cola,Schweppes Diet Tonic 6pk 8oz,078000032635,0,0.0,2,8,3.9,31.0
Chanhassen,Pepsi-Cola,Schweppes Ginger Ale 2L,078000206463,0,0.0,1,8,2.45,20.0
Chanhassen,Pepsi-Cola,Gatorade Gatorlyte Mixed Berry 20oz btl,052000050820,0,0.0,1,12,1.83,22.0
Chanhassen,Pepsi-Cola,Gatorade Gatorlyte Watermelon 20oz,052000050622,0,0.0,1,12,1.84,22.0
Chanhassen,Pepsi-Cola,Starbucks Frappucino Vanilla 14oz,012000813313,0,0.0,1,12,1.11,13.0
Chanhassen,Pepsi-Cola,Ocean Spray Cranberry Juice 15oz,012000021367,1,0.4,1,12,1.87,22.0
Chanhassen,Pepsi-Cola,Mountain Dew Kickstart Fruit 16oz can,012000110467,1,0.4,1,12,1.61,19.0
Chanhassen,Pepsi-Cola,Gatorade Fruit Punch 28oz,052000135138,3,0.7,1,15,0.44,7.0
Chanhassen,Pepsi-Cola,Gatorade Glacier Cherry 28oz,052000102413,1,2.1,1,15,1.9,28.0
Chanhassen,Pepsi-Cola,Gatorade Lemon Lime 28oz,052000135152,7,2.7,1,15,2.01,30.0
Chanhassen,Pepsi-Cola,Starry Caffeine Free Lemon Lime 2L,012000221477,2,2.9,1,8,2.6,21.0
Chanhassen,Pepsi-Cola,Schweppes Tonic Liter,078000218459,17,3.2,1,15,1.37,20.0
Chanhassen,Pepsi-Cola,Schweppes Club Soda Liter,078000203455,35,3.7,1,15,1.35,20.0
Chanhassen,Phillips Wine & Spirits - St. Paul,Zing Zang Bloody Mary 6pk 8oz can,616003737555,0,0.0,1,4,6.51,26.0
Chanhassen,Phillips Wine & Spirits - St. Paul,Zing Zang Bloody Mary Mix 32oz,616003814225,0,0.0,1,12,3.67,44.0
Chanhassen,Phillips Wine & Spirits - St. Paul,Zing Zang Bloody Mary 1.75L,616003708777,1,0.7,1,6,5.89,35.0
Chanhassen,Red Bull Distribution Company,Red Bull Energy Drink 8oz can,611269991000,11,2.8,1,24,1.75,42.0
Chanhassen,"True Brands, Inc.",No-Mess Glitter Bow Assorted Wine Bag by Cakewalk,842094109456,1,2.1,1,20,1.91,38.0
Chanhassen,,Tip Item,TIP,0,0.0,10,10,0.0,0.0
Chanhassen,,MN Ice Sphere,865839000283,0,0.0,4,4,6.25,25.0
Chanhassen,,MN Ice Rock,865839000238,0,0.0,7,7,5.49,38.0
Chanhassen,,MN Ice Shard,865839000276,0,0.0,8,8,5.7,46.0
Chanhassen,,Marlboro Gold,02838423,3,0.2,51,51,12.53,639.0
Chanhassen,,MN Ice Big Bag,865839000245,23,1.0,69,69,3.43,236.0
Chanhassen,,MN Ice Small Bag,865839000252,47,1.1,118,118,1.25,148.0
Chanhassen,,Fresca 12pk 12oz can,049000031058,3,2.6,2,2,9.65,19.0
Cottage Grove,Am Craft Spirits,Liber & Co Demerara Syrup 500ml,614409550167,0,0.0,1,12,11.25,135.0
Cottage Grove,Bellboy Corporation,ReaLime 5oz,041409000062,-4,-0.9,1,24,0.99,24.0
Cottage Grove,Bellboy Corporation,Mr & Mrs T Bloody Mary Liter,070655901304,0,0.0,1,6,4.58,27.0
Cottage Grove,Bellboy Corporation,Rokz Bloody Mary Salt 4oz,855439000738,0,0.0,1,6,3.79,23.0
Cottage Grove,Bellboy Corporation,Roses Grenadine 12oz,01667436,0,0.0,1,6,3.73,22.0
Cottage Grove,Bellboy Corporation,Clamato Tomato Cocktail 64oz,014800516470,0,0.0,1,8,6.0,48.0
Cottage Grove,Bellboy Corporation,Roses Grenadine Liter,016600000760,0,0.0,1,12,5.43,65.0
Cottage Grove,Bellboy Corporation,Roses Grenadine 25oz,016600001040,0,0.0,1,12,5.82,70.0
Cottage Grove,Bellboy Corporation,Dole Pineapple Juice 46oz,038900008086,0,0.0,1,12,4.37,52.0
Cottage Grove,Bellboy Corporation,ReaLemon 5oz,014800582178,0,0.0,1,24,0.97,23.0
Cottage Grove,Bellboy Corporation,Twang Beer Salt 1.4oz,023604231014,0,0.0,1,24,1.6,38.0
Cottage Grove,Bellboy Corporation,Twang Lime Beer Salt 1.4oz,023604231076,1,0.3,1,24,1.6,38.0
Cottage Grove,Bellboy Corporation,Spooky Horseradish Bloody Mary 32oz,859579004014,1,1.1,1,12,4.4,53.0
Cottage Grove,Bellboy Corporation,NBA Can Cooler,032085296559,1,2.1,1,1,3.5,4.0
Cottage Grove,Bellboy Corporation,SBOC Dirty Martini Mix 375ml,089156001314,2,2.1,1,12,3.1,37.0
Cottage Grove,Bellboy Corporation,Ocean Spray Cranberry Juice,031200200006,4,2.1,1,12,2.92,35.0
Cottage Grove,"Breakthru Beverage Minnesota Wine & Spirits, LLC",Barritt's Ginger Beer 6pk 12oz can,074993024770,0,0.0,1,4,6.0,24.0
Cottage Grove,"Breakthru Beverage Minnesota Wine & Spirits, LLC",Mr & Mrs T Bold & Spicy 1.75L,070655910030,0,0.0,1,6,7.5,45.0
Cottage Grove,"Breakthru Beverage Minnesota Wine & Spirits, LLC",Mr & Mrs T Pina Colada 1.75L,070655910115,0,0.0,1,6,5.33,32.0
Cottage Grove,"Breakthru Beverage Minnesota Wine & Spirits, LLC",Mr & Mrs T Sweet & Sour Liter,070655912300,0,0.0,1,6,4.34,26.0
Cottage Grove,"Breakthru Beverage Minnesota Wine & Spirits, LLC",Mr & Mrs T Bloody Mary 1.75L,070655910016,5,3.1,1,6,7.5,45.0
Cottage Grove,"Capitol Beverage Sales, L.P.",Mr Pure Orange Juice 32oz,072718100037,7,1.8,1,12,2.75,33.0
Cottage Grove,"Fresh Smoke of Minnesota, LLC",Aging Room Quattro Nicaragua Vibrato,811438024786,1,0.9,4,4,7.07,28.0
Cottage Grove,Great Lakes Coca-Cola Distribution,Coke Diet 2L,049000050110,0,0.0,2,16,3.21,51.0
Cottage Grove,Great Lakes Coca-Cola Distribution,Coke 2L,049000050103,0,0.0,3,24,3.21,77.0
Cottage Grove,Great Lakes Coca-Cola Distribution,Sprite 2L,049000050158,4,0.7,3,24,3.21,77.0
Cottage Grove,Great Lakes Coca-Cola Distribution,Coke Zero 2L,049000050141,2,1.4,1,8,3.21,26.0
Cottage Grove,Great Lakes Coca-Cola Distribution,Sprite Diet Zero 2L,049000050172,9,2.1,1,8,3.21,26.0
Cottage Grove,Great Lakes Coca-Cola Distribution,Minute Maid Lemonade 2L,025000053818,14,2.6,1,8,3.21,26.0
Cottage Grove,Great Lakes Coca-Cola Distribution,Monster Energy 16oz can,070847811169,8,3.1,1,24,2.04,49.0
Cottage Grove,Great Lakes Coca-Cola Distribution,Coke Diet 12pk 12oz can,049000028911,12,3.7,1,2,9.62,19.0
Cottage Grove,Great Lakes Coca-Cola Distribution,Coke Zero 12pk 12oz can,049000042559,8,3.8,1,2,9.65,19.0
Cottage Grove,Johnson Brothers - St. Paul,Jose Cuervo Margarita Mix 1.75L,811538011150,0,0.0,1,6,4.7,28.0
Cottage Grove,Johnson Brothers - St. Paul,Jose Cuervo Light Marg. Mix 1.75L,811538011181,0,0.0,2,12,6.17,74.0
Cottage Grove,Johnson Brothers - St. Paul,Finest Call Sweet & Sour Liter,070491801950,1,0.9,1,12,4.0,48.0
Cottage Grove,Joseph Zimmerley,Perfect Press Jalapeno Margarita Cocktail Mix,860000597531,10,3.9,1,1,17.21,17.0
Cottage Grove,"M Amundson, LLP",Camel Blue Box,01230739,18,2.8,1,10,12.86,129.0
Cottage Grove,"M Amundson, LLP",Marlboro 100s,02836328,11,3.9,1,10,12.55,125.0
Cottage Grove,Pepsi-Cola,Schweppes Ginger Ale 12pk 12oz can,078000206166,0,0.0,1,2,6.78,14.0
Cottage Grove,Pepsi-Cola,Dr. Pepper 12pk 12oz can,078000082166,0,0.0,2,4,10.16,41.0
Cottage Grove,Pepsi-Cola,Starry Zero 10pk 8oz can,012000222405,0,0.0,1,3,5.13,15.0
Cottage Grove,Pepsi-Cola,Pepsi 2L,012000002304,0,0.0,1,8,2.53,20.0
Cottage Grove,Pepsi-Cola,Pepsi Diet 2L,012000171765,0,0.0,2,16,2.45,39.0
Cottage Grove,Pepsi-Cola,Schweppes Club Soda Liter,078000203455,26,0.9,6,90,1.35,122.0
Cottage Grove,Pepsi-Cola,Schweppes Ginger Ale 6pk 8oz,078000002133,1,1.4,1,4,4.62,18.0
Cottage Grove,Pepsi-Cola,Schweppes Club Soda 6pk 8oz,078000032420,3,1.4,2,8,4.39,35.0
Cottage Grove,Pepsi-Cola,Gatorade Lemon Lime 20oz,052000328684,4,1.7,1,24,1.66,40.0
Cottage Grove,Pepsi-Cola,Schweppes Ginger Ale 2L,078000206463,2,2.1,1,8,2.45,20.0
Cottage Grove,Pepsi-Cola,Starry Caffeine Free Lemon Lime 2L,012000221477,3,2.1,1,8,2.6,21.0
Cottage Grove,Pepsi-Cola,Pepsi 20oz btl,012000001291,5,2.1,1,24,1.71,41.0
Cottage Grove,Pepsi-Cola,Gatorade Cool Blue 20oz,052000324815,13,2.7,1,24,1.83,44.0
Cottage Grove,Pepsi-Cola,Gatorade Gatorlyte Watermelon 20oz,052000050622,5,3.6,1,12,1.84,22.0
Cottage Grove,Phillips Wine & Spirits - St. Paul,Tres Agaves Margarita Mix Liter,854125003039,-2,-0.7,2,24,5.87,141.0
Cottage Grove,Phillips Wine & Spirits - St. Paul,Gosling's Ginger Beer 6pk 12oz can,721094199707,0,0.0,1,4,4.31,17.0
Cottage Grove,Phillips Wine & Spirits - St. Paul,Gosling's Diet Ginger Beer 6pk 12oz can,721094199752,0,0.0,1,4,4.37,17.0
Cottage Grove,Phillips Wine & Spirits - St. Paul,Cock n Bull Light Ginger Beer 4pk 12oz btl,072924112046,0,0.0,1,6,4.17,25.0
Cottage Grove,Phillips Wine & Spirits - St. Paul,Zing Zang Sweet & Sour 32oz,616003112161,0,0.0,1,6,3.67,22.0
Cottage Grove,Phillips Wine & Spirits - St. Paul,Zing Zang Bloody Mary 1.75L,616003708777,0,0.0,2,12,5.89,71.0
Cottage Grove,Phillips Wine & Spirits - St. Paul,Zing Zang Margarita Mix 32oz,616003945219,0,0.0,1,12,3.84,46.0
Cottage Grove,Phillips Wine & Spirits - St. Paul,Tres Agaves Strawberry Mix Liter,854125003220,0,0.0,1,12,5.53,66.0
Cottage Grove,Phillips Wine & Spirits - St. Paul,Zing Zang Bloody Mary Mix 32oz,616003814225,9,2.3,1,12,3.67,44.0
Cottage Grove,Red Bull Distribution Company,Red Bull Summer Edition 12oz can,611269001648,0,0.0,1,24,2.3,55.0
Cottage Grove,"True Brands, Inc.","16 oz Red Party Cups, 24 pack by True",876718030420,0,0.0,1,12,2.67,32.0
Cottage Grove,"True Brands, Inc.",2 oz plastic shot glasses,842094181766,1,0.6,1,12,4.16,50.0
Cottage Grove,"True Brands, Inc.",Smile There's Wine Bag by Cakewalk 750ml,876718049798,1,2.1,1,10,1.19,12.0
Cottage Grove,,MN Ice Small Bag,865839000252,-104,-0.9,482,482,1.25,603.0
Cottage Grove,,MN Ice Big Bag,865839000245,-70,-0.9,300,300,3.43,1028.0
Cottage Grove,,Wedding Return Fee,400000024592,0,0.0,3,3,0.0,0.0
Cottage Grove,,Tip Item,TIP,0,0.0,13,13,0.0,0.0
Cottage Grove,,Macanudo Inspirado White Toro,689674893541,0,0.0,2,2,6.3,13.0
Cottage Grove,,MN Ice Cylinder,865839000221,0,0.0,2,2,5.49,11.0
Cottage Grove,,MN Ice Sphere,865839000283,0,0.0,7,7,6.25,44.0
Cottage Grove,,Marlboro Gold,02838423,50,2.0,48,48,12.53,601.0
Cottage Grove,,Kodiak Wintergreen Long Cut,04229412,10,2.5,6,6,11.69,70.0
Cottage Grove,,Camel Crush Blue,012300197410,14,2.7,7,7,12.87,90.0
Cottage Grove,,American Spirit Yellow,047995855093,24,2.9,9,9,14.04,126.0
Cottage Grove,,Camel Blue 99s,012300200608,16,3.3,4,4,12.8,51.0
Cottage Grove,,MN Ice Shard,865839000276,4,3.4,1,1,5.7,6.0
Minneapolis,Am Craft Spirits,Cry Baby Craig's Hot Sauce 5oz,714439500276,0,0.0,1,12,4.27,51.0
Minneapolis,Bellboy Corporation,SBOC Pickled Asparagus 16oz,089156810046,0,0.0,1,6,7.8,47.0
Minneapolis,Bellboy Corporation,Rokz Bloody Mary Salt 4oz,855439000738,0,0.0,1,6,3.79,23.0
Minneapolis,Bellboy Corporation,Roses Sweetened Lime Juice 12oz,01667135,0,0.0,1,6,3.73,22.0
Minneapolis,Bellboy Corporation,Roses Grenadine 12oz,01667436,0,0.0,2,12,3.73,45.0
Minneapolis,Bellboy Corporation,Spooky Sriracha 32oz,859579004441,0,0.0,1,12,24.26,291.0
Minneapolis,Bellboy Corporation,Dole Pineapple Juice 46oz,038900008086,1,0.2,2,24,4.37,105.0
Minneapolis,Bellboy Corporation,ReaLemon 5oz,014800582178,5,1.1,1,24,0.97,23.0
Minneapolis,Bellboy Corporation,ReaLime 5oz,041409000062,23,1.8,2,48,0.99,48.0
Minneapolis,"Capitol Beverage Sales, L.P.",Polar Club Soda Liter,071537020045,5,0.5,3,36,0.85,31.0
Minneapolis,"Capitol Beverage Sales, L.P.",Mr Pure Orange Juice 32oz,072718100037,8,1.8,1,12,2.75,33.0
Minneapolis,"Capitol Beverage Sales, L.P.",Mr Pure Pineapple Juice 32oz,072718100631,9,2.6,1,12,2.61,31.0
Minneapolis,"Capitol Beverage Sales, L.P.",Polar Diet Tonic Water w/Lime Liter,071537020670,8,3.4,1,12,0.7,8.0
Minneapolis,"Capitol Beverage Sales, L.P.",Polar Diet Tonic Water Liter,071537020694,12,3.4,1,12,0.8,10.0
Minneapolis,"Chas A. Bernick, Inc.",Mr Pure Cranberry Juice 16oz,072718100709,21,3.8,1,12,1.2,14.0
Minneapolis,Great Lakes Coca-Cola Distribution,Coke Zero Cherry 20oz,049000047547,-2,-0.5,1,24,2.02,48.0
Minneapolis,Great Lakes Coca-Cola Distribution,Seagrams Ginger Ale 2L,072979004181,0,0.0,1,8,3.2,26.0
Minneapolis,Great Lakes Coca-Cola Distribution,Coke Diet 2L,049000050110,0,0.0,7,56,3.21,180.0
Minneapolis,Great Lakes Coca-Cola Distribution,Coke 2L,049000050103,2,0.2,6,48,3.21,154.0
Minneapolis,Great Lakes Coca-Cola Distribution,Fresca 20oz,049000018066,1,0.2,1,24,2.09,50.0
Minneapolis,Great Lakes Coca-Cola Distribution,Coke Zero 2L,049000050141,2,0.5,2,16,3.21,51.0
Minneapolis,Great Lakes Coca-Cola Distribution,Coke Cherry 2L,049000050165,2,0.5,2,16,3.16,51.0
Minneapolis,Great Lakes Coca-Cola Distribution,Coke 20oz,04904403,8,0.5,3,72,2.08,150.0
Minneapolis,Great Lakes Coca-Cola Distribution,Coke Cherry 20oz,049000018011,3,0.6,1,24,2.08,50.0
Minneapolis,Great Lakes Coca-Cola Distribution,Minute Maid Lemonade 20oz,025000058011,8,0.6,2,48,2.09,100.0
Minneapolis,Great Lakes Coca-Cola Distribution,Coke Diet 12pk 12oz can,049000028911,2,1.1,3,6,9.62,58.0
Minneapolis,Great Lakes Coca-Cola Distribution,Monster Ultra Blue Hawaiian 16oz can,070847898245,2,1.2,1,24,2.05,49.0
Minneapolis,Great Lakes Coca-Cola Distribution,Sprite 20oz,04976400,14,1.2,2,48,2.09,100.0
Minneapolis,Great Lakes Coca-Cola Distribution,Minute Maid Fruit Punch 2L,025000053924,6,1.4,2,16,3.04,49.0
Minneapolis,Great Lakes Coca-Cola Distribution,Minute Maid Lemonade 2L,025000053818,27,1.5,6,48,3.21,154.0
Minneapolis,Great Lakes Coca-Cola Distribution,Sprite Diet Zero 12pk 12oz can,049000037111,4,1.7,3,6,9.65,58.0
Minneapolis,Great Lakes Coca-Cola Distribution,Sprite Tropical Mix 12pk 12oz can,049000559071,0,1.9,1,2,9.65,19.0
Minneapolis,Great Lakes Coca-Cola Distribution,Monster Zero Ultra 16oz can,070847012474,24,1.9,2,48,2.05,98.0
Minneapolis,Great Lakes Coca-Cola Distribution,Coke Cherry Diet 12pk 12oz can,049000031041,4,2.4,2,4,9.65,39.0
Minneapolis,Great Lakes Coca-Cola Distribution,Fanta Orange 20oz,049000019162,14,2.5,1,24,2.04,49.0
Minneapolis,Great Lakes Coca-Cola Distribution,Fanta Strawberry 2 Ltr,049000050271,3,2.6,1,8,3.21,26.0
Minneapolis,Great Lakes Coca-Cola Distribution,Coke Zero 12pk 12oz can,049000042559,4,2.9,1,2,9.65,19.0
Minneapolis,Great Lakes Coca-Cola Distribution,Sprite Zero 20oz,049000037197,19,2.9,1,24,1.92,46.0
Minneapolis,Great Lakes Coca-Cola Distribution,Monster Ultra Peachy Keen 16oz can,070847029427,4,3.4,1,24,1.86,45.0
Minneapolis,Great Lakes Coca-Cola Distribution,Coke Diet 20oz,049000000450,24,3.5,1,24,2.07,50.0
Minneapolis,Great Lakes Coca-Cola Distribution,Minute Maid Lemonade 12pk 12oz can,025000058387,1,4.0,1,2,9.65,19.0
Minneapolis,Johnson Brothers - St. Paul,Master of Mixes Simple Syrup 375ml,070491352070,0,0.0,2,24,2.67,64.0
Minneapolis,"M Amundson, LLP",Fre Pouch 6mg Mint,840158608624,0,0.0,1,5,8.0,40.0
Minneapolis,"M Amundson, LLP",Fre Pouch 6mg Wintergreen,840158608686,0,0.0,1,5,8.0,40.0
Minneapolis,"M Amundson, LLP",Velo Citrus Chill 9mg,840170618298,0,0.0,1,5,8.41,42.0
Minneapolis,"M Amundson, LLP",Velo Dragon Fruit 6mg,840170618502,0,0.0,1,5,8.41,42.0
Minneapolis,"M Amundson, LLP",Velo Tropical Heat 6mg,840170619073,0,0.0,1,5,8.41,42.0
Minneapolis,"M Amundson, LLP",Middletons Black & Mild Single,070137100188,4,0.3,2,50,1.85,92.0
Minneapolis,"M Amundson, LLP",Velo Peppermint 9mg,840170618236,9,0.8,8,40,8.41,336.0
Minneapolis,"M Amundson, LLP",Velo Pouch 9mg Wintergreen,840170618052,16,1.6,5,25,8.41,210.0
Minneapolis,"M Amundson, LLP",Zyn 6mg Cool Mint,609249900036,19,1.9,5,25,8.41,210.0
Minneapolis,"M Amundson, LLP",Velo Peppermint 6mg 20pk,840170618205,8,2.0,2,10,8.41,84.0
Minneapolis,"M Amundson, LLP",Zyn Pouch 6mg Spearmint,609249902023,14,2.1,3,15,8.41,126.0
Minneapolis,"M Amundson, LLP",Syx Freeze 20mg,850064816013,5,2.7,1,5,7.09,35.0
Minneapolis,Pepsi-Cola,Gatorlyte Lemon Lime 20oz,052000052862,-1,-0.5,1,12,1.84,22.0
Minneapolis,Pepsi-Cola,Celsius Artic Vibe 12oz can,889392021417,-1,-0.3,2,24,1.63,39.0
Minneapolis,Pepsi-Cola,Starry Caffeine Free Lemon Lime 12pk 12oz can,012000221606,0,0.0,1,2,9.34,19.0
Minneapolis,Pepsi-Cola,Dr. Pepper 12pk 12oz can,078000082166,0,0.0,1,2,10.16,20.0
Minneapolis,Pepsi-Cola,Dole Lemonade 2L,012000064524,0,0.0,1,8,1.95,16.0
Minneapolis,Pepsi-Cola,Starry Caffeine Free Lemon Lime 2L,012000221477,0,0.0,1,8,2.6,21.0
Minneapolis,Pepsi-Cola,Dole Strawberry Lemonade 2L,012000064531,0,0.0,2,16,2.45,39.0
Minneapolis,Pepsi-Cola,Alani Nu Cherry Slush 12oz can,810030512257,0,0.0,1,12,1.79,21.0
Minneapolis,Pepsi-Cola,Alani Nu Pink Slush 12oz can,810030518501,0,0.0,1,12,1.79,21.0
Minneapolis,Pepsi-Cola,Gatorade Gatorlyte Strawberry Kiwi 20oz,052000047912,0,0.0,1,12,1.83,22.0
Minneapolis,Pepsi-Cola,Alani Nu Orange Kiss 12oz can,850645008363,0,0.0,1,12,1.79,21.0
Minneapolis,Pepsi-Cola,Celsius Orange 12oz can,889392000313,0,0.0,1,12,1.76,21.0
Minneapolis,Pepsi-Cola,Gatorlyte Glacier Freeze 20oz btl,052000054996,0,0.0,3,36,1.84,66.0
Minneapolis,Pepsi-Cola,Aquafina Water 20oz,01215908,0,0.0,2,48,1.27,61.0
Minneapolis,Pepsi-Cola,Gatorade Gatorlyte Cherry Lime 20oz,052000049008,2,0.3,2,24,1.84,44.0
Minneapolis,Pepsi-Cola,Gatorlyte Lime Cucumber 20oz,052000052879,2,0.3,3,36,1.38,50.0
Minneapolis,Pepsi-Cola,Gatorade Gatorlyte Orange 20oz,052000047905,3,0.5,2,24,1.83,44.0
Minneapolis,Pepsi-Cola,Celsius Peach Vibe 12oz can,889392010190,1,0.6,1,12,1.74,21.0
Minneapolis,Pepsi-Cola,Gatorade Gatorlyte Mixed Berry 20oz btl,052000050820,9,1.1,2,24,1.83,44.0
Minneapolis,Pepsi-Cola,Dr Pepper Diet 20oz,078000083408,4,1.4,1,24,1.69,41.0
Minneapolis,Pepsi-Cola,Alani Nu Lime Slush 12oz can,810175041650,25,1.5,4,48,1.79,86.0
Minneapolis,Pepsi-Cola,Celsius Kiwi Strawberry 12oz can,889392001549,9,1.7,2,24,1.79,43.0
Minneapolis,Pepsi-Cola,Alani Nu Dream Float 12oz can,810030514077,3,2.6,1,12,1.79,21.0
Minneapolis,Pepsi-Cola,Celsius Tropical Vibe 12oz can,889392021394,7,3.0,1,12,1.69,20.0
Minneapolis,Pepsi-Cola,Alani Nu Sherbet Swirl 12oz can,810030519157,3,3.2,1,12,1.79,21.0
Minneapolis,Pepsi-Cola,Celsius Grape Rush 12oz can,889392000917,6,3.2,1,12,1.78,21.0
Minneapolis,Pepsi-Cola,MTN Dew Baja Blast 20oz btl,012000130274,4,3.4,1,24,1.68,40.0
Minneapolis,Phillips Wine & Spirits - St. Paul,Zing Zang Sweet & Sour 32oz,616003112161,0,0.0,2,12,3.67,44.0
Minneapolis,Phillips Wine & Spirits - St. Paul,Zing Zang Margarita Mix 1.75L,616003615167,1,0.9,1,6,6.56,39.0
Minneapolis,Phillips Wine & Spirits - St. Paul,Zing Zang Bloody Mary Mix 32oz,616003814225,3,1.3,1,12,3.67,44.0
Minneapolis,Red Bull Distribution Company,Red Bull Coconut Edition 12oz can,611269321210,0,0.0,1,24,2.28,55.0
Minneapolis,Southern Glazer's Wine & Spirits of MN,Angostura Aromatic Bitters 6.7oz,075496002005,0,0.0,1,12,14.16,170.0
Minneapolis,"True Brands, Inc.",20 Red Shot Glasses,842094150915,4,0.3,5,60,1.63,98.0
Minneapolis,"True Brands, Inc.",Soar - Winged Corkscrew,876718006791,1,0.9,1,12,2.94,35.0
Minneapolis,"True Brands, Inc.",Collins 12.7 Oz Glitter Simple Syrup,842094119653,1,1.1,1,12,3.91,47.0
Minneapolis,"True Brands, Inc.",Truetap Assorted Double Hinged Corkscrews (CDU of 20),876718035296,3,2.6,1,20,3.43,69.0
Minneapolis,,Plastic Cups 16oz,041594442340,-1,-4.3,1,1,3.86,4.0
Minneapolis,,MN Ice Cylinder,865839000221,-1,-4.3,1,1,5.49,5.0
Minneapolis,,Bag Fee,400000024660,0,0.0,8,8,0.0,0.0
Minneapolis,,Tip Item,TIP,0,0.0,36,36,0.0,0.0
Minneapolis,,Black & Mild Royale B1G1,070137800828,0,0.0,1,1,0.0,0.0
Minneapolis,,Black & Mild (1 Extra),070137801122,0,0.0,1,1,0.0,0.0
Minneapolis,,Ashton Classic Churchill,819577011780,0,0.0,1,1,9.44,9.0
Minneapolis,,Charm Social Tonic Lemon Ginger 12oz can,400000025568,0,0.0,3,3,2.42,7.0
Minneapolis,,Black & Mild Wood Tip B1G1,070137122258,0,0.0,4,4,0.0,0.0
Minneapolis,,Cherry Coke Float 20ozbtl,049000561692,1,0.4,9,9,2.09,19.0
Minneapolis,,Marlboro Menthol Gold 100s,02847120,1,0.7,5,5,13.05,65.0
Minneapolis,,Marlboro Gold,02838423,4,1.3,9,9,12.53,113.0
Minneapolis,,Fanta Pinnapple 2 Ltr,049000050264,6,2.3,5,5,3.21,16.0
Minneapolis,,Gatorade Gatorlyte Pineapple Mango 20oz,052000063547,15,2.7,8,8,1.73,14.0
Minneapolis,,MN Ice Big Bag,865839000245,28,2.7,14,14,3.43,48.0
Minneapolis,,Fresca 12pk 12oz can,049000031058,2,3.1,1,1,9.65,10.0
Minneapolis,,MN Ice Small Bag,865839000252,86,4.0,1,1,1.25,1.0
Minnetonka,Bellboy Corporation,Rokz Jalapeno Salt 4oz,855439000653,0,0.0,1,6,3.79,23.0
Minnetonka,Bellboy Corporation,Brez Dream Functional Beverage 4pk 12oz can,860013707101,0,0.0,1,6,9.98,60.0
Minnetonka,Great Lakes Coca-Cola Distribution,Coke Diet 12pk 12oz can,049000028911,0,0.0,1,2,9.62,19.0
Minnetonka,Phillips Wine & Spirits - St. Paul,Gosling's Ginger Beer 6pk 12oz can,721094199707,0,0.0,1,4,4.31,17.0
Minnetonka,Red Bull Distribution Company,Red Bull Energy Drink 8oz can,611269991000,15,3.8,1,24,1.75,42.0
Minnetonka,"True Brands, Inc.",Garden Party Assorted Wine Bags Cakewalk,842094109449,3,3.2,1,10,1.83,18.0
Minnetonka,,Non-Refundable Transaction,NON-REFUNDABLE,-58,-62.1,4,4,0.0,0.0
Minnetonka,,Tip Item,TIP,0,0.0,2,2,0.0,0.0
Minnetonka,,Charm Social Tonic Lemon Ginger 12oz can,400000025568,0,0.0,2,2,2.42,5.0
Minnetonka,,MN Ice Big Bag,865839000245,8,1.2,19,19,3.43,65.0
Osseo,Bellboy Corporation,Spooky Dill Pickle Bloody Mix 32oz,859579004434,0,0.0,1,12,4.48,54.0
Osseo,Bellboy Corporation,Ocean Spray Orange Juice 32oz,031200007360,0,0.0,1,12,3.53,42.0
Osseo,"Capitol Beverage Sales, L.P.",Polar Diet Tonic Water w/Lime Liter,071537020670,5,1.9,1,12,0.7,8.0
Osseo,"Chas A. Bernick, Inc.",Mr Pure Orange Juice 64oz,072718101522,4,2.4,1,6,2.19,13.0
Osseo,Great Lakes Coca-Cola Distribution,Sprite 12pk 12oz can,049000028928,0,0.0,1,2,9.64,19.0
Osseo,Great Lakes Coca-Cola Distribution,Coke Diet 12pk 12oz can,049000028911,0,0.0,1,2,9.62,19.0
Osseo,Great Lakes Coca-Cola Distribution,Coke Zero 12pk 12oz can,049000042559,0,0.0,1,2,9.65,19.0
Osseo,Great Lakes Coca-Cola Distribution,Coke Diet 20oz,049000000450,0,0.0,1,24,2.07,50.0
Osseo,Johnson Brothers - St. Paul,Master of Mixes Marg Mix Liter,070491212725,0,0.0,1,12,1.42,17.0
Osseo,Johnson Brothers - St. Paul,Master of Mixes Simple Syrup 375ml,070491352070,0,0.0,1,12,2.67,32.0
Osseo,Johnson Brothers - St. Paul,Finest Call Sweet & Sour Liter,070491801950,0,0.0,1,12,4.0,48.0
Osseo,"M Amundson, LLP",Marlboro Menthol,02836124,0,0.0,1,10,13.04,130.0
Osseo,"M Amundson, LLP",Marlboro,02835727,0,0.0,1,10,12.53,125.0
Osseo,"M Amundson, LLP",Marlboro Silver 100s,02847829,0,0.0,1,10,12.53,125.0
Osseo,"M Amundson, LLP",Marlboro Menthol Gold,02840127,1,1.1,1,10,13.05,131.0
Osseo,"M Amundson, LLP",Camel Blue Box,01230739,14,1.8,2,20,12.86,257.0
Osseo,"M Amundson, LLP",American Spirit Ultra Light - Orange,047995855239,5,3.1,1,10,13.9,139.0
Osseo,"M Amundson, LLP",Marlboro Gold Pack 100s,02846529,9,3.5,1,10,12.52,125.0
Osseo,Pepsi-Cola,Starry Caffeine Free Lemon Lime 2L,012000221477,4,1.4,1,8,2.6,21.0
Osseo,Pepsi-Cola,Gatorade Cool Blue 20oz,052000324815,16,3.0,1,24,1.83,44.0
Osseo,Pepsi-Cola,Ocean Spray Cranberry Juice 15oz,012000021367,5,3.1,1,12,1.87,22.0
Osseo,Pepsi-Cola,Mountain Dew 12pk 12oz can,012000809965,3,3.2,1,2,9.63,19.0
Osseo,Pepsi-Cola,Pepsi 2L,012000002304,10,3.3,1,8,2.53,20.0
Osseo,Pepsi-Cola,Pepsi 12pk 12oz can,012000809941,5,3.6,1,2,8.79,18.0
Osseo,Phillips Wine & Spirits - St. Paul,Gosling's Ginger Beer 6pk 12oz can,721094199707,0,0.0,1,4,4.31,17.0
Osseo,Phillips Wine & Spirits - St. Paul,Zing Zang Sweet & Sour 32oz,616003112161,0,0.0,1,6,3.67,22.0
Osseo,Phillips Wine & Spirits - St. Paul,Zing Zang Bloody Mary 1.75L,616003708777,0,0.0,2,12,5.89,71.0
Osseo,Phillips Wine & Spirits - St. Paul,Tres Agaves Margarita Mix Liter,854125003039,1,0.6,1,12,5.87,70.0
Osseo,Phillips Wine & Spirits - St. Paul,Zing Zang Margarita Mix 1.75L,616003615167,4,1.9,1,6,6.56,39.0
Osseo,Red Bull Distribution Company,Red Bull Energy Drink 8oz can,611269991000,21,3.3,1,24,1.75,42.0
Osseo,"True Brands, Inc.",No-Mess Glitter Bow Assorted Wine Bag by Cakewalk,842094109456,1,2.1,1,20,1.91,38.0
Osseo,,Camel Blue 99s,012300200608,0,0.0,3,3,12.8,38.0
Osseo,,MN Ice Shard,865839000276,0,0.0,2,2,5.7,11.0
Osseo,,Kodiak Wintergreen Long Cut,04229412,1,0.2,17,17,11.69,199.0
Osseo,,Newport  100,02657318,1,0.4,9,9,13.4,121.0
Osseo,,MN Ice Small Bag,865839000252,55,1.2,127,127,1.25,159.0
Osseo,,American Spirits Full Flavor Blue,047995855086,2,1.7,3,3,13.97,42.0
Osseo,,American Spirit Organic-Turquoise,047995855246,14,2.3,11,11,14.45,159.0
Osseo,,Marlboro Gold,02838423,29,2.6,16,16,12.53,200.0
Osseo,,Marlboro Medium Red Label,02836823,2,2.9,1,1,12.54,13.0
Osseo,,Camel Crush Blue,012300197410,16,3.0,6,6,12.87,77.0
Osseo,,MN Ice Big Bag,865839000245,60,3.1,19,19,3.43,65.0
Osseo,,Grizzly Wintergreen Pouches,04254311,6,3.7,1,1,9.57,10.0
Plymouth,Bellboy Corporation,Mr & Mrs T Bloody Mary Liter,070655901304,0,0.0,1,6,4.58,27.0
Plymouth,Bellboy Corporation,The Royal Cherry 10oz,071943117131,1,2.1,1,6,3.12,19.0
Plymouth,Bellboy Corporation,SBOC Pimento Martini Olives 10oz,089156001123,1,2.1,1,6,5.21,31.0
Plymouth,Bellboy Corporation,SBOC Pitted Green Olives 4oz,089156801082,1,2.1,1,6,3.17,19.0
Plymouth,Bellboy Corporation,Roses Grenadine 12oz,01667436,2,2.9,1,6,3.73,22.0
Plymouth,"Capitol Beverage Sales, L.P.",Mr Pure Ruby Red Grapefruit Juice 32oz,072718100075,0,0.0,1,12,2.55,31.0
Plymouth,Charm LLC,Charm Social Tonic Lemon Ginger 4pk 12oz can,400000025575,2,1.4,1,6,9.67,58.0
Plymouth,Great Lakes Coca-Cola Distribution,Seagrams Ginger Ale 2L,072979004181,0,0.0,1,8,3.2,26.0
Plymouth,Great Lakes Coca-Cola Distribution,Sprite Diet Zero 2L,049000050172,0,0.0,2,16,3.21,51.0
Plymouth,Great Lakes Coca-Cola Distribution,Sprite 12pk 12oz can,049000028928,2,2.1,1,2,9.64,19.0
Plymouth,Great Lakes Coca-Cola Distribution,Fresca 2L,049000050288,5,2.1,1,8,3.21,26.0
Plymouth,Great Lakes Coca-Cola Distribution,Minute Maid Lemonade 2L,025000053818,6,3.7,1,8,3.21,26.0
Plymouth,Johnson Brothers - St. Paul,Master of Mixes Old Fashioned Liter,070491213326,0,0.0,1,12,3.67,44.0
Plymouth,Johnson Brothers - St. Paul,Jose Cuervo Light Marg. Mix 1.75L,811538011181,2,1.4,1,6,6.17,37.0
Plymouth,Johnson Brothers - St. Paul,Master of Mixes Simple Syrup 375ml,070491352070,13,2.9,1,12,2.67,32.0
Plymouth,"M Amundson, LLP",Bic Colored Lighter,070330600065,1,0.7,1,50,1.14,57.0
Plymouth,Mindy Gray,Coves Mocktails Sweet Strawberry & Lime 4pk 12oz can,860011007036,1,1.1,1,6,6.0,36.0
Plymouth,Pepsi-Cola,Schweppes Ginger Ale 6pk 8oz,078000002133,-1,-4.3,1,4,4.62,18.0
Plymouth,Pepsi-Cola,Celsius Cosmic Vibe Sparkling Fruit Punch 12oz can,889392001204,-1,-4.3,1,12,0.0,0.0
Plymouth,Pepsi-Cola,Celsius Grape Rush 12oz can,889392000917,0,0.0,1,12,1.78,21.0
Plymouth,Pepsi-Cola,Schweppes Tonic Liter,078000218459,1,0.1,2,30,1.37,41.0
Plymouth,Pepsi-Cola,Schweppes Club Soda Liter,078000203455,2,0.2,3,45,1.35,61.0
Plymouth,Pepsi-Cola,Schweppes Diet Tonic Liter,078000219456,5,0.4,4,60,1.36,82.0
Plymouth,Pepsi-Cola,Gatorlyte Lemon Lime 20oz,052000052862,6,1.7,1,12,1.84,22.0
Plymouth,Pepsi-Cola,Starry Lemon Lime 10pk 8oz can,012000221460,2,2.1,1,3,5.93,18.0
Plymouth,Pepsi-Cola,Schweppes Club Soda 6pk 8oz,078000032420,2,2.1,1,4,4.39,18.0
Plymouth,Pepsi-Cola,Schweppes Tonic 6pk 8oz can,078000032413,4,2.9,1,4,3.82,15.0
Plymouth,Phillips Wine & Spirits - St. Paul,Gosling's Diet Ginger Beer 6pk 12oz can,721094199752,0,0.0,1,4,4.37,17.0
Plymouth,Phillips Wine & Spirits - St. Paul,Gosling's Ginger Beer 6pk 12oz can,721094199707,0,0.0,1,4,4.31,17.0
Plymouth,Phillips Wine & Spirits - St. Paul,Cock n Bull Light Ginger Beer 4pk 12oz btl,072924112046,0,0.0,1,6,4.17,25.0
Plymouth,Phillips Wine & Spirits - St. Paul,Watkins Orange Bitters 4oz,813724025057,0,0.0,1,12,6.29,75.0
Plymouth,Phillips Wine & Spirits - St. Paul,Owen's Grapefruit & Lime 750ml,861965000210,0,0.0,1,12,4.61,55.0
Plymouth,Phillips Wine & Spirits - St. Paul,Tres Agaves Strawberry Mix Liter,854125003220,0,0.0,1,12,5.53,66.0
Plymouth,Phillips Wine & Spirits - St. Paul,Tres Agaves Spicy Margarita Mix Liter,196383008648,0,0.0,1,12,5.87,70.0
Plymouth,Phillips Wine & Spirits - St. Paul,Tres Agaves Margarita Mix Liter,854125003039,3,1.6,1,12,5.87,70.0
Plymouth,"True Brands, Inc.",Hammered Moscow Mule Copper Mugs by True,842094171750,0,0.0,1,6,16.83,101.0
Plymouth,"True Brands, Inc.",Bamboo: Appetizer Picks,876718006395,5,2.7,1,12,1.22,15.0
Plymouth,"True Brands, Inc.",Soar - Winged Corkscrew,876718006791,2,2.9,1,12,2.94,35.0
Plymouth,Walmart,Mountain Dew 16.9oz,012000182372,0,0.0,1,12,0.88,11.0
Plymouth,,Non-Refundable Transaction,NON-REFUNDABLE,-93,-398.6,1,1,0.0,0.0
Plymouth,,Fresh Limes,FRESHLIME,-4,-4.3,4,4,0.21,1.0
Plymouth,,Tip Item,TIP,0,0.0,12,12,0.0,0.0
Plymouth,,MN Ice Rock,865839000238,0,0.0,1,1,5.49,5.0
Plymouth,,Newport,02657512,0,0.0,3,3,13.35,40.0
Plymouth,,Charm Social Tonic Lemon Ginger 12oz can,400000025568,0,0.0,2,2,2.42,5.0
Plymouth,,MN Ice Shard,865839000276,0,0.0,5,5,5.7,28.0
Plymouth,,Swisher Sweets Cigarillo,02590539,3,0.4,25,25,0.0,0.0
Plymouth,,MN Ice Big Bag,865839000245,8,0.5,55,55,3.43,188.0
Plymouth,,MN Ice Small Bag,865839000252,29,0.8,109,109,1.25,136.0
Ramsey,Bellboy Corporation,Clamato Tomato Cocktail 64oz,014800516470,0,0.0,1,8,6.0,48.0
Ramsey,Bellboy Corporation,Luxardo Maraschino Cherries 12oz,187229127289,0,0.0,1,12,12.93,155.0
Ramsey,Bellboy Corporation,ReaLime 5oz,041409000062,0,0.0,1,24,0.99,24.0
Ramsey,Bellboy Corporation,Clamato Tomato Cocktail 32oz,014800513240,1,1.4,1,12,3.81,46.0
Ramsey,Bellboy Corporation,Spooky Sriracha 32oz,859579004441,1,1.4,1,12,24.26,291.0
Ramsey,Bellboy Corporation,Dole Pineapple Juice 46oz,038900008086,3,2.1,1,12,4.37,52.0
Ramsey,"Breakthru Beverage Minnesota Beer, LLC",1919 Root Beer 16 Gallon,400000023311,0,0.0,1,1,94.0,94.0
Ramsey,"Breakthru Beverage Minnesota Wine & Spirits, LLC",Mr & Mrs T Margarita 1.75L,070655910078,0,0.0,1,6,6.33,38.0
Ramsey,"Capitol Beverage Sales, L.P.",Mr Pure Orange Juice 32oz,072718100037,0,0.0,1,12,2.75,33.0
Ramsey,"Capitol Beverage Sales, L.P.",Polar Club Soda Liter,071537020045,4,1.0,2,24,0.85,20.0
Ramsey,"Chas A. Bernick, Inc.",Mr Pure Orange Juice 64oz,072718101522,3,3.2,1,6,2.19,13.0
Ramsey,Great Lakes Coca-Cola Distribution,Coke Cherry 2L,049000050165,-1,-2.1,1,8,3.16,25.0
Ramsey,Great Lakes Coca-Cola Distribution,Sprite Diet Zero 2L,049000050172,0,0.0,2,16,3.21,51.0
Ramsey,Great Lakes Coca-Cola Distribution,Sprite 2L,049000050158,0,0.0,3,24,3.21,77.0
Ramsey,Great Lakes Coca-Cola Distribution,Dasani 20oz,04997704,0,0.0,1,24,1.29,31.0
Ramsey,Great Lakes Coca-Cola Distribution,Coke Diet 12pk 12oz can,049000028911,1,0.5,4,8,9.62,77.0
Ramsey,Great Lakes Coca-Cola Distribution,Coke 2L,049000050103,5,1.3,2,16,3.21,51.0
Ramsey,Great Lakes Coca-Cola Distribution,Sprite 12pk 12oz can,049000028928,4,1.9,3,6,9.64,58.0
Ramsey,Great Lakes Coca-Cola Distribution,Monster Energy 16oz can,070847811169,3,3.2,1,24,2.04,49.0
Ramsey,Great Lakes Coca-Cola Distribution,Coke 20oz,04904403,12,3.2,1,24,2.08,50.0
Ramsey,Great Lakes Coca-Cola Distribution,Coke Zero 12pk 12oz can,049000042559,4,3.4,1,2,9.65,19.0
Ramsey,Great Lakes Coca-Cola Distribution,Coke 12pk 12oz can,049000028904,5,3.6,1,2,9.65,19.0
Ramsey,Great Lakes Coca-Cola Distribution,Fresca 2L,049000050288,8,3.8,1,8,3.21,26.0
Ramsey,Johnson Brothers - St. Paul,Jose Cuervo Light Marg. Mix 1.75L,811538011181,0,0.0,1,6,6.17,37.0
Ramsey,Johnson Brothers - St. Paul,Master of Mixes Marg Mix Liter,070491212725,3,3.2,1,12,1.42,17.0
Ramsey,Joseph Zimmerley,Luna Paloma Cocktail Mix,860000597517,2,2.9,1,1,17.07,17.0
Ramsey,Pepsi-Cola,Dr. Pepper 2L,078000082463,0,0.0,1,8,2.28,18.0
Ramsey,Pepsi-Cola,Celsius Orange 12oz can,889392000313,0,0.0,1,12,1.76,21.0
Ramsey,Pepsi-Cola,Celsius Retro Vibes 12oz can,889392001723,0,0.0,1,12,1.66,20.0
Ramsey,Pepsi-Cola,Celsius Artic Vibe 12oz can,889392021417,0,0.0,1,12,1.63,20.0
Ramsey,Pepsi-Cola,Mountain Dew 12pk 12oz can,012000809965,2,2.9,1,2,9.63,19.0
Ramsey,Pepsi-Cola,Pepsi 2L,012000002304,3,3.2,1,8,2.53,20.0
Ramsey,Phillips Wine & Spirits - St. Paul,Gosling's Diet Ginger Beer 6pk 12oz can,721094199752,0,0.0,1,4,4.37,17.0
Ramsey,Phillips Wine & Spirits - St. Paul,Filthy Olive Brine 8oz,899682002286,0,0.0,1,12,3.57,43.0
Ramsey,Phillips Wine & Spirits - St. Paul,Gosling's Ginger Beer 6pk 12oz can,721094199707,1,1.4,1,4,4.31,17.0
Ramsey,Phillips Wine & Spirits - St. Paul,Tres Agaves Strawberry Mix Liter,854125003220,1,2.1,1,12,5.53,66.0
Ramsey,Red Bull Distribution Company,Red Bull Energy Drink 8oz can,611269991000,3,1.6,1,24,1.75,42.0
Ramsey,,Non-Refundable Transaction,NON-REFUNDABLE,-44,-188.6,1,1,0.0,0.0
Ramsey,,MN Ice Big Bag,865839000245,-2,-0.1,119,119,3.43,408.0
Ramsey,,Tip Item,TIP,0,0.0,26,26,0.0,0.0
Ramsey,,MN Ice Small Bag,865839000252,0,0.0,167,167,1.25,209.0
Ramsey,,Monster Rehab 16oz can,070847003229,1,1.1,3,3,2.04,6.0
Ramsey,,Marlboro Gold,02838423,10,1.3,22,22,12.53,276.0
Ramsey,,Fresca 12pk 12oz can,049000031058,2,1.7,3,3,9.65,29.0
Ramsey,,Wine Glass - Wine A Little Laugh A Lot,633538004709,1,2.1,1,1,1.0,1.0
Rosemount,Am Craft Spirits,Sharab Shrubs Blueberry-Poblano 8oz,019962720017,0,0.0,1,12,10.08,121.0
Rosemount,Bellboy Corporation,Roses Grenadine 12oz,01667436,0,0.0,1,6,3.73,22.0
Rosemount,Bellboy Corporation,Brez Elevate Functional Beverage 4pk 12oz can,860013612757,0,0.0,1,6,9.98,60.0
Rosemount,Bellboy Corporation,Ever American Tonic 8oz,818490014359,0,0.0,1,6,2.23,13.0
Rosemount,Bellboy Corporation,SBOC Dirty Martini Mix 375ml,089156001314,0,0.0,1,12,3.1,37.0
Rosemount,Bellboy Corporation,Spooky Margarita Mix 32oz,859579004052,1,0.9,1,12,4.28,51.0
Rosemount,Bellboy Corporation,The Royal Cherry 10oz,071943117131,1,1.4,1,6,3.12,19.0
Rosemount,Bellboy Corporation,Jose Cuervo  Margarita Salt 6oz,076381123454,2,1.7,1,12,2.23,27.0
Rosemount,Bellboy Corporation,SBOC Pitted Green Olives 4oz,089156801082,1,2.1,1,6,3.17,19.0
Rosemount,"Breakthru Beverage Minnesota Beer, LLC",Fever Tree Ginger Ale 8pk 5oz can,812136030208,0,0.0,1,3,5.75,17.0
Rosemount,"Breakthru Beverage Minnesota Wine & Spirits, LLC",Barritt's Ginger Beer 6pk 12oz can,074993024770,0,0.0,1,4,6.0,24.0
Rosemount,"Breakthru Beverage Minnesota Wine & Spirits, LLC",Kickled Mary Extra Spicy 32oz,682131859995,0,0.0,1,12,7.23,87.0
Rosemount,"Breakthru Beverage Minnesota Wine & Spirits, LLC",Roses Sweetened Lime Liter,016600000739,0,0.0,1,12,5.92,71.0
Rosemount,"Capitol Beverage Sales, L.P.",Lift Bridge Root Beer 4pk 16oz can,685165383054,0,0.0,1,6,4.49,27.0
Rosemount,"Capitol Beverage Sales, L.P.",Polar Club Soda Liter,071537020045,7,2.7,1,12,0.85,10.0
Rosemount,Great Lakes Coca-Cola Distribution,Coke Diet 2L,049000050110,-1,-0.3,2,16,3.21,51.0
Rosemount,Great Lakes Coca-Cola Distribution,Coke Zero 12pk 12oz can,049000042559,0,0.0,1,2,9.65,19.0
Rosemount,Great Lakes Coca-Cola Distribution,Sprite 12pk 12oz can,049000028928,0,0.0,2,4,9.64,39.0
Rosemount,Great Lakes Coca-Cola Distribution,Coke Diet 12pk 12oz can,049000028911,0,0.0,2,4,9.62,38.0
Rosemount,Great Lakes Coca-Cola Distribution,Minute Maid Lemonade 2L,025000053818,0,0.0,2,16,3.21,51.0
Rosemount,Great Lakes Coca-Cola Distribution,Coke 2L,049000050103,0,0.0,2,16,3.21,51.0
Rosemount,Great Lakes Coca-Cola Distribution,Sprite 20oz,04976400,0,0.0,1,24,2.09,50.0
Rosemount,Great Lakes Coca-Cola Distribution,Coke 20oz,04904403,0,0.0,1,24,2.08,50.0
Rosemount,Great Lakes Coca-Cola Distribution,Minute Maid Lemonade 20oz,025000058011,8,2.4,1,24,2.09,50.0
Rosemount,Great Lakes Coca-Cola Distribution,Sprite 2L,049000050158,12,2.7,1,8,3.21,26.0
Rosemount,Great Lakes Coca-Cola Distribution,Fresca 2L,049000050288,7,3.0,1,8,3.21,26.0
Rosemount,Johnson Brothers - St. Paul,Jose Cuervo Light Marg. Mix 1.75L,811538011181,0,0.0,1,6,6.17,37.0
Rosemount,Johnson Brothers - St. Paul,Master of Mixes Simple Syrup 375ml,070491352070,6,1.4,1,12,2.67,32.0
Rosemount,Johnson Brothers - St. Paul,Master of Mixes Marg Mix Liter,070491212725,1,2.1,1,12,1.42,17.0
Rosemount,"M Amundson, LLP",Marlboro Silver,02847722,9,3.9,1,10,12.54,125.0
Rosemount,Pepsi-Cola,Pepsi Diet Original 12pk 12oz can,012000171864,-1,-1.4,2,4,9.59,38.0
Rosemount,Pepsi-Cola,Celsius Artic Vibe 12oz can,889392021417,1,1.4,1,12,1.63,20.0
Rosemount,Pepsi-Cola,Gatorlyte Lemon Lime 20oz,052000052862,1,2.1,1,12,1.84,22.0
Rosemount,Pepsi-Cola,Schweppes Diet Tonic Liter,078000219456,33,2.7,2,30,1.36,41.0
Rosemount,Pepsi-Cola,Gatorade Gatorlyte Cherry Lime 20oz,052000049008,4,3.4,1,12,1.84,22.0
Rosemount,Phillips Wine & Spirits - St. Paul,Gosling's Ginger Beer 6pk 12oz can,721094199707,0,0.0,2,8,4.31,34.0
Rosemount,Phillips Wine & Spirits - St. Paul,Zing Zang Margarita Mix 1.75L,616003615167,0,0.0,1,6,6.56,39.0
Rosemount,Phillips Wine & Spirits - St. Paul,Zing Zang Bloody Mary Dill Pickles 32oz,616003616232,0,0.0,1,6,3.67,22.0
Rosemount,Phillips Wine & Spirits - St. Paul,Filthy Olive Brine 8oz,899682002286,0,0.0,1,12,3.57,43.0
Rosemount,Phillips Wine & Spirits - St. Paul,Tres Agaves Margarita Mix Liter,854125003039,4,1.7,1,12,5.87,70.0
Rosemount,Phillips Wine & Spirits - St. Paul,Zing Zang Bloody Mary 1.75L,616003708777,5,3.1,1,6,5.89,35.0
Rosemount,Phillips Wine & Spirits - St. Paul,Zing Zang Bloody Mary Mix 32oz,616003814225,4,3.4,1,12,3.67,44.0
Rosemount,"Vinocopia, Inc",Gosling's Ginger Beer 12pk,721094199844,0,0.0,1,2,12.0,24.0
Rosemount,,Non-Refundable Transaction,NON-REFUNDABLE,-47,-201.4,1,1,0.0,0.0
Rosemount,,MN Ice Shard,865839000276,-4,-2.1,8,8,5.7,46.0
Rosemount,,MN Ice Big Bag,865839000245,-4,-0.1,137,137,3.43,469.0
Rosemount,,Tip Item,TIP,0,0.0,15,15,0.0,0.0
Rosemount,,Charm Social Tonic Lemon Ginger 12oz can,400000025568,0,0.0,1,1,2.42,2.0
Rosemount,,Camel Crush Blue,012300197410,0,0.0,3,3,12.87,39.0
Rosemount,,Camel Blue 99s,012300200608,0,0.0,3,3,12.8,38.0
Rosemount,,MN Ice Sphere,865839000283,0,0.0,7,7,6.25,44.0
Rosemount,,MN Ice Cylinder,865839000221,1,1.1,3,3,5.49,16.0
Rosemount,,MN Ice Rock,865839000238,4,1.6,7,7,5.49,38.0
Rosemount,,MN Ice Small Bag,865839000252,101,2.7,48,48,1.25,60.0
Roseville,Am Craft Spirits,Liber & Co Old Fashioned Syrup 375ml,5061029440401,0,0.0,1,6,13.0,78.0
Roseville,Bellboy Corporation,SBOC Garlic Olives 5oz,089156801280,0,0.0,1,6,4.27,26.0
Roseville,Bellboy Corporation,SBOC Pimento Stuffed 5oz,089156001130,0,0.0,1,6,3.6,22.0
Roseville,Bellboy Corporation,Roses Grenadine 12oz,01667436,0,0.0,1,6,3.73,22.0
Roseville,Bellboy Corporation,SBOC Jalapeno Olives 5oz,089156801112,0,0.0,1,6,3.75,22.0
Roseville,Bellboy Corporation,Clamato Tomato Cocktail 64oz,014800516470,0,0.0,1,8,6.0,48.0
Roseville,Bellboy Corporation,Spooky Dill Pickle Bloody Mix 32oz,859579004434,0,0.0,1,12,4.48,54.0
Roseville,Bellboy Corporation,Clamato Tomato Cocktail 32oz,014800513240,0,0.0,1,12,3.81,46.0
Roseville,Bellboy Corporation,Red Party Cups 16 count,639277877215,2,0.9,1,48,2.75,132.0
Roseville,Bellboy Corporation,Tajin clasico seasoning rimmer,633148599305,1,1.4,1,12,4.75,57.0
Roseville,Bellboy Corporation,Luxardo Maraschino Cherries 12oz,187229127289,4,1.9,1,12,12.93,155.0
Roseville,Bellboy Corporation,Mr & Mrs T Margarita Liter,070655935309,1,2.1,1,6,4.58,27.0
Roseville,Bellboy Corporation,ReaLime 5oz,041409000062,14,2.1,1,24,0.99,24.0
Roseville,"Breakthru Beverage Minnesota Wine & Spirits, LLC",Mr & Mrs T Bold & Spicy 1.75L,070655910030,0,0.0,1,6,7.5,45.0
Roseville,"Capitol Beverage Sales, L.P.",Mr Pure Pineapple Juice 32oz,072718100631,2,0.5,2,24,2.61,63.0
Roseville,"Capitol Beverage Sales, L.P.",Polar Club Soda Liter,071537020045,22,1.6,3,36,0.85,31.0
Roseville,"Chas A. Bernick, Inc.",Mr Pure Cranberry Juice 64oz,072718101546,1,0.5,2,12,2.23,27.0
Roseville,"Chas A. Bernick, Inc.",Mr Pure Orange Juice 64oz,072718101522,2,0.8,2,12,2.19,26.0
Roseville,"Fresh Smoke of Minnesota, LLC",Aging Room Quattro Nicaragua Vibrato,811438024786,0,0.0,3,3,7.07,21.0
Roseville,Great Lakes Coca-Cola Distribution,Fresca 2L,049000050288,2,0.6,2,16,3.21,51.0
Roseville,Great Lakes Coca-Cola Distribution,Coke Vanilla 20oz,049000031171,1,1.1,1,24,2.02,48.0
Roseville,Great Lakes Coca-Cola Distribution,Coke Zero 20oz,049000040869,9,3.0,1,24,2.08,50.0
Roseville,Great Lakes Coca-Cola Distribution,Coke Diet 20oz,049000000450,21,3.8,1,24,2.07,50.0
Roseville,Johnson Brothers - St. Paul,Master of Mixes Marg Mix Liter,070491212725,0,0.0,1,12,1.42,17.0
Roseville,Johnson Brothers - St. Paul,Master of Mixes Margarita Salt 8oz,070491522923,0,0.0,1,12,1.33,16.0
Roseville,Johnson Brothers - St. Paul,Master of Mixes Simple Syrup 375ml,070491352070,7,3.3,1,12,2.67,32.0
Roseville,Joseph Zimmerley,Perfect Press Margarita Cocktail Mix,860000597524,2,1.0,7,7,17.15,120.0
Roseville,"M Amundson, LLP",Camel Blue Box,01230739,4,1.3,1,10,12.86,129.0
Roseville,"M Amundson, LLP",Marlboro Silver 100s,02847829,8,1.3,2,20,12.53,251.0
Roseville,"M Amundson, LLP",Marlboro Silver,02847722,8,3.1,1,10,12.54,125.0
Roseville,"M Amundson, LLP",Marlboro 100s,02836328,13,3.7,1,10,12.55,125.0
Roseville,"M Amundson, LLP",Bic Colored Lighter,070330600065,20,3.9,1,50,1.14,57.0
Roseville,Pepsi-Cola,Pepsi Diet 12oz can,01205008,-1,-4.3,1,1,17.95,18.0
Roseville,Pepsi-Cola,Schweppes Club Soda 6pk 8oz,078000032420,-1,-4.3,1,4,4.39,18.0
Roseville,Pepsi-Cola,Mug Root Beer 2L,012000009358,-1,-4.3,1,8,0.0,0.0
Roseville,Pepsi-Cola,Pepsi Zero Sugar 20oz,012000018800,-3,-4.3,1,24,1.71,41.0
Roseville,Pepsi-Cola,MTN Dew Baja Blast 20oz btl,012000130274,-1,-4.3,1,24,1.68,40.0
Roseville,Pepsi-Cola,Mtn Dew Baja Cabo Citrus 20oz can,012000240751,-1,-4.3,1,24,1.71,41.0
Roseville,Pepsi-Cola,Gatorade Lemon Lime 20oz,052000328684,-2,-1.4,1,24,1.66,40.0
Roseville,Pepsi-Cola,Starry Zero 10pk 8oz can,012000222405,-1,-1.1,2,6,5.13,31.0
Roseville,Pepsi-Cola,Schweppes Tonic 6pk 8oz can,078000032413,-2,-1.0,3,12,3.82,46.0
Roseville,Pepsi-Cola,Dr. Pepper 2L,078000082463,0,0.0,1,8,2.28,18.0
Roseville,Pepsi-Cola,Pepsi Diet 2L,012000171765,0,0.0,1,8,2.45,20.0
Roseville,Pepsi-Cola,Gatorlyte Glacier Freeze 20oz btl,052000054996,0,0.0,1,12,1.84,22.0
Roseville,Pepsi-Cola,Gatorade Gatorlyte Strawberry Kiwi 20oz,052000047912,0,0.0,1,12,1.83,22.0
Roseville,Pepsi-Cola,Gatorade Orange 20oz,052000328677,0,0.0,1,24,1.81,43.0
Roseville,Pepsi-Cola,Schweppes Diet Tonic 6pk 8oz,078000032635,1,0.4,3,12,3.9,47.0
Roseville,Pepsi-Cola,Schweppes Tonic Liter,078000218459,1,1.1,1,15,1.37,20.0
Roseville,Pepsi-Cola,Gatorade Cool Blue 20oz,052000324815,1,1.1,1,24,1.83,44.0
Roseville,Pepsi-Cola,Gatorade Fruit Punch 20oz,052000328660,1,1.4,1,24,1.7,41.0
Roseville,Pepsi-Cola,Pepsi Diet Original 20oz,012000171741,4,2.9,1,24,1.71,41.0
Roseville,Pepsi-Cola,Aquafina Water 20oz,01215908,14,3.0,1,24,1.27,31.0
Roseville,Pepsi-Cola,Gatorlyte Lemon Lime 20oz,052000052862,8,3.8,1,12,1.84,22.0
Roseville,Phillips Wine & Spirits - St. Paul,Gosling's Ginger Beer 6pk 12oz can,721094199707,0,0.0,1,4,4.31,17.0
Roseville,Phillips Wine & Spirits - St. Paul,Zing Zang Margarita Mix 1.75L,616003615167,0,0.0,1,6,6.56,39.0
Roseville,Phillips Wine & Spirits - St. Paul,Zing Zang Bloody Mary 1.75L,616003708777,0,0.0,1,6,5.89,35.0
Roseville,Phillips Wine & Spirits - St. Paul,Filthy Foods Paloma Mix 32oz,850044156085,0,0.0,1,8,6.66,53.0
Roseville,Phillips Wine & Spirits - St. Paul,Tres Agaves Spicy Margarita Mix Liter,196383008648,0,0.0,1,12,5.87,70.0
Roseville,Phillips Wine & Spirits - St. Paul,Filthy Black Cherries 11oz,899682002873,0,0.0,1,12,11.86,142.0
Roseville,Phillips Wine & Spirits - St. Paul,Zing Zang Bloody Mary Mix 32oz,616003814225,0,0.0,1,12,3.67,44.0
Roseville,Phillips Wine & Spirits - St. Paul,Zing Zang Bloody Mary Dill Pickles 32oz,616003616232,1,2.1,1,6,3.67,22.0
Roseville,Phillips Wine & Spirits - St. Paul,Zing Zang Sweet & Sour 32oz,616003112161,2,2.1,1,6,3.67,22.0
Roseville,Phillips Wine & Spirits - St. Paul,Tres Agaves Margarita Mix Liter,854125003039,9,2.6,1,12,5.87,70.0
Roseville,Phillips Wine & Spirits - St. Paul,Filthy Olive Brine 8oz,899682002286,8,3.1,1,12,3.57,43.0
Roseville,Red Bull Distribution Company,Red Bull Sugar Free 12oz can,611269716467,1,0.2,1,24,2.28,55.0
Roseville,Red Bull Distribution Company,Red Bull Sugar Free 8oz can,611269101713,3,1.0,1,24,1.76,42.0
Roseville,Red Bull Distribution Company,Red Bull Energy Drink 12oz can,611269818994,4,1.9,1,24,2.28,55.0
Roseville,Southern Glazer's Wine & Spirits of MN,Angostura Aromatic Bitters 6.7oz,075496002005,0,0.0,1,12,14.16,170.0
Roseville,Southern Glazer's Wine & Spirits of MN,Angostura Aromatic Bitters 4oz,075496000407,8,3.4,1,48,8.74,420.0
Roseville,"True Brands, Inc.",Fizz: Chrome Champagne Stopper,876718005329,1,2.1,1,12,2.64,32.0
Roseville,"True Brands, Inc.",Bamboo: Appetizer Picks,876718006395,3,2.1,1,12,1.22,15.0
Roseville,"True Brands, Inc.",2 oz plastic shot glasses,842094181766,4,2.9,1,12,4.16,50.0
Roseville,,Non-Refundable Transaction,NON-REFUNDABLE,-169,-362.1,2,2,0.0,0.0
Roseville,,Pepsi 12oz can,01201303,-4,-4.3,4,4,0.0,0.0
Roseville,,Tip Item,TIP,0,0.0,10,10,0.0,0.0
Roseville,,MN Ice Cylinder,865839000221,0,0.0,1,1,5.49,5.0
Roseville,,Charm Social Tonic Lemon Ginger 12oz can,400000025568,0,0.0,5,5,2.42,12.0
Roseville,,MN Ice Rock,865839000238,0,0.0,4,4,5.49,22.0
Roseville,,MN Ice Big Bag,865839000245,12,0.4,118,118,3.43,404.0
Roseville,,Marlboro Gold,02838423,6,1.4,12,12,12.53,150.0
Roseville,,Fever Tree Blood Orange Ginger Beer 4pk 6.7oz btl,812136031816,3,1.6,5,5,3.69,18.0
Roseville,,American Spirits Full Flavor Blue,047995855086,9,1.8,11,11,13.97,154.0
Roseville,,Parliament Lights,02878421,6,3.7,1,1,14.07,14.0
Roseville,,MN Ice Small Bag,865839000252,191,3.7,18,18,1.25,23.0
St. Louis Park,Bellboy Corporation,Roses Sweetened Lime Juice 12oz,01667135,0,0.0,2,12,3.73,45.0
St. Louis Park,Bellboy Corporation,Clamato Tomato Cocktail 64oz,014800516470,0,0.0,1,8,6.0,48.0
St. Louis Park,Bellboy Corporation,ReaLime 5oz,041409000062,6,1.1,1,24,0.99,24.0
St. Louis Park,Bellboy Corporation,Ocean Spray Cranberry Juice,031200200006,6,1.8,1,12,2.92,35.0
St. Louis Park,Bellboy Corporation,ReaLemon 5oz,014800582178,2,2.1,1,24,0.97,23.0
St. Louis Park,Bellboy Corporation,Twang Beer Salt 1.4oz,023604231014,8,3.4,1,24,1.6,38.0
St. Louis Park,Bellboy Corporation,Luxardo Maraschino Cherries 12oz,187229127289,9,3.9,1,12,12.93,155.0
St. Louis Park,"Breakthru Beverage Minnesota Beer, LLC",Fever Tree Distillers Cola 4pk 6.7oz btl,812136030994,1,2.1,1,6,3.83,23.0
St. Louis Park,"Breakthru Beverage Minnesota Beer, LLC",Fever Tree Ginger Ale 8pk 5oz can,812136030208,5,3.6,1,3,5.75,17.0
St. Louis Park,"Capitol Beverage Sales, L.P.",Mr Pure Ruby Red Grapefruit Juice 32oz,072718100075,0,0.0,1,12,2.55,31.0
St. Louis Park,"Capitol Beverage Sales, L.P.",Polar Club Soda Liter,071537020045,34,2.6,2,24,0.85,20.0
St. Louis Park,"Capitol Beverage Sales, L.P.",Polar Diet Tonic Water Liter,071537020694,24,4.0,1,12,0.8,10.0
St. Louis Park,Great Lakes Coca-Cola Distribution,Coke 12pk 12oz can,049000028904,0,0.0,7,14,9.65,135.0
St. Louis Park,Great Lakes Coca-Cola Distribution,Fresca 2L,049000050288,0,0.0,1,8,3.21,26.0
St. Louis Park,Great Lakes Coca-Cola Distribution,Seagrams Ginger Ale 2L,072979004181,0,0.0,1,8,3.2,26.0
St. Louis Park,Great Lakes Coca-Cola Distribution,Sprite 2L,049000050158,0,0.0,2,16,3.21,51.0
St. Louis Park,Great Lakes Coca-Cola Distribution,Coke Diet 2L,049000050110,0,0.0,2,16,3.21,51.0
St. Louis Park,Great Lakes Coca-Cola Distribution,Coke Diet 12pk 12oz can,049000028911,1,0.5,4,8,9.62,77.0
St. Louis Park,Great Lakes Coca-Cola Distribution,Minute Maid Lemonade 2L,025000053818,1,0.6,1,8,3.21,26.0
St. Louis Park,Great Lakes Coca-Cola Distribution,Coke 20oz,04904403,4,0.6,1,24,2.08,50.0
St. Louis Park,Great Lakes Coca-Cola Distribution,Sprite 20oz,04976400,17,1.8,1,24,2.09,50.0
St. Louis Park,Great Lakes Coca-Cola Distribution,Sprite Diet Zero 2L,049000050172,7,2.5,1,8,3.21,26.0
St. Louis Park,Great Lakes Coca-Cola Distribution,Coke Diet 20oz,049000000450,18,3.2,1,24,2.07,50.0
St. Louis Park,Johnson Brothers - St. Paul,Finest Call Sweet & Sour Liter,070491801950,0,0.0,1,12,4.0,48.0
St. Louis Park,"M Amundson, LLP",Marlboro 100s,02836328,0,0.0,1,10,12.55,125.0
St. Louis Park,"M Amundson, LLP",Marlboro,02835727,6,1.8,1,10,12.53,125.0
St. Louis Park,Pepsi-Cola,Gatorade Gatorlyte Cherry Lime 20oz,052000049008,-1,-0.3,2,24,1.84,44.0
St. Louis Park,Pepsi-Cola,Pepsi Diet Original 12pk 12oz can,012000171864,0,0.0,1,2,9.59,19.0
St. Louis Park,Pepsi-Cola,Orange Crush 10pk 8oz can,078000031461,0,0.0,1,3,4.37,13.0
St. Louis Park,Pepsi-Cola,Starry Lemon Lime 10pk 8oz can,012000221460,0,0.0,1,3,5.93,18.0
St. Louis Park,Pepsi-Cola,Schweppes Tonic 6pk 8oz can,078000032413,0,0.0,2,8,3.82,31.0
St. Louis Park,Pepsi-Cola,Schweppes Club Soda 6pk 8oz,078000032420,0,0.0,2,8,4.39,35.0
St. Louis Park,Pepsi-Cola,Gatorade Gatorlyte Watermelon 20oz,052000050622,0,0.0,1,12,1.84,22.0
St. Louis Park,Pepsi-Cola,Gatorlyte Glacier Freeze 20oz btl,052000054996,0,0.0,2,24,1.84,44.0
St. Louis Park,Pepsi-Cola,Gatorlyte Lemon Lime 20oz,052000052862,1,0.2,2,24,1.84,44.0
St. Louis Park,Pepsi-Cola,Gatorade Cool Blue 20oz,052000324815,1,0.2,2,48,1.83,88.0
St. Louis Park,Pepsi-Cola,Schweppes Club Soda Liter,078000203455,16,0.9,4,60,1.35,81.0
St. Louis Park,Pepsi-Cola,MTN Dew 20oz btl,012000001314,7,1.0,1,24,1.71,41.0
St. Louis Park,Pepsi-Cola,Schweppes Diet Tonic Liter,078000219456,15,1.2,3,45,1.36,61.0
St. Louis Park,Pepsi-Cola,Schweppes Diet Tonic 6pk 8oz,078000032635,2,1.4,1,4,3.9,16.0
St. Louis Park,Pepsi-Cola,Schweppes Tonic Liter,078000218459,10,1.4,2,30,1.37,41.0
St. Louis Park,Pepsi-Cola,Gatorlyte Zero Fruit Punch 20oz,052000055009,3,1.6,1,12,1.82,22.0
St. Louis Park,Pepsi-Cola,Pepsi Diet 2L,012000171765,3,1.8,1,8,2.45,20.0
St. Louis Park,Pepsi-Cola,Celsius Kiwi Guava 12oz can,889392010145,8,3.1,1,12,1.74,21.0
St. Louis Park,Pepsi-Cola,Celsius Peach Vibe 12oz can,889392010190,6,3.2,1,12,1.74,21.0
St. Louis Park,Phillips Wine & Spirits - St. Paul,Watkins Aromatic Bitters 11oz,813724025415,0,0.0,1,6,10.68,64.0
St. Louis Park,Phillips Wine & Spirits - St. Paul,Zing Zang Sweet & Sour 32oz,616003112161,0,0.0,1,6,3.67,22.0
St. Louis Park,Phillips Wine & Spirits - St. Paul,Tres Agaves Margarita Mix Liter,854125003039,3,0.7,2,24,5.87,141.0
St. Louis Park,Phillips Wine & Spirits - St. Paul,Zing Zang Margarita Mix 1.75L,616003615167,1,1.4,1,6,6.56,39.0
St. Louis Park,Phillips Wine & Spirits - St. Paul,Cock n Bull Ginger Beer 4pk 12oz btl,072924012131,1,2.1,1,6,4.17,25.0
St. Louis Park,Phillips Wine & Spirits - St. Paul,Gosling's Diet Ginger Beer 6pk 12oz can,721094199752,3,2.6,1,4,4.37,17.0
St. Louis Park,Phillips Wine & Spirits - St. Paul,Gosling's Ginger Beer 6pk 12oz can,721094199707,3,3.2,1,4,4.31,17.0
St. Louis Park,Red Bull Distribution Company,Red Bull Sugar Free 8oz can,611269101713,12,2.2,1,24,1.76,42.0
St. Louis Park,Red Bull Distribution Company,Red Bull Energy Drink 12oz can,611269818994,26,2.9,1,24,2.28,55.0
St. Louis Park,"Vinocopia, Inc",Gosling's Ginger Beer 12pk,721094199844,0,0.0,2,4,12.0,48.0
St. Louis Park,,Non-Refundable Transaction,NON-REFUNDABLE,-195,-835.7,1,1,0.0,0.0
St. Louis Park,,MN Ice Small Bag,865839000252,-23,-0.3,322,322,1.25,403.0
St. Louis Park,,MN Ice Big Bag,865839000245,-9,-0.2,149,149,3.43,510.0
St. Louis Park,,Tip Item,TIP,0,0.0,34,34,0.0,0.0
St. Louis Park,,Kodiak Wintergreen Long Cut,04229412,0,0.0,2,2,11.69,23.0
St. Louis Park,,Grizzly Wintergreen Pouches,04254311,0,0.0,3,3,9.57,29.0
St. Louis Park,,Charm Social Tonic Lemon Ginger 12oz can,400000025568,0,0.0,8,8,2.42,19.0
St. Louis Park,,MN Ice Shard,865839000276,0,0.0,10,10,5.7,57.0
St. Louis Park,,Newport  100,02657318,1,0.4,10,10,13.4,134.0
St. Louis Park,,Camel Crush Blue,012300197410,1,0.5,8,8,12.87,103.0
St. Louis Park,,Grizzly Wintergreen Long Cut,04287115,1,1.1,3,3,9.57,29.0
St. Louis Park,,American Spirit Organic-Turquoise,047995855246,4,2.4,3,3,14.45,43.0
St. Louis Park,,MN Ice Rock,865839000238,5,2.4,4,4,5.49,22.0
Stillwater,Bellboy Corporation,SBOC Pitted Green Olives 4oz,089156801082,0,0.0,1,6,3.17,19.0
Stillwater,Bellboy Corporation,Rokz Jalapeno Salt 4oz,855439000653,0,0.0,1,6,3.79,23.0
Stillwater,Bellboy Corporation,SBOC Pimento Stuffed 5oz,089156001130,0,0.0,1,6,3.6,22.0
Stillwater,Bellboy Corporation,Rokz Lime Margarita Salt 4oz,855439000691,0,0.0,1,6,3.79,23.0
Stillwater,Bellboy Corporation,Clamato Tomato Cocktail 64oz,014800516470,0,0.0,1,8,6.0,48.0
Stillwater,Bellboy Corporation,Clamato Tomato Cocktail 32oz,014800513240,0,0.0,1,12,3.81,46.0
Stillwater,Bellboy Corporation,The Royal Cherry 10oz,071943117131,1,1.4,1,6,3.12,19.0
Stillwater,Bellboy Corporation,SBOC Dirty Martini Mix 375ml,089156001314,1,1.4,1,12,3.1,37.0
Stillwater,Bellboy Corporation,ReaLime 5oz,041409000062,1,1.4,1,24,0.99,24.0
Stillwater,Bellboy Corporation,Brez Elevate Functional Beverage 4pk 12oz can,860013612757,2,2.9,1,6,9.98,60.0
Stillwater,"Breakthru Beverage Minnesota Wine & Spirits, LLC",Mr & Mrs T Bold & Spicy 1.75L,070655910030,0,0.0,1,6,7.5,45.0
Stillwater,"Breakthru Beverage Minnesota Wine & Spirits, LLC",Kickled Mary Bloody Mary Mix 32oz,682131860038,3,2.6,1,12,7.36,88.0
Stillwater,Great Lakes Coca-Cola Distribution,Coke Cherry Diet 12pk 12oz can,049000031041,0,0.0,2,4,9.65,39.0
Stillwater,Great Lakes Coca-Cola Distribution,Sprite Diet Zero 2L,049000050172,0,0.0,1,8,3.21,26.0
Stillwater,Great Lakes Coca-Cola Distribution,Coke Diet 2L,049000050110,0,0.0,1,8,3.21,26.0
Stillwater,Great Lakes Coca-Cola Distribution,Coke 2L,049000050103,0,0.0,1,8,3.21,26.0
Stillwater,Great Lakes Coca-Cola Distribution,Sprite 2L,049000050158,0,0.0,1,8,3.21,26.0
Stillwater,Great Lakes Coca-Cola Distribution,Sprite 20oz,04976400,1,0.5,1,24,2.09,50.0
Stillwater,Pepsi-Cola,Gatorlyte Lime Cucumber 20oz,052000052879,-2,-1.7,1,12,1.38,17.0
Stillwater,Pepsi-Cola,Gatorade Galcier Freeze 28oz,052000135190,0,0.0,1,15,0.42,6.0
Stillwater,Pepsi-Cola,MTN Dew 20oz btl,012000001314,0,0.0,1,24,1.71,41.0
Stillwater,Pepsi-Cola,Schweppes Tonic Liter,078000218459,2,0.4,2,30,1.37,41.0
Stillwater,Pepsi-Cola,Aquafina Water Liter,012000001574,9,2.8,1,15,1.5,23.0
Stillwater,Phillips Wine & Spirits - St. Paul,Gosling's Ginger Beer 6pk 12oz can,721094199707,0,0.0,1,4,4.31,17.0
Stillwater,Phillips Wine & Spirits - St. Paul,Tres Agaves Strawberry Mix Liter,854125003220,0,0.0,1,12,5.53,66.0
Stillwater,Phillips Wine & Spirits - St. Paul,Tres Agaves Margarita Mix Liter,854125003039,1,0.4,1,12,5.87,70.0
Stillwater,Phillips Wine & Spirits - St. Paul,Gosling's Diet Ginger Beer 6pk 12oz can,721094199752,1,1.4,1,4,4.37,17.0
Stillwater,Phillips Wine & Spirits - St. Paul,Zing Zang Bloody Mary 1.75L,616003708777,1,1.4,1,6,5.89,35.0
Stillwater,Phillips Wine & Spirits - St. Paul,Cock n Bull Ginger Beer 4pk 12oz btl,072924012131,2,2.1,1,6,4.17,25.0
Stillwater,Red Bull Distribution Company,Red Bull Energy Drink 4pk 8oz can,611269108026,0,0.0,1,6,7.0,42.0
Stillwater,Red Bull Distribution Company,Red Bull Energy Drink 8oz can,611269991000,0,0.0,1,24,1.75,42.0
Stillwater,Red Bull Distribution Company,Red Bull Energy Drink 12oz can,611269818994,11,2.9,1,24,2.28,55.0
Stillwater,Southern Glazer's Wine & Spirits of MN,Angostura Orange Bitters 4oz,075496331143,1,2.1,1,12,9.0,108.0
Stillwater,,Non-Refundable Transaction,NON-REFUNDABLE,-46,-49.3,4,4,0.0,0.0
Stillwater,,MN Ice Big Bag,865839000245,-8,-0.4,84,84,3.43,288.0
Stillwater,,MN Ice Small Bag,865839000252,-3,-0.1,145,145,1.25,181.0
Stillwater,,Tip Item,TIP,0,0.0,3,3,0.0,0.0
Stillwater,,Fever Tree Blood Orange Ginger Beer 4pk 6.7oz btl,812136031816,0,0.0,1,1,3.69,4.0
Stillwater,,Charm Social Tonic Lemon Ginger 12oz can,400000025568,0,0.0,3,3,2.42,7.0
Stillwater,,American Spirits Full Flavor Blue,047995855086,1,0.7,5,5,13.97,70.0
Stillwater,,Camel Crush Blue,012300197410,3,2.1,3,3,12.87,39.0
Vadnais Heights,Am Craft Spirits,Cry Baby Craig's Hot Sauce 5oz,714439500276,0,0.0,1,12,4.27,51.0
Vadnais Heights,Bellboy Corporation,The Royal Cherry 10oz,071943117131,0,0.0,1,6,3.12,19.0
Vadnais Heights,Bellboy Corporation,Rokz Lime Margarita Salt 4oz,855439000691,0,0.0,1,6,3.79,23.0
Vadnais Heights,Bellboy Corporation,Dole Pineapple Juice 46oz,038900008086,0,0.0,1,12,4.37,52.0
Vadnais Heights,Bellboy Corporation,SBOC Dirty Martini Mix 375ml,089156001314,0,0.0,1,12,3.1,37.0
Vadnais Heights,Bellboy Corporation,ReaLime 5oz,041409000062,2,0.4,1,24,0.99,24.0
Vadnais Heights,Bellboy Corporation,Roses Grenadine 12oz,01667436,1,0.9,1,6,3.73,22.0
Vadnais Heights,Bellboy Corporation,Clamato Tomato Cocktail 64oz,014800516470,1,0.9,1,8,6.0,48.0
Vadnais Heights,Bellboy Corporation,Ocean Spray Orange Juice 32oz,031200007360,2,1.2,1,12,3.53,42.0
Vadnais Heights,Bellboy Corporation,Roses Sweetened Lime Juice 12oz,01667135,1,1.4,1,6,3.73,22.0
Vadnais Heights,"Breakthru Beverage Minnesota Wine & Spirits, LLC",Barritt's Ginger Beer 6pk 12oz can,074993024770,0,0.0,1,4,6.0,24.0
Vadnais Heights,"Capitol Beverage Sales, L.P.",Polar Club Soda Liter,071537020045,4,1.1,1,12,0.85,10.0
Vadnais Heights,"Capitol Beverage Sales, L.P.",Mr Pure Pineapple Juice 32oz,072718100631,1,1.4,1,12,2.61,31.0
Vadnais Heights,Great Lakes Coca-Cola Distribution,Sprite Diet Zero 2L,049000050172,0,0.0,1,8,3.21,26.0
Vadnais Heights,Great Lakes Coca-Cola Distribution,Monster Energy 16oz can,070847811169,0,0.0,1,24,2.04,49.0
Vadnais Heights,Great Lakes Coca-Cola Distribution,Coke 12pk 12oz can,049000028904,1,0.6,3,6,9.65,58.0
Vadnais Heights,Great Lakes Coca-Cola Distribution,Coke Diet 2L,049000050110,2,0.7,2,16,3.21,51.0
Vadnais Heights,Great Lakes Coca-Cola Distribution,Sprite 12pk 12oz can,049000028928,2,1.2,3,6,9.64,58.0
Vadnais Heights,Great Lakes Coca-Cola Distribution,Coke 20oz,04904403,8,2.0,1,24,2.08,50.0
Vadnais Heights,Great Lakes Coca-Cola Distribution,Fresca 2L,049000050288,1,2.1,1,8,3.21,26.0
Vadnais Heights,Great Lakes Coca-Cola Distribution,Coke 2L,049000050103,6,2.3,1,8,3.21,26.0
Vadnais Heights,Great Lakes Coca-Cola Distribution,Sprite Zero 20oz,049000037197,7,2.5,1,24,1.92,46.0
Vadnais Heights,Great Lakes Coca-Cola Distribution,Coke Cherry 2L,049000050165,3,2.6,1,8,3.16,25.0
Vadnais Heights,Great Lakes Coca-Cola Distribution,Coke Diet 20oz,049000000450,7,3.3,1,24,2.07,50.0
Vadnais Heights,Johnson Brothers - St. Paul,Jose Cuervo Margarita Mix 1.75L,811538011150,0,0.0,1,6,4.7,28.0
Vadnais Heights,Johnson Brothers - St. Paul,Master of Mixes Marg Mix Liter,070491212725,1,0.9,1,12,1.42,17.0
Vadnais Heights,Johnson Brothers - St. Paul,Jose Cuervo Light Marg. Mix 1.75L,811538011181,2,1.1,1,6,6.17,37.0
Vadnais Heights,Johnson Brothers - St. Paul,Finest Call Sweet & Sour Liter,070491801950,1,1.1,1,12,4.0,48.0
Vadnais Heights,Johnson Brothers - St. Paul,Master of Mixes Simple Syrup 375ml,070491352070,5,1.4,1,12,2.67,32.0
Vadnais Heights,Johnson Brothers - St. Paul,Master of Mixes Old Fashioned Liter,070491213326,3,3.2,1,12,3.67,44.0
Vadnais Heights,"M Amundson, LLP",Cooler Large Styro 28 Quart,077071035491,2,2.9,1,12,5.28,63.0
Vadnais Heights,Pepsi-Cola,Pepsi 10pk 8oz can,012000173226,0,0.0,1,3,5.81,17.0
Vadnais Heights,Pepsi-Cola,Diet Dr Pepper 2L,078000083460,0,0.0,1,8,2.43,19.0
Vadnais Heights,Pepsi-Cola,Pepsi Diet 2L,012000171765,0,0.0,1,8,2.45,20.0
Vadnais Heights,Pepsi-Cola,Gatorade Gatorlyte Cherry Lime 20oz,052000049008,0,0.0,1,12,1.84,22.0
Vadnais Heights,Pepsi-Cola,Gatorlyte Lemon Lime 20oz,052000052862,0,0.0,1,12,1.84,22.0
Vadnais Heights,Pepsi-Cola,Dr. Pepper 2L,078000082463,4,1.9,1,8,2.28,18.0
Vadnais Heights,Phillips Wine & Spirits - St. Paul,Zing Zang Bloody Mary 6pk 8oz can,616003737555,0,0.0,1,4,6.51,26.0
Vadnais Heights,Phillips Wine & Spirits - St. Paul,Gosling's Diet Ginger Beer 6pk 12oz can,721094199752,0,0.0,1,4,4.37,17.0
Vadnais Heights,Phillips Wine & Spirits - St. Paul,Zing Zang Bloody Mary 1.75L,616003708777,0,0.0,1,6,5.89,35.0
Vadnais Heights,Phillips Wine & Spirits - St. Paul,Owen's Transfusion Grape & Ginger Ale 250ml,860148002287,0,0.0,1,6,4.19,25.0
Vadnais Heights,Phillips Wine & Spirits - St. Paul,Cock n Bull Ginger Beer 4pk 12oz btl,072924012131,0,0.0,2,12,4.17,50.0
Vadnais Heights,Phillips Wine & Spirits - St. Paul,Tres Agaves Bloody Mary Mix Liter,854125003091,0,0.0,1,12,5.87,70.0
Vadnais Heights,Phillips Wine & Spirits - St. Paul,Filthy Olive Brine 8oz,899682002286,4,1.0,1,12,3.57,43.0
Vadnais Heights,Phillips Wine & Spirits - St. Paul,Tres Agaves Margarita Mix Liter,854125003039,5,2.1,1,12,5.87,70.0
Vadnais Heights,Southern Glazer's Wine & Spirits of MN,Angostura Orange Bitters 4oz,075496331143,1,2.1,1,12,9.0,108.0
Vadnais Heights,,Non-Refundable Transaction,NON-REFUNDABLE,-67,-287.1,1,1,0.0,0.0
Vadnais Heights,,MN Ice Big Bag,865839000245,-39,-1.1,140,140,3.43,480.0
Vadnais Heights,,MN Ice Small Bag,865839000252,-6,-0.1,189,189,1.25,236.0
Vadnais Heights,,Tip Item,TIP,0,0.0,17,17,0.0,0.0
Vadnais Heights,,Charm Social Tonic Lemon Ginger 12oz can,400000025568,0,0.0,1,1,2.42,2.0
Woodbury,Bellboy Corporation,SBOC Blue Cheese Stuffed 5oz,089156001369,0,0.0,1,6,4.27,26.0
Woodbury,Bellboy Corporation,SBOC Pickled Asparagus 16oz,089156810046,0,0.0,1,6,7.8,47.0
Woodbury,Bellboy Corporation,Brez Flow Fuctional Beverage 4pk 12oz can,197644523061,0,0.0,1,6,9.98,60.0
Woodbury,Bellboy Corporation,Rokz Jalapeno Salt 4oz,855439000653,0,0.0,1,6,3.79,23.0
Woodbury,Bellboy Corporation,Rokz Bloody Mary Salt 4oz,855439000738,0,0.0,1,6,3.79,23.0
Woodbury,Bellboy Corporation,Mr & Mrs T Bloody Mary Liter,070655901304,0,0.0,1,6,4.58,27.0
Woodbury,Bellboy Corporation,SBOC Pimento Stuffed 5oz,089156001130,0,0.0,1,6,3.6,22.0
Woodbury,Bellboy Corporation,SBOC Pitted Green Olives 4oz,089156801082,0,0.0,1,6,3.17,19.0
Woodbury,Bellboy Corporation,Roses Grenadine 12oz,01667436,0,0.0,1,6,3.73,22.0
Woodbury,Bellboy Corporation,The Royal Cherry 10oz,071943117131,0,0.0,2,12,3.12,37.0
Woodbury,Bellboy Corporation,Dole Pineapple Juice 46oz,038900008086,0,0.0,1,12,4.37,52.0
Woodbury,Bellboy Corporation,Spooky Margarita Mix 32oz,859579004052,0,0.0,1,12,4.28,51.0
Woodbury,Bellboy Corporation,Ocean Spray Orange Juice 32oz,031200007360,1,0.4,1,12,3.53,42.0
Woodbury,Bellboy Corporation,Clamato Tomato Cocktail 64oz,014800516470,2,1.1,1,8,6.0,48.0
Woodbury,Bellboy Corporation,SBOC Garlic Olives 5oz,089156801280,1,1.4,1,6,4.27,26.0
Woodbury,Bellboy Corporation,Roses Grenadine 25oz,016600001040,1,1.4,1,12,5.82,70.0
Woodbury,Bellboy Corporation,Jose Cuervo  Margarita Salt 6oz,076381123454,3,1.6,1,12,2.23,27.0
Woodbury,Bellboy Corporation,ReaLime 5oz,041409000062,6,2.0,1,24,0.99,24.0
Woodbury,"Breakthru Beverage Minnesota Wine & Spirits, LLC",Mr & Mrs T Bloody Mary 1.75L,070655910016,-1,-4.3,1,6,7.5,45.0
Woodbury,"Capitol Beverage Sales, L.P.",Polar Lime Tonic Water Liter,071537020366,0,0.0,2,24,0.75,18.0
Woodbury,"Capitol Beverage Sales, L.P.",Polar Tonic Water Liter,071537020120,5,1.6,1,12,0.76,9.0
Woodbury,Great Lakes Coca-Cola Distribution,Bang Purple Haze,610764826176,0,0.0,5,60,1.54,93.0
Woodbury,Great Lakes Coca-Cola Distribution,"Monster Ultra Red, White & Blue 16oz can",070847900269,0,0.0,1,24,1.75,42.0
Woodbury,Great Lakes Coca-Cola Distribution,Sprite Diet Zero 2L,049000050172,1,0.3,2,16,3.21,51.0
Woodbury,Great Lakes Coca-Cola Distribution,Monster Ultra Punk Punch 16oz can,070847899617,1,0.5,1,24,2.05,49.0
Woodbury,Great Lakes Coca-Cola Distribution,Coke Zero 2L,049000050141,4,1.7,1,8,3.21,26.0
Woodbury,Great Lakes Coca-Cola Distribution,Monster Energy 16oz can,070847811169,7,3.0,1,24,2.04,49.0
Woodbury,Great Lakes Coca-Cola Distribution,Minute Maid Lemonade 20oz,025000058011,10,3.1,1,24,2.09,50.0
Woodbury,Great Lakes Coca-Cola Distribution,Sprite 2L,049000050158,8,3.4,1,8,3.21,26.0
Woodbury,Great Lakes Coca-Cola Distribution,Dasani 20oz,04997704,17,3.8,1,24,1.29,31.0
Woodbury,Johnson Brothers - St. Paul,Jose Cuervo Margarita Mix 1.75L,811538011150,0,0.0,1,6,4.7,28.0
Woodbury,Johnson Brothers - St. Paul,Jose Cuervo Light Marg. Mix 1.75L,811538011181,0,0.0,1,6,6.17,37.0
Woodbury,Johnson Brothers - St. Paul,Master of Mixes Simple Syrup 375ml,070491352070,11,2.6,1,12,2.67,32.0
Woodbury,Joseph Zimmerley,Perfect Press Jalapeno Margarita Cocktail Mix,860000597531,6,2.6,4,4,17.21,69.0
Woodbury,Joseph Zimmerley,Bootleg Cocktail Mix,860000597500,10,2.9,4,4,17.24,69.0
Woodbury,"M Amundson, LLP",Marlboro Silver,02847722,0,0.0,2,20,12.54,251.0
Woodbury,"M Amundson, LLP",Cooler Large Styro 28 Quart,077071035491,0,0.0,1,12,5.28,63.0
Woodbury,"M Amundson, LLP",Zyn Peppermint 6mg,609249901033,4,3.4,1,5,8.41,42.0
Woodbury,Pepsi-Cola,Schweppes Tonic 6pk 8oz can,078000032413,0,0.0,3,12,3.82,46.0
Woodbury,Pepsi-Cola,Gatorade Gatorlyte Strawberry Kiwi 20oz,052000047912,0,0.0,1,12,1.83,22.0
Woodbury,Pepsi-Cola,Gatorlyte Lemon Lime 20oz,052000052862,0,0.0,3,36,1.84,66.0
Woodbury,Pepsi-Cola,Gatorade Lemon Lime 20oz,052000328684,0,0.0,1,24,1.66,40.0
Woodbury,Pepsi-Cola,MTN Dew 20oz btl,012000001314,2,0.4,1,24,1.71,41.0
Woodbury,Pepsi-Cola,Schweppes Club Soda 6pk 8oz,078000032420,1,0.5,2,8,4.39,35.0
Woodbury,Pepsi-Cola,Schweppes Diet Tonic Liter,078000219456,10,1.0,3,45,1.36,61.0
Woodbury,Pepsi-Cola,Starry Caffeine Free Lemon Lime 20oz,012000221514,5,1.4,1,24,1.4,34.0
Woodbury,Pepsi-Cola,Schweppes Tonic Liter,078000218459,16,1.8,2,30,1.37,41.0
Woodbury,Pepsi-Cola,Gatorade Gatorlyte Mixed Berry 20oz btl,052000050820,13,2.3,1,12,1.83,22.0
Woodbury,Pepsi-Cola,Schweppes Diet Tonic 6pk 8oz,078000032635,3,2.6,1,4,3.9,16.0
Woodbury,Pepsi-Cola,MTN Dew Diet 20oz btl,012000001345,15,3.4,1,24,1.71,41.0
Woodbury,Phillips Wine & Spirits - St. Paul,Gosling's Ginger Beer 6pk 12oz can,721094199707,0,0.0,1,4,4.31,17.0
Woodbury,Phillips Wine & Spirits - St. Paul,Gosling's Diet Ginger Beer 6pk 12oz can,721094199752,0,0.0,1,4,4.37,17.0
Woodbury,Phillips Wine & Spirits - St. Paul,Zing Zang Sweet & Sour 32oz,616003112161,0,0.0,1,6,3.67,22.0
Woodbury,Phillips Wine & Spirits - St. Paul,Zing Zang Margarita Mix 1.75L,616003615167,0,0.0,1,6,6.56,39.0
Woodbury,Phillips Wine & Spirits - St. Paul,Zing Zang Bloody Mary Dill Pickles 32oz,616003616232,0,0.0,1,6,3.67,22.0
Woodbury,Phillips Wine & Spirits - St. Paul,Zing Zang Bloody Mary 1.75L,616003708777,0,0.0,1,6,5.89,35.0
Woodbury,Phillips Wine & Spirits - St. Paul,Tres Agaves Margarita Mix Liter,854125003039,1,0.5,1,12,5.87,70.0
Woodbury,Phillips Wine & Spirits - St. Paul,Filthy Olive Brine 8oz,899682002286,3,0.5,2,24,3.57,86.0
Woodbury,Phillips Wine & Spirits - St. Paul,Cock n Bull Light Ginger Beer 4pk 12oz btl,072924112046,1,0.9,1,6,4.17,25.0
Woodbury,Phillips Wine & Spirits - St. Paul,Zing Zang Margarita Mix 32oz,616003945219,2,2.1,1,12,3.84,46.0
Woodbury,Phillips Wine & Spirits - St. Paul,Tres Agaves Strawberry Mix Liter,854125003220,2,2.1,1,12,5.53,66.0
Woodbury,Red Bull Distribution Company,Red Bull Sugar Free 8oz can,611269101713,24,3.4,1,24,1.76,42.0
Woodbury,"True Brands, Inc.",Bamboo: Appetizer Picks,876718006395,2,2.9,1,12,1.22,15.0
Woodbury,,Non-Refundable Transaction,NON-REFUNDABLE,-126,-180.0,3,3,0.0,0.0
Woodbury,,MN Ice Cylinder,865839000221,-1,-1.4,3,3,5.49,16.0
Woodbury,,MN Ice Big Bag,865839000245,-24,-0.6,159,159,3.43,545.0
Woodbury,,MN Ice Small Bag,865839000252,-31,-0.5,229,229,1.25,286.0
Woodbury,,Tip Item,TIP,0,0.0,14,14,0.0,0.0
Woodbury,,Kolder Can Cooler,086867000063,0,0.0,2,2,1.6,3.0
Woodbury,,Winston Red,09055730,0,0.0,3,3,12.45,37.0
Woodbury,,MN Ice Sphere,865839000283,0,0.0,4,4,6.25,25.0
Woodbury,,MN Ice Rock,865839000238,1,1.1,3,3,5.49,16.0
Woodbury,,MN Ice Shard,865839000276,3,3.2,1,1,5.7,6.0
Woodbury,,Marlboro Gold,02838423,28,3.2,7,7,12.53,88.0
