upc,store,cases,description,vendor
643459380028,Andover,6,Gigli Blood Orange Margarita 10mg THC 4pk 12oz can,Gigli
643459379916,Andover,5,Gigli Blood Orange Margarita 5mg THC 4pk 12oz can,Gigli
643459379992,Andover,6,Gigli Blueberry Lemonade 10mg THC 4pk 12oz can,Gigli
643459379947,Andover,5,Gigli Blueberry Lemonade 5mg THC 4pk 12oz can,Gigli
643459379305,Andover,5,Gigli Citrus Seltzer 10mg THC 4pk 12oz can,Gigli
643459380004,Andover,6,Gigli Extra Gigli Variety 10mg THC 4pk 12oz can,Gigli
198168611401,Andover,5,Gigli Iced Tea Lemonade 10mg THC 4pk 12oz can,Gigli
643459379541,Andover,4,Gigli Mango Seltzer 10mg THC 4pk 12oz can,Gigli
643459380035,Andover,5,Gigli Pineapple Mojito 10mg THC 4pk 12oz can,Gigli
643459379930,Andover,4,Gigli Pineapple Mojito 5mg THC 4pk 12oz can,Gigli
643459379954,Andover,6,Gigli Raspberry Ginger Mule 10mg THC 4pk 12oz can,Gigli
643459379961,Andover,4,Gigli Raspberry Ginger Mule 5mg THC 4pk 12oz can,Gigli
198168016879,Andover,6,Gigli Raspberry Tea 10mg THC 4pk 12oz can,Gigli
643459379909,Andover,4,Gigli Variety 5mg THC 4pk 12oz can,Gigli
643459380028,Blaine,6,Gigli Blood Orange Margarita 10mg THC 4pk 12oz can,Gigli
643459379916,Blaine,5,Gigli Blood Orange Margarita 5mg THC 4pk 12oz can,Gigli
643459379992,Blaine,6,Gigli Blueberry Lemonade 10mg THC 4pk 12oz can,Gigli
643459379947,Blaine,4,Gigli Blueberry Lemonade 5mg THC 4pk 12oz can,Gigli
643459379305,Blaine,5,Gigli Citrus Seltzer 10mg THC 4pk 12oz can,Gigli
643459380004,Blaine,6,Gigli Extra Gigli Variety 10mg THC 4pk 12oz can,Gigli
198168611401,Blaine,4,Gigli Iced Tea Lemonade 10mg THC 4pk 12oz can,Gigli
643459379541,Blaine,6,Gigli Mango Seltzer 10mg THC 4pk 12oz can,Gigli
643459380035,Blaine,6,Gigli Pineapple Mojito 10mg THC 4pk 12oz can,Gigli
643459379930,Blaine,4,Gigli Pineapple Mojito 5mg THC 4pk 12oz can,Gigli
643459379954,Blaine,5,Gigli Raspberry Ginger Mule 10mg THC 4pk 12oz can,Gigli
643459379961,Blaine,4,Gigli Raspberry Ginger Mule 5mg THC 4pk 12oz can,Gigli
198168016879,Blaine,5,Gigli Raspberry Tea 10mg THC 4pk 12oz can,Gigli
643459379909,Blaine,5,Gigli Variety 5mg THC 4pk 12oz can,Gigli
643459380028,Bloomington,4,Gigli Blood Orange Margarita 10mg THC 4pk 12oz can,Gigli
643459379916,Bloomington,3,Gigli Blood Orange Margarita 5mg THC 4pk 12oz can,Gigli
643459379992,Bloomington,4,Gigli Blueberry Lemonade 10mg THC 4pk 12oz can,Gigli
643459379947,Bloomington,3,Gigli Blueberry Lemonade 5mg THC 4pk 12oz can,Gigli
643459379305,Bloomington,3,Gigli Citrus Seltzer 10mg THC 4pk 12oz can,Gigli
643459380004,Bloomington,4,Gigli Extra Gigli Variety 10mg THC 4pk 12oz can,Gigli
198168611401,Bloomington,2,Gigli Iced Tea Lemonade 10mg THC 4pk 12oz can,Gigli
643459379541,Bloomington,3,Gigli Mango Seltzer 10mg THC 4pk 12oz can,Gigli
643459380035,Bloomington,3,Gigli Pineapple Mojito 10mg THC 4pk 12oz can,Gigli
643459379930,Bloomington,2,Gigli Pineapple Mojito 5mg THC 4pk 12oz can,Gigli
643459379954,Bloomington,4,Gigli Raspberry Ginger Mule 10mg THC 4pk 12oz can,Gigli
643459379961,Bloomington,2,Gigli Raspberry Ginger Mule 5mg THC 4pk 12oz can,Gigli
198168016879,Bloomington,4,Gigli Raspberry Tea 10mg THC 4pk 12oz can,Gigli
643459379909,Bloomington,2,Gigli Variety 5mg THC 4pk 12oz can,Gigli
643459380028,Chanhassen,4,Gigli Blood Orange Margarita 10mg THC 4pk 12oz can,Gigli
643459379916,Chanhassen,3,Gigli Blood Orange Margarita 5mg THC 4pk 12oz can,Gigli
643459379992,Chanhassen,4,Gigli Blueberry Lemonade 10mg THC 4pk 12oz can,Gigli
643459379947,Chanhassen,3,Gigli Blueberry Lemonade 5mg THC 4pk 12oz can,Gigli
643459379305,Chanhassen,3,Gigli Citrus Seltzer 10mg THC 4pk 12oz can,Gigli
643459380004,Chanhassen,4,Gigli Extra Gigli Variety 10mg THC 4pk 12oz can,Gigli
198168611401,Chanhassen,2,Gigli Iced Tea Lemonade 10mg THC 4pk 12oz can,Gigli
643459379541,Chanhassen,3,Gigli Mango Seltzer 10mg THC 4pk 12oz can,Gigli
643459380035,Chanhassen,3,Gigli Pineapple Mojito 10mg THC 4pk 12oz can,Gigli
643459379930,Chanhassen,2,Gigli Pineapple Mojito 5mg THC 4pk 12oz can,Gigli
643459379954,Chanhassen,4,Gigli Raspberry Ginger Mule 10mg THC 4pk 12oz can,Gigli
643459379961,Chanhassen,2,Gigli Raspberry Ginger Mule 5mg THC 4pk 12oz can,Gigli
198168016879,Chanhassen,4,Gigli Raspberry Tea 10mg THC 4pk 12oz can,Gigli
643459379909,Chanhassen,2,Gigli Variety 5mg THC 4pk 12oz can,Gigli
643459380028,Cottage Grove,4,Gigli Blood Orange Margarita 10mg THC 4pk 12oz can,Gigli
643459379916,Cottage Grove,3,Gigli Blood Orange Margarita 5mg THC 4pk 12oz can,Gigli
643459379992,Cottage Grove,4,Gigli Blueberry Lemonade 10mg THC 4pk 12oz can,Gigli
643459379947,Cottage Grove,3,Gigli Blueberry Lemonade 5mg THC 4pk 12oz can,Gigli
643459379305,Cottage Grove,3,Gigli Citrus Seltzer 10mg THC 4pk 12oz can,Gigli
643459380004,Cottage Grove,4,Gigli Extra Gigli Variety 10mg THC 4pk 12oz can,Gigli
198168611401,Cottage Grove,2,Gigli Iced Tea Lemonade 10mg THC 4pk 12oz can,Gigli
643459379541,Cottage Grove,3,Gigli Mango Seltzer 10mg THC 4pk 12oz can,Gigli
643459380035,Cottage Grove,3,Gigli Pineapple Mojito 10mg THC 4pk 12oz can,Gigli
643459379930,Cottage Grove,2,Gigli Pineapple Mojito 5mg THC 4pk 12oz can,Gigli
643459379954,Cottage Grove,4,Gigli Raspberry Ginger Mule 10mg THC 4pk 12oz can,Gigli
643459379961,Cottage Grove,2,Gigli Raspberry Ginger Mule 5mg THC 4pk 12oz can,Gigli
198168016879,Cottage Grove,4,Gigli Raspberry Tea 10mg THC 4pk 12oz can,Gigli
643459379909,Cottage Grove,2,Gigli Variety 5mg THC 4pk 12oz can,Gigli
643459380028,Minneapolis,5,Gigli Blood Orange Margarita 10mg THC 4pk 12oz can,Gigli
643459379916,Minneapolis,3,Gigli Blood Orange Margarita 5mg THC 4pk 12oz can,Gigli
643459379992,Minneapolis,5,Gigli Blueberry Lemonade 10mg THC 4pk 12oz can,Gigli
643459379947,Minneapolis,3,Gigli Blueberry Lemonade 5mg THC 4pk 12oz can,Gigli
643459379305,Minneapolis,3,Gigli Citrus Seltzer 10mg THC 4pk 12oz can,Gigli
643459380004,Minneapolis,5,Gigli Extra Gigli Variety 10mg THC 4pk 12oz can,Gigli
198168611401,Minneapolis,4,Gigli Iced Tea Lemonade 10mg THC 4pk 12oz can,Gigli
643459379541,Minneapolis,4,Gigli Mango Seltzer 10mg THC 4pk 12oz can,Gigli
643459380035,Minneapolis,4,Gigli Pineapple Mojito 10mg THC 4pk 12oz can,Gigli
643459379930,Minneapolis,3,Gigli Pineapple Mojito 5mg THC 4pk 12oz can,Gigli
643459379954,Minneapolis,5,Gigli Raspberry Ginger Mule 10mg THC 4pk 12oz can,Gigli
643459379961,Minneapolis,4,Gigli Raspberry Ginger Mule 5mg THC 4pk 12oz can,Gigli
198168016879,Minneapolis,4,Gigli Raspberry Tea 10mg THC 4pk 12oz can,Gigli
643459379909,Minneapolis,5,Gigli Variety 5mg THC 4pk 12oz can,Gigli
643459380028,Minnetonka,2,Gigli Blood Orange Margarita 10mg THC 4pk 12oz can,Gigli
643459379916,Minnetonka,2,Gigli Blood Orange Margarita 5mg THC 4pk 12oz can,Gigli
643459379992,Minnetonka,2,Gigli Blueberry Lemonade 10mg THC 4pk 12oz can,Gigli
643459379947,Minnetonka,1,Gigli Blueberry Lemonade 5mg THC 4pk 12oz can,Gigli
643459379305,Minnetonka,1,Gigli Citrus Seltzer 10mg THC 4pk 12oz can,Gigli
643459380004,Minnetonka,2,Gigli Extra Gigli Variety 10mg THC 4pk 12oz can,Gigli
198168611401,Minnetonka,2,Gigli Iced Tea Lemonade 10mg THC 4pk 12oz can,Gigli
643459379541,Minnetonka,2,Gigli Mango Seltzer 10mg THC 4pk 12oz can,Gigli
643459380035,Minnetonka,2,Gigli Pineapple Mojito 10mg THC 4pk 12oz can,Gigli
643459379930,Minnetonka,1,Gigli Pineapple Mojito 5mg THC 4pk 12oz can,Gigli
643459379954,Minnetonka,2,Gigli Raspberry Ginger Mule 10mg THC 4pk 12oz can,Gigli
643459379961,Minnetonka,2,Gigli Raspberry Ginger Mule 5mg THC 4pk 12oz can,Gigli
198168016879,Minnetonka,2,Gigli Raspberry Tea 10mg THC 4pk 12oz can,Gigli
643459379909,Minnetonka,1,Gigli Variety 5mg THC 4pk 12oz can,Gigli
643459380028,Osseo,2,Gigli Blood Orange Margarita 10mg THC 4pk 12oz can,Gigli
643459379916,Osseo,2,Gigli Blood Orange Margarita 5mg THC 4pk 12oz can,Gigli
643459379992,Osseo,2,Gigli Blueberry Lemonade 10mg THC 4pk 12oz can,Gigli
643459379947,Osseo,2,Gigli Blueberry Lemonade 5mg THC 4pk 12oz can,Gigli
643459379305,Osseo,2,Gigli Citrus Seltzer 10mg THC 4pk 12oz can,Gigli
643459380004,Osseo,2,Gigli Extra Gigli Variety 10mg THC 4pk 12oz can,Gigli
198168611401,Osseo,1,Gigli Iced Tea Lemonade 10mg THC 4pk 12oz can,Gigli
643459379541,Osseo,2,Gigli Mango Seltzer 10mg THC 4pk 12oz can,Gigli
643459380035,Osseo,2,Gigli Pineapple Mojito 10mg THC 4pk 12oz can,Gigli
643459379930,Osseo,1,Gigli Pineapple Mojito 5mg THC 4pk 12oz can,Gigli
643459379954,Osseo,2,Gigli Raspberry Ginger Mule 10mg THC 4pk 12oz can,Gigli
643459379961,Osseo,1,Gigli Raspberry Ginger Mule 5mg THC 4pk 12oz can,Gigli
198168016879,Osseo,1,Gigli Raspberry Tea 10mg THC 4pk 12oz can,Gigli
643459379909,Osseo,2,Gigli Variety 5mg THC 4pk 12oz can,Gigli
643459380028,Plymouth,5,Gigli Blood Orange Margarita 10mg THC 4pk 12oz can,Gigli
643459379916,Plymouth,5,Gigli Blood Orange Margarita 5mg THC 4pk 12oz can,Gigli
643459379992,Plymouth,5,Gigli Blueberry Lemonade 10mg THC 4pk 12oz can,Gigli
643459379947,Plymouth,3,Gigli Blueberry Lemonade 5mg THC 4pk 12oz can,Gigli
643459379305,Plymouth,5,Gigli Citrus Seltzer 10mg THC 4pk 12oz can,Gigli
643459380004,Plymouth,5,Gigli Extra Gigli Variety 10mg THC 4pk 12oz can,Gigli
198168611401,Plymouth,4,Gigli Iced Tea Lemonade 10mg THC 4pk 12oz can,Gigli
643459379541,Plymouth,4,Gigli Mango Seltzer 10mg THC 4pk 12oz can,Gigli
643459380035,Plymouth,4,Gigli Pineapple Mojito 10mg THC 4pk 12oz can,Gigli
643459379930,Plymouth,3,Gigli Pineapple Mojito 5mg THC 4pk 12oz can,Gigli
643459379954,Plymouth,4,Gigli Raspberry Ginger Mule 10mg THC 4pk 12oz can,Gigli
643459379961,Plymouth,3,Gigli Raspberry Ginger Mule 5mg THC 4pk 12oz can,Gigli
198168016879,Plymouth,4,Gigli Raspberry Tea 10mg THC 4pk 12oz can,Gigli
643459379909,Plymouth,3,Gigli Variety 5mg THC 4pk 12oz can,Gigli
643459380028,Ramsey,2,Gigli Blood Orange Margarita 10mg THC 4pk 12oz can,Gigli
643459379916,Ramsey,1,Gigli Blood Orange Margarita 5mg THC 4pk 12oz can,Gigli
643459379992,Ramsey,1,Gigli Blueberry Lemonade 10mg THC 4pk 12oz can,Gigli
643459379947,Ramsey,2,Gigli Blueberry Lemonade 5mg THC 4pk 12oz can,Gigli
643459379305,Ramsey,2,Gigli Citrus Seltzer 10mg THC 4pk 12oz can,Gigli
643459380004,Ramsey,2,Gigli Extra Gigli Variety 10mg THC 4pk 12oz can,Gigli
198168611401,Ramsey,2,Gigli Iced Tea Lemonade 10mg THC 4pk 12oz can,Gigli
643459379541,Ramsey,2,Gigli Mango Seltzer 10mg THC 4pk 12oz can,Gigli
643459380035,Ramsey,2,Gigli Pineapple Mojito 10mg THC 4pk 12oz can,Gigli
643459379930,Ramsey,1,Gigli Pineapple Mojito 5mg THC 4pk 12oz can,Gigli
643459379954,Ramsey,2,Gigli Raspberry Ginger Mule 10mg THC 4pk 12oz can,Gigli
643459379961,Ramsey,1,Gigli Raspberry Ginger Mule 5mg THC 4pk 12oz can,Gigli
198168016879,Ramsey,2,Gigli Raspberry Tea 10mg THC 4pk 12oz can,Gigli
643459379909,Ramsey,2,Gigli Variety 5mg THC 4pk 12oz can,Gigli
643459380028,Rosemount,3,Gigli Blood Orange Margarita 10mg THC 4pk 12oz can,Gigli
643459379916,Rosemount,2,Gigli Blood Orange Margarita 5mg THC 4pk 12oz can,Gigli
643459379992,Rosemount,4,Gigli Blueberry Lemonade 10mg THC 4pk 12oz can,Gigli
643459379947,Rosemount,3,Gigli Blueberry Lemonade 5mg THC 4pk 12oz can,Gigli
643459379305,Rosemount,2,Gigli Citrus Seltzer 10mg THC 4pk 12oz can,Gigli
643459380004,Rosemount,4,Gigli Extra Gigli Variety 10mg THC 4pk 12oz can,Gigli
198168611401,Rosemount,3,Gigli Iced Tea Lemonade 10mg THC 4pk 12oz can,Gigli
643459379541,Rosemount,3,Gigli Mango Seltzer 10mg THC 4pk 12oz can,Gigli
643459380035,Rosemount,4,Gigli Pineapple Mojito 10mg THC 4pk 12oz can,Gigli
643459379930,Rosemount,2,Gigli Pineapple Mojito 5mg THC 4pk 12oz can,Gigli
643459379954,Rosemount,3,Gigli Raspberry Ginger Mule 10mg THC 4pk 12oz can,Gigli
643459379961,Rosemount,2,Gigli Raspberry Ginger Mule 5mg THC 4pk 12oz can,Gigli
198168016879,Rosemount,4,Gigli Raspberry Tea 10mg THC 4pk 12oz can,Gigli
643459379909,Rosemount,4,Gigli Variety 5mg THC 4pk 12oz can,Gigli
643459380028,Roseville,4,Gigli Blood Orange Margarita 10mg THC 4pk 12oz can,Gigli
643459379916,Roseville,3,Gigli Blood Orange Margarita 5mg THC 4pk 12oz can,Gigli
643459379992,Roseville,3,Gigli Blueberry Lemonade 10mg THC 4pk 12oz can,Gigli
643459379947,Roseville,5,Gigli Blueberry Lemonade 5mg THC 4pk 12oz can,Gigli
643459379305,Roseville,3,Gigli Citrus Seltzer 10mg THC 4pk 12oz can,Gigli
643459380004,Roseville,5,Gigli Extra Gigli Variety 10mg THC 4pk 12oz can,Gigli
198168611401,Roseville,5,Gigli Iced Tea Lemonade 10mg THC 4pk 12oz can,Gigli
643459379541,Roseville,4,Gigli Mango Seltzer 10mg THC 4pk 12oz can,Gigli
643459380035,Roseville,5,Gigli Pineapple Mojito 10mg THC 4pk 12oz can,Gigli
643459379930,Roseville,3,Gigli Pineapple Mojito 5mg THC 4pk 12oz can,Gigli
643459379954,Roseville,4,Gigli Raspberry Ginger Mule 10mg THC 4pk 12oz can,Gigli
643459379961,Roseville,4,Gigli Raspberry Ginger Mule 5mg THC 4pk 12oz can,Gigli
198168016879,Roseville,4,Gigli Raspberry Tea 10mg THC 4pk 12oz can,Gigli
643459379909,Roseville,5,Gigli Variety 5mg THC 4pk 12oz can,Gigli
643459380028,St. Louis Park,5,Gigli Blood Orange Margarita 10mg THC 4pk 12oz can,Gigli
643459379916,St. Louis Park,3,Gigli Blood Orange Margarita 5mg THC 4pk 12oz can,Gigli
643459379992,St. Louis Park,5,Gigli Blueberry Lemonade 10mg THC 4pk 12oz can,Gigli
643459379947,St. Louis Park,3,Gigli Blueberry Lemonade 5mg THC 4pk 12oz can,Gigli
643459379305,St. Louis Park,4,Gigli Citrus Seltzer 10mg THC 4pk 12oz can,Gigli
643459380004,St. Louis Park,5,Gigli Extra Gigli Variety 10mg THC 4pk 12oz can,Gigli
198168611401,St. Louis Park,5,Gigli Iced Tea Lemonade 10mg THC 4pk 12oz can,Gigli
643459379541,St. Louis Park,4,Gigli Mango Seltzer 10mg THC 4pk 12oz can,Gigli
643459380035,St. Louis Park,4,Gigli Pineapple Mojito 10mg THC 4pk 12oz can,Gigli
643459379930,St. Louis Park,3,Gigli Pineapple Mojito 5mg THC 4pk 12oz can,Gigli
643459379954,St. Louis Park,5,Gigli Raspberry Ginger Mule 10mg THC 4pk 12oz can,Gigli
643459379961,St. Louis Park,3,Gigli Raspberry Ginger Mule 5mg THC 4pk 12oz can,Gigli
198168016879,St. Louis Park,4,Gigli Raspberry Tea 10mg THC 4pk 12oz can,Gigli
643459379909,St. Louis Park,4,Gigli Variety 5mg THC 4pk 12oz can,Gigli
643459380028,Stillwater,2,Gigli Blood Orange Margarita 10mg THC 4pk 12oz can,Gigli
643459379916,Stillwater,2,Gigli Blood Orange Margarita 5mg THC 4pk 12oz can,Gigli
643459379992,Stillwater,2,Gigli Blueberry Lemonade 10mg THC 4pk 12oz can,Gigli
643459379947,Stillwater,2,Gigli Blueberry Lemonade 5mg THC 4pk 12oz can,Gigli
643459379305,Stillwater,1,Gigli Citrus Seltzer 10mg THC 4pk 12oz can,Gigli
643459380004,Stillwater,2,Gigli Extra Gigli Variety 10mg THC 4pk 12oz can,Gigli
198168611401,Stillwater,1,Gigli Iced Tea Lemonade 10mg THC 4pk 12oz can,Gigli
643459379541,Stillwater,2,Gigli Mango Seltzer 10mg THC 4pk 12oz can,Gigli
643459380035,Stillwater,2,Gigli Pineapple Mojito 10mg THC 4pk 12oz can,Gigli
643459379930,Stillwater,1,Gigli Pineapple Mojito 5mg THC 4pk 12oz can,Gigli
643459379954,Stillwater,2,Gigli Raspberry Ginger Mule 10mg THC 4pk 12oz can,Gigli
643459379961,Stillwater,1,Gigli Raspberry Ginger Mule 5mg THC 4pk 12oz can,Gigli
198168016879,Stillwater,2,Gigli Raspberry Tea 10mg THC 4pk 12oz can,Gigli
643459379909,Stillwater,2,Gigli Variety 5mg THC 4pk 12oz can,Gigli
643459380028,Vadnais Heights,4,Gigli Blood Orange Margarita 10mg THC 4pk 12oz can,Gigli
643459379916,Vadnais Heights,2,Gigli Blood Orange Margarita 5mg THC 4pk 12oz can,Gigli
643459379992,Vadnais Heights,4,Gigli Blueberry Lemonade 10mg THC 4pk 12oz can,Gigli
643459379947,Vadnais Heights,2,Gigli Blueberry Lemonade 5mg THC 4pk 12oz can,Gigli
643459379305,Vadnais Heights,3,Gigli Citrus Seltzer 10mg THC 4pk 12oz can,Gigli
643459380004,Vadnais Heights,4,Gigli Extra Gigli Variety 10mg THC 4pk 12oz can,Gigli
198168611401,Vadnais Heights,3,Gigli Iced Tea Lemonade 10mg THC 4pk 12oz can,Gigli
643459379541,Vadnais Heights,3,Gigli Mango Seltzer 10mg THC 4pk 12oz can,Gigli
643459380035,Vadnais Heights,3,Gigli Pineapple Mojito 10mg THC 4pk 12oz can,Gigli
643459379930,Vadnais Heights,2,Gigli Pineapple Mojito 5mg THC 4pk 12oz can,Gigli
643459379954,Vadnais Heights,3,Gigli Raspberry Ginger Mule 10mg THC 4pk 12oz can,Gigli
643459379961,Vadnais Heights,2,Gigli Raspberry Ginger Mule 5mg THC 4pk 12oz can,Gigli
198168016879,Vadnais Heights,4,Gigli Raspberry Tea 10mg THC 4pk 12oz can,Gigli
643459379909,Vadnais Heights,4,Gigli Variety 5mg THC 4pk 12oz can,Gigli
643459380028,Woodbury,5,Gigli Blood Orange Margarita 10mg THC 4pk 12oz can,Gigli
643459379916,Woodbury,3,Gigli Blood Orange Margarita 5mg THC 4pk 12oz can,Gigli
643459379992,Woodbury,5,Gigli Blueberry Lemonade 10mg THC 4pk 12oz can,Gigli
643459379947,Woodbury,4,Gigli Blueberry Lemonade 5mg THC 4pk 12oz can,Gigli
643459379305,Woodbury,5,Gigli Citrus Seltzer 10mg THC 4pk 12oz can,Gigli
643459380004,Woodbury,5,Gigli Extra Gigli Variety 10mg THC 4pk 12oz can,Gigli
198168611401,Woodbury,4,Gigli Iced Tea Lemonade 10mg THC 4pk 12oz can,Gigli
643459379541,Woodbury,3,Gigli Mango Seltzer 10mg THC 4pk 12oz can,Gigli
643459380035,Woodbury,4,Gigli Pineapple Mojito 10mg THC 4pk 12oz can,Gigli
643459379930,Woodbury,3,Gigli Pineapple Mojito 5mg THC 4pk 12oz can,Gigli
643459379954,Woodbury,5,Gigli Raspberry Ginger Mule 10mg THC 4pk 12oz can,Gigli
643459379961,Woodbury,3,Gigli Raspberry Ginger Mule 5mg THC 4pk 12oz can,Gigli
198168016879,Woodbury,4,Gigli Raspberry Tea 10mg THC 4pk 12oz can,Gigli
643459379909,Woodbury,4,Gigli Variety 5mg THC 4pk 12oz can,Gigli
