"Concat (VV Vendor,UPC)",Preferred,Preferred (1),Remove?,Supplier Supported Tasting Item,Distributor,Supplier,Item Number,Product UPC,Product Description,THC Mg per unit,Department,Category,Sub Category,Size,Units/Case,Deal Description,Case 1 (Retail),Deepest Invoice (Market),Top Ten Invoice Cost,Free Case Value,Buy Qty,Free Qty,Freight,Net Case,Net/Unit,Retail,Club,GM%,Avg Retail,Avg Club,Avg Sale,Competitor Pricing,Concatenate NS Vendor Name,Distributor (1),CR Vendor Name,Category (for markup),Markup %,Invoice Price,Invoice Price Check against CR,Color,REMOVE?,Supplier Supported Tasting Item (1),Match w/ Items Month?
56 Brewing615867915925,,,Remove,,56 Brewing,Acre,12OZMGACRE,615867915925,Acre Mango Green Tea 5mg THC 4pk 12oz can,5,THC,Beverages,,4pk 12oz can,6,,,,,,3,,,0,0,-0.01,,1,,,,,56 Brewing615867915925,56 Brewing,56 Brewing,,0.5,0,,,,,
56 Brewing615867916021,,,Remove,,56 Brewing,Acre,12OZPTACRETT,615867916021,Acre Peach White Tea 10mg THC 4pk 12oz can,10,THC,Beverages,,4pk 12oz can,6,,,,,,3,,,0,0,-0.01,,1,12.49,10.96,0,,56 Brewing615867916021,56 Brewing,56 Brewing,Beverages,0.5,0,43.9998,,,,
Nothing But Hemp LLC649696145710,,,Remove,Yes,Nothing But Hemp LLC,Berserker,649696145710,649696145710,Berserker's Negroni 10mg THC 4pk 12oz can,40,THC,Beverages,,4pk 12oz can,6,,105,92,80,,,,,80,13.333333333333334,25.99,,0.48698217263049887,23.99,19.96,12.86,,,Nothing But Hemp LLC,,Beverages,0.5,80,,,,,
Nothing But Hemp LLC649696330901,,,Remove,Yes,Nothing But Hemp LLC,Berserker,649696330901,649696330901,Berserkers Old Fashioned 10mg THC 4pk 12oz can,40,THC,Beverages,,4pk 12oz can,6,,105,92,80,,,,,80,13.333333333333334,25.99,,0.48698217263049887,23.99,19.96,12.86,,,Nothing But Hemp LLC,,Beverages,0.5,80,,,,,
"Black Stack Brewing, Inc850000320406",,,Remove,,"Black Stack Brewing, Inc","Black Stack Brewing, Inc",850000320406,850000320406,Blackstack Real Trees King Size Passion Papaya 10mg THC 4pk 16oz can,,THC,Beverages,,4pk 12oz can,6,,,,,,,,,0,0,-0.01,,1,,,,,"Black Stack Brewing, Inc850000320406","Black Stack Brewing, Inc","Black Stack Brewing, Inc",,0.5,0,,,,,
"Black Stack Brewing, Inc850000320253",,,Remove,,"Black Stack Brewing, Inc","Black Stack Brewing, Inc",169291026,850000320253,Blackstack Real Trees THC Minnesota Mule 4pk 16oz can,,THC,Beverages,,4pk 16oz can,6,,,,,,,,,0,0,-0.01,,1,21.99,18.96,13.86,,"Black Stack Brewing, Inc850000320253","Black Stack Brewing, Inc","Black Stack Brewing, Inc",Beverages,0.5,0,0,,,,
Small Lot MN810012698061,,,Yes,,Small Lot MN,BLNCD,MNGODBAEBB,810012698061,BLNCD Adaptogen Elixir Brain Boost 5mg THC 4pk 12oz can,5,THC,Beverages,,4pk 12oz can,6,,84,84,70.6,79,10,1,,65.97,10.995,,19.99,15.96,0.31109022556390986,18.99,15.96,,,Small Lot MN,,Beverages,0.5,70.6,,,,,
Small Lot MN810012698702,,,Yes,,Small Lot MN,BLNCD,MNGODBAEV30,810012698702,BLNCD Adaptogen Elixir Variety Pack 5mg THC 6pk 12oz can,5,THC,Beverages,,6pk 12oz can,4,,79,79,62.2,79,10,1,,65.97,10.995,,19.99,15.96,0.31109022556390986,18.99,15.96,,,Small Lot MN,,Beverages,0.5,62.2,,,,,
Small Lot MN810012698078,,,Yes,,Small Lot MN,BLNCD,MNGODBAEZB,810012698078,BLNCD Adaptogen Elixir Zen Blend 5mg THC 4pk 12oz can,5,THC,Beverages,,4pk 12oz can,6,,84,84,70.6,79,10,1,,65.97,10.995,,19.99,15.96,0.31109022556390986,18.99,15.96,,,Small Lot MN,,Beverages,0.5,70.6,,,,,
Small Lot MN810012698481,,,Yes,,Small Lot MN,BLNCD,MNGODBMGCABB50,810012698481,BLNCD Brain Boost Adaptogen 50mg THC Gummies 10pk,50,THC,Edibles,,10pk,6,,90,90,75,79,10,1,,65.97,10.995,,19.99,15.96,0.31109022556390986,18.99,15.96,,,Small Lot MN,,Edibles,0.5,75,,,,,
Small Lot MN810012698767,,,Yes,,Small Lot MN,BLNCD,MNGODBMCM10,810012698767,BLNCD Cucumber Mojito 10mg THC 4pk 12oz can,10,THC,Beverages,,4pk 12oz can,6,,98,98,83.52,79,10,1,,65.97,10.995,,19.99,15.96,0.31109022556390986,18.99,15.96,,,Small Lot MN,,Beverages,0.5,83.52,,,,,
Small Lot MN810012698139,,,Yes,,Small Lot MN,BLNCD,MNGODBMIF50,810012698139,BLNCD Fuse 50mg THC 5 Pack,50,THC,Beverages,,5pk,6,,126,126,126,79,10,1,,65.97,10.995,,19.99,15.96,0.31109022556390986,18.99,15.96,,,Small Lot MN,,Beverages,0.5,126,,,,,
Small Lot MN840006313960,,,Yes,,Small Lot MN,BLNCD,MNGODBTSF500,840006313960,BLNCD FUSE 50mg THC 500ml,50,THC,Beverages,,500ml,4,,128,128,112,79,10,1,,65.97,10.995,,19.99,15.96,0.31109022556390986,18.99,15.96,,,Small Lot MN,,Beverages,0.5,112,,,,,
Small Lot MN810012698238,,,Yes,,Small Lot MN,BLNCD,MNGODBMIL50,810012698238,BLNCD Levitate 50mg THC 5 Pack,50,THC,Beverages,,5pk,6,,126,126,126,79,10,1,,65.97,10.995,,19.99,15.96,0.31109022556390986,18.99,15.96,,,Small Lot MN,,Beverages,0.5,126,,,,,
Small Lot MN840006313939,,,Yes,,Small Lot MN,BLNCD,MNGODBTSL500,840006313939,BLNCD Levitate 50mg THC 500ml,50,THC,Beverages,,500ml,4,,144,144,126,79,10,1,,65.97,10.995,,19.99,15.96,0.31109022556390986,18.99,15.96,,,Small Lot MN,,Beverages,0.5,126,,,,,
Small Lot MN810012698740,,,Yes,,Small Lot MN,BLNCD,MNGODBMV60,810012698740,BLNCD Mocktail Variety Pack 10mg THC 6pk 12oz can,10,THC,Beverages,,6pk 12oz can,4,,96,96,80,79,10,1,,65.97,10.995,,19.99,15.96,0.31109022556390986,18.99,15.96,,,Small Lot MN,,Beverages,0.5,80,,,,,
Small Lot MN810012698719,,,Yes,,Small Lot MN,BLNCD,MNGODBSPWV30,810012698719,BLNCD Sparkling Water Variety Pack 5mg THC 6pk 12oz can,5,THC,Beverages,,6pk 12oz can,4,,72,72,53.8,79,10,1,,65.97,10.995,,19.99,15.96,0.31109022556390986,18.99,15.96,,,Small Lot MN,,Beverages,0.5,53.8,,,,,
Small Lot MN810012698474,,,Yes,,Small Lot MN,BLNCD,MNGODBMWM10,810012698474,BLNCD Watermelon Margarita 10mg THC 4pk 12oz can,10,THC,Beverages,,4pk 12oz can,6,,98,98,83.52,79,10,1,,65.97,10.995,,19.99,15.96,0.31109022556390986,18.99,15.96,,,Small Lot MN,,Beverages,0.5,83.52,83.52,,,,
Small Lot MN810012698535,,,Yes,,Small Lot MN,BLNCD,MNGODBMGCAZB50,810012698535,BLNCD Zen Blend Adaptogen 50mg THC Gummies 10pk,50,THC,Edibles,,10pk,6,,90,90,75,79,10,1,,65.97,10.995,,19.99,15.96,0.31109022556390986,18.99,15.96,,,Small Lot MN,,Edibles,0.5,75,,,,,
Nothing But Hemp LLC850051796007,,,Remove,,Nothing But Hemp LLC,Calexo  ,CXOCR11923,850051796007,Calexo Citrus Rose 5mg THC 4pk 12oz can,,THC,Beverages,,4pk 12oz can,6,,,,,,,,,0,0,-0.01,,1,,,,,,Nothing But Hemp LLC,,,0.5,0,,,,,
Nothing But Hemp LLC850051796014,,,Remove,,Nothing But Hemp LLC,Calexo  ,CXOCC11923,850051796014,Calexo Cucumber Citron 5mg THC 4pk 12oz can,,THC,Beverages,,4pk 12oz can,6,,,,,,,,,0,0,-0.01,,1,17.49,7.86,0,,,Nothing But Hemp LLC,,Beverages,0.5,0,,,,,
Nothing But Hemp LLC850051796021,,,Remove,,Nothing But Hemp LLC,Calexo  ,CXOST11923,850051796021,Calexo Semitropic 5mg THC 4pk 12oz can,,THC,Beverages,,4pk 12oz can,6,,,,,,,,,0,0,-0.01,,1,,,,,,Nothing But Hemp LLC,,,0.5,0,,,,,
Nothing But Hemp LLC658580777906,,,Remove?,,Nothing But Hemp LLC,Cannachill,CCBG81723,658580777906,Cannachill Blueberry Indica 10 Pack,50,THC,Edibles,,,12,,180,156,144,,,,,144,12,0.07692307692307687,21.99,19.96,0.39879759519038077,23.99,19.96,,,Nothing But Hemp LLC,,Edibles,0.5,144,,,,,
Nothing But Hemp LLC661537424068,,,Remove?,Yes,Nothing But Hemp LLC,Cannachill,661537424068,661537424068,Cannachill Blueberry Indica 4pk 12oz can,20,THC,Beverages,,4pk 12oz can,6,Id like to implent $60/cs on this item,84,78,72,,,,,72,12,0.07692307692307687,21.99,16.96,0.2924528301886793,20.99,16.96,,,Nothing But Hemp LLC,,Beverages,0.5,72,,,,,
Nothing But Hemp LLC685457580581,,,Remove,,Nothing But Hemp LLC,Cannachill,CCCIT81723,685457580581,Cannachill Citrus 4pk 12oz can,,THC,Beverages,,4pk 12oz can,6,,,,,,,,,0,0,-0.01,,1,20.99,16.96,7.86,,,Nothing But Hemp LLC,,Beverages,0.5,0,,,,,
Nothing But Hemp LLC658580777913,,,Remove?,,Nothing But Hemp LLC,Cannachill,CCCITG81723,658580777913,Cannachill Citrus Hybrid 10 Pack,50,THC,Edibles,,,12,,180,156,144,,,,,144,12,0.07692307692307687,21.99,19.96,0.39879759519038077,23.99,19.96,,,Nothing But Hemp LLC,,Edibles,0.5,144,,,,,
Nothing But Hemp LLC804467597048,,,Remove?,Yes,Nothing But Hemp LLC,Cannachill,804467597048,804467597048,Cannachill Fuji Apple 10mg THC 4pk 12oz can,40,THC,Beverages,,4pk 12oz can,6,,93,87,74,,,,,74,12.333333333333334,0.14942528735632188,21.99,21.96,0.4383727990285367,29.99,21.96,,,Nothing But Hemp LLC,,Beverages,0.5,74,,,,,
Nothing But Hemp LLC658580777937,,,Remove?,,Nothing But Hemp LLC,Cannachill,CCLG81723,658580777937,Cannachill Lemon Sativa 10 Pack,50,THC,Edibles,,,12,,180,156,144,,,,,144,12,0.07692307692307687,21.99,19.96,0.39879759519038077,29.99,19.96,,,Nothing But Hemp LLC,,Edibles,0.5,144,,,,,
Nothing But Hemp LLC676737673116,,,Remove,,Nothing But Hemp LLC,Cannachill,676737673116,676737673116,Cannachill Lemon Sativa 4pk 12oz can,,THC,Beverages,,4pk 12oz can,6,,,,,,,,,0,0,-0.01,,1,20.99,16.96,7.86,,,Nothing But Hemp LLC,,Beverages,0.5,0,,,,,
Nothing But Hemp LLC658580777920,,,Remove?,,Nothing But Hemp LLC,Cannachill,CCPFG81723,658580777920,Cannachill Passionfruit Sativa 10 Pack,50,THC,Edibles,,,12,,180,156,144,,,,,144,12,0.07692307692307687,21.99,19.96,0.39879759519038077,23.99,19.96,,,Nothing But Hemp LLC,,Edibles,0.5,144,,,,,
Nothing But Hemp LLC648275776373,,,Remove?,Yes,Nothing But Hemp LLC,Cannachill,648275776373,648275776373,Cannachill Passionfruit Sativa 4pk 12oz can,20,THC,Beverages,,4pk 12oz can,6,Id like to implent $60/cs on this item,84,78,72,,,,,72,12,0.07692307692307687,21.99,16.96,0.2924528301886793,20.99,16.96,,,Nothing But Hemp LLC,,Beverages,0.5,72,,,,,
Nothing But Hemp LLC804467573714,,,Remove,,Nothing But Hemp LLC,Cannachill,CCSB11923,804467573714,Cannachill Strawberry 10mg THC 4pk 12oz can,,THC,Beverages,,4pk 12oz can,6,,,,,,,,,0,0,-0.01,,1,,,,,,Nothing But Hemp LLC,,,0.5,0,,,,,
"Capitol Beverage Sales, L.P.850018968805",,,Remove,,"Capitol Beverage Sales, L.P.",Chill State,18653,850018968805,Chill State Lemon Haze 4pk 16oz can,,THC,Beverages,,4pk 16oz can,6,,,,72,12,1,,,72,12,-0.01,,1201,18.99,14.96,10.86,,"Capitol Beverage Sales, L.P.850018968805","Capitol Beverage Sales, L.P.","Capitol Beverage Sales, L.P.",Beverages,0.5,72,,,,,
Nothing But Hemp LLC649696344274,,,Remove,,Nothing But Hemp LLC,Chiller ,649696344274,649696344274,Chiller Light 2mg THC 4pk 12oz can,,THC,Beverages,,4pk 12oz can,6,,,,,,,,,0,0,-0.01,,1,12.99,0,0,,,Nothing But Hemp LLC,,Beverages,0.5,0,,,,,
64850047906434, ,,yes,,Global Reserve LLC,Climbing Kites,190-482,850047906434,Climbing Kites Pineapple Passion Fruit 10mg THC 4pk 12oz can,10mg,THC,Beverages,,4pk 12oz can,6,Case 1,80,80,64,,,,,64,10.666666666666666,0.19999999999999996,19.99,16.96,0.3710691823899372,,,,,Global Reserve LLC,,,0.5,64,,,,,
"Capitol Beverage Sales, L.P.860008925145",,,Remove,,"Capitol Beverage Sales, L.P.",Clrty,6392,860008925145,Clrty Mango 5mg THC 4pk 12oz can,,THC,Beverages,,4pk 12oz can,6,,,,,,1,,,,,-0.01,,0,,,,,"Capitol Beverage Sales, L.P.860008925145","Capitol Beverage Sales, L.P.","Capitol Beverage Sales, L.P.",,0.5,,,,,,
"Capitol Beverage Sales, L.P.850048459281",,,Remove,,"Capitol Beverage Sales, L.P.",Clrty,20509,850048459281,Clrty Pineapple Hibiscus 10mg THC 4pk 12oz can,,THC,Beverages,,4pk 12oz can,6,,,,,,1,,,,,-0.01,,0,20.99,17.96,0,,"Capitol Beverage Sales, L.P.850048459281","Capitol Beverage Sales, L.P.","Capitol Beverage Sales, L.P.",Beverages,0.5,,66.17999999999999,,,,
Wherehouse Beverage198168170236,,,Remove,,Wherehouse Beverage,Wherehouse Beverage,198168170236,198168170236,Countdown Berry Force 10mg THC 4pk 12oz can,10,THC,Beverages,,4pk 12oz can,6,,,,,,,,,0,0,,,0,14.99,12.96,0,,,Wherehouse Beverage,,Beverages,0.5,0,,,,,
Wherehouse Beverage198168328149,,,Remove,,Wherehouse Beverage,Wherehouse Beverage,H_CDE_CL_10_4K_MN_TT,198168328149,Countdown Cosmic Lemonade 10mg THC 4pk 12oz can,10,THC,Beverages,,4pk 12oz can,6,,,,,,,,,0,0,,,0,14.99,12.96,0,,,Wherehouse Beverage,,Beverages,0.5,0,,,,,
Wherehouse Beverage198168043059,,,Remove,,Wherehouse Beverage,Wherehouse Beverage,198168043059,198168043059,Countdown Orange Blast 10mg THC 4pk 12oz can,10,THC,Beverages,,4pk 12oz can,6,,,,,,,,,0,0,,,0,14.99,12.96,0,,,Wherehouse Beverage,,Beverages,0.5,0,,,,,
Global Reserve LLC196852128815,,,Remove,,Global Reserve LLC,Crooked,196852128815,196852128815,Crooked Beverage Berry 3mg 4pk 12oz can,3,THC,Beverages,,4pk 12oz can,6,,-,-,-,,,,,,,,,0,34.99,15.96,0,,,Global Reserve LLC,,Beverages,0.5,-,,,,,
Global Reserve LLC196852003266,,,Remove,,Global Reserve LLC,Crooked,196852003266,196852003266,Crooked Beverage Blood Orange 3mg 4pk 12oz can,3,THC,Beverages,,4pk 12oz can,6,,-,-,,,,,,0,0,,,0,18.99,7.86,0,,,Global Reserve LLC,,Beverages,0.5,0,,,,,
Global Reserve LLC196852998364,,,Remove,,Global Reserve LLC,Crooked,196852998364,196852998364,Crooked Beverage Straw Basil 3mg 4pk 12oz can,3,THC,Beverages,,4pk 12oz can,6,,-,-,,,,,,0,0,,,0,34.99,15.96,0,,,Global Reserve LLC,,Beverages,0.5,0,,,,,
"Capitol Beverage Sales, L.P.804467782413",,Yes,Remove,,"Capitol Beverage Sales, L.P.",DOPE,23201,804467782413,DOPE Grapefruit 5mg THC 4pk 16oz can,5,THC,Beverages,,4pk 16oz can,6,,,71,59.166666666666664,11.833333333333334,1,,,59.166666666666664,9.86111111111111,0.16666666666666674,17.99,12.96,0.23911179698216745,14.99,12.96,,"Capitol Beverage Sales, L.P.804467782413","Capitol Beverage Sales, L.P.","Capitol Beverage Sales, L.P.",,0.5,59.166666666666664,,,,,
"Capitol Beverage Sales, L.P.804467833900",,Yes,Remove,,"Capitol Beverage Sales, L.P.",DOPE,23203,804467833900,DOPE Pineapple 5mg THC 4pk 16oz can,5,THC,Beverages,,4pk 16oz can,6,,,71,59.166666666666664,11.833333333333334,1,,,59.166666666666664,9.86111111111111,0.16666666666666674,17.99,12.96,0.23911179698216745,14.99,12.96,,"Capitol Beverage Sales, L.P.804467833900","Capitol Beverage Sales, L.P.","Capitol Beverage Sales, L.P.",,0.5,59.166666666666664,,,,,
"Capitol Beverage Sales, L.P.804467762552",,Yes,Remove,,"Capitol Beverage Sales, L.P.",DOPE,23205,804467762552,DOPE Watermelon 5mg THC 4pk 16oz can,5,THC,Beverages,,4pk 16oz can,6,,,71,59.166666666666664,11.833333333333334,1,,,59.166666666666664,9.86111111111111,0.16666666666666674,17.99,12.96,0.23911179698216745,14.99,12.96,,"Capitol Beverage Sales, L.P.804467762552","Capitol Beverage Sales, L.P.","Capitol Beverage Sales, L.P.",Beverages,0.5,59.166666666666664,,,,,
Small Lot MN810012696517,,,Yes,,Small Lot MN,Element,MNGODED9GA50,810012696517,Element 5mg THC Gummies 10 Pack,5,THC,Edibles,,10pk,6,,60,60,48,79,10,1,,65.97,10.995,,19.99,15.96,0.31109022556390986,18.99,15.96,,,Small Lot MN,,Edibles,0.5,48,288,,,,
Nothing But Hemp LLC703674911565,,,Remove,,Nothing But Hemp LLC,Flyers,FLY61523M,703674911565,Flyers Cocktail Sparkling Margarita 4pk 12oz can,,THC,Beverages,,4pk 12oz can,6,,,,,,,,,0,0,-0.01,,1,11.49,7.86,0,,,Nothing But Hemp LLC,,Beverages,0.5,0,,,,,
Nothing But Hemp LLC703674911589,,,Remove,,Nothing But Hemp LLC,Flyers,FLY61523O,703674911589,Flyers Cocktail Sparkling Ol' Fashioned 4pk 12oz can,,THC,Beverages,,4pk 12oz can,6,,,,,,,,,0,0,-0.01,,1,11.49,7.86,0,,,Nothing But Hemp LLC,,Beverages,0.5,0,,,,,
Nothing But Hemp LLC703674911572,,,Remove,,Nothing But Hemp LLC,Flyers,FLY61523S,703674911572,Flyers Cocktail Sparkling Spritz 4pk 12oz can,,THC,Beverages,,4pk 12oz can,6,,,,,,,,,0,0,-0.01,,1,11.49,7.86,0,,,Nothing But Hemp LLC,,Beverages,0.5,0,,,,,
Small Lot MN810012695978,,,Yes,,Small Lot MN,Foundry Nation,MNGODFMGA50,810012695978,Foundry Nation MN 50mg THC Gummies 10pk,50,THC,Edibles,,10pk,6,,60,60,48,79,10,1,,65.97,10.995,,19.99,15.96,0.31109022556390986,18.99,15.96,,,Small Lot MN,,Edibles,0.5,48,288,,,,
Small Lot MN810012690836,,,Yes,,Small Lot MN,Foundry Nation,MNGODFRRFP10,810012690836,Foundry Nation Ringside Refreshers Fruit Punch Flyer 10mg THC 4pk 12oz can,10,THC,Beverages,,4pk 12oz can,6,,98,98,83.76,79,10,1,,65.97,10.995,,19.99,15.96,0.31109022556390986,18.99,15.96,,,Small Lot MN,,,0.5,83.76,,,,,
Small Lot MN810012699761,,,Yes,,Small Lot MN,Foundry Nation,MNGODFNSVP60,810012699761,Foundry Nation Soda Variety Pack 5mg THC 6pk 12oz can,5,THC,Beverages,,6pk 12oz can,4,,72,72,53.8,79,10,1,,65.97,10.995,,19.99,15.96,0.31109022556390986,18.99,15.96,,,Small Lot MN,,Beverages,0.5,53.8,53.8,,,,
Small Lot MN810012698610,,,Yes,,Small Lot MN,Foundry Nation,MNGODFTSCC10,810012698610,Foundry Nation Two Scoops Cherry 10mg THC 4pk 12oz can,10,THC,Beverages,,4pk 12oz can,6,,98,98,83.5,79,10,1,,65.97,10.995,,19.99,15.96,0.31109022556390986,18.99,15.96,,,Small Lot MN,,,0.5,83.5,,,,,
Small Lot MN810012698634,,,Yes,,Small Lot MN,Foundry Nation,MNGODFTSOD10,810012698634,Foundry Nation Two Scoops Orange 10mg THC 4pk 12oz can,10,THC,Beverages,,4pk 12oz can,6,,98,98,83.5,79,10,1,,65.97,10.995,,19.99,15.96,0.31109022556390986,18.99,15.96,,,Small Lot MN,,,0.5,83.5,,,,,
Small Lot MN810012698597,,,Yes,,Small Lot MN,Foundry Nation,MNGODFNTSR10,810012698597,Foundry Nation Two Scoops Root Beer 10mg THC 4pk 12oz can,10,THC,Beverages,,4pk 12oz can,6,,98,98,83.5,79,10,1,,65.97,10.995,,19.99,15.96,0.31109022556390986,18.99,15.96,,,Small Lot MN,,,0.5,83.5,,,,,
Small Lot MN810012693882,,,Yes,,Small Lot MN,Foundry Nation,MNGODTSVP10,810012693882,Foundry Nation Two Scoops Variety Pack 10mg THC 6pk 12oz can,10,THC,Beverages,,6pk 12oz can,4,,96,96,53.32,79,10,1,,65.97,10.995,,19.99,15.96,0.31109022556390986,18.99,15.96,,,Small Lot MN,,Beverages,0.5,53.32,,,,,
Small Lot MN810012696463,,,Yes,,Small Lot MN,Fu Man Chew,MNGODFMCMGA50,810012696463,Fu Man Chews 5mg THC Gummies 10 Pack,5,THC,Edibles,,10pk,6,,60,60,48,79,10,1,,65.97,10.995,,19.99,15.96,0.31109022556390986,18.99,15.96,,,Small Lot MN,,Edibles,0.5,48,288,,,,
Gigli MN LLC643459379701,,,Remove,,Gigli MN LLC,Gigli MN LLC,643459379701,643459379701,Gigli Chocolate Variety 5mg THC 10 Pack,5,THC,Edibles,,,12,,,,,,,,,0,0,-0.01,,1,18.99,15.96,0,,Gigli MN LLC643459379701,Gigli MN LLC,Gigli MN LLC,Edibles,0.5,0,,,,,
Gigli MN LLC643459379862,,Yes,Remove,,Gigli MN LLC,Gigli MN LLC,643459379862,643459379862,Gigli Dark Chocolate 5mg THC 10 Pack,5,THC,Edibles,,10pk,12,,,,84,,,,,84,7,,12.99,15.96,0.5614035087719298,18.99,15.96,,Gigli MN LLC643459379862,Gigli MN LLC,Gigli MN LLC,Edibles,0.5,84,,,,,
Gigli MN LLC643459379923,,,Remove,,Gigli MN LLC,Gigli MN LLC,643459379923,643459379923,Gigli Funfetti 5mg THC 10 Pack,5,THC,Edibles,,,12,,,,,,,,,0,0,-0.01,,1,24.99,0,9.86,,Gigli MN LLC643459379923,Gigli MN LLC,Gigli MN LLC,Edibles,0.5,0,,,,,
Gigli MN LLC643459379565,,,Remove,,Gigli MN LLC,Gigli MN LLC,643459379565,643459379565,Gigli Mint Chocolate 5mg THC 10 Pack,5,THC,Edibles,,,12,,,,,,,,,0,0,-0.01,,1,,,,,Gigli MN LLC643459379565,Gigli MN LLC,Gigli MN LLC,,0.5,0,,,,,
Gigli MN LLC643459379589,,,Remove,,Gigli MN LLC,Gigli MN LLC,643459379589,643459379589,Gigli Peppermint Crunch 5mg THC 10 Pack,5,THC,Edibles,,,12,,,,,,,,,0,0,-0.01,,1,18.99,15.96,0,,Gigli MN LLC643459379589,Gigli MN LLC,Gigli MN LLC,Edibles,0.5,0,,,,,
"Capitol Beverage Sales, L.P.860003586211",,,Remove,,"Capitol Beverage Sales, L.P.",Happi,20907,860003586211,Happi Lemon Elderflower 4pk 7.5oz can,,THC,Beverages,,4pk 8oz can,6,,,,0,0,1,,,0,0,-0.01,,1,16.99,12.96,0,,"Capitol Beverage Sales, L.P.860003586211","Capitol Beverage Sales, L.P.","Capitol Beverage Sales, L.P.",Beverages,0.5,0,0,,,,
51850056651035,Happy Duck LLC,,,,Happy Duck LLC,Happy Duck LLC,850056651035,850056651035,Happy Duck Bomba 2.5mg THC 20 Pack,2.5,THC,Edibles,,,10,15c,65,51,51,,,,,51,5.1,0,9.99,7.96,0.35929648241206036,11.49,9.96,,Happy Duck LLC850056651035,Happy Duck LLC,Happy Duck LLC,Edibles,0.5,51,,,,,
51850056651028,Happy Duck LLC,,,,Happy Duck LLC,Happy Duck LLC,850056651028,850056651028,Happy Duck Tangerine 2.5mg THC 20 Pack,2.5,THC,Edibles,,,10,15c,65,51,51,,,,,51,5.1,0,9.99,7.96,0.35929648241206036,11.49,9.96,,Happy Duck LLC850056651028,Happy Duck LLC,Happy Duck LLC,Edibles,0.5,51,,,,,
HeadFlyer Brewing850009065483,,,Remove,,HeadFlyer Brewing,HeadFlyer Brewing,12046,850009065483,Headflyer Blackberry Lime THC 4pk 16oz can,,THC,Beverages,,4pk 16oz can,6,,,,,,,,,0,0,-0.01,,1,,,,,HeadFlyer Brewing850009065483,HeadFlyer Brewing,HeadFlyer Brewing,,0.5,0,,,,,
Hectare's850012918721,,,Remove,,Hectare's,Hectare's,,850012918721,Hectare's 5mg Delta 9 2.5oz btl,5,THC,Beverages,Shot,2oz,36,,,,,,,,,0,0,-0.01,,1,6.99,0,0,,Hectare's850012918721,Hectare's,Hectare's,Beverages,0.5,0,0,,,,
Hectare's850012918790,,,Remove,,Hectare's,Hectare's,D9_Seltzer_DF_5mg,850012918790,Hectare's Dragon Fruit Seltzer 5mg THC 4pk 12oz can,5,THC,Beverages,,4pk 12oz can,6,,,,54.72,,,,,54.72,9.12,-0.01,,912.9999999999999,18.99,9.86,0,,Hectare's850012918790,Hectare's,Hectare's,Beverages,0.5,54.72,56.58,,,,
Hectare's850012918752,,,Remove,,Hectare's,Hectare's,,850012918752,Hectare's Soda 5mg THC 4pk 12oz can,5,THC,Beverages,,4pk 12oz can,6,,,,54.72,,,,,54.72,9.12,-0.01,,912.9999999999999,18.99,9.86,0,12.86,,,26.99,Nothing But Hemp LLC658580777906,Nothing But Hemp LLC,Nothing But Hemp LLC,Edibles,0.5,144,,
Hectare's850012918882,,,Remove,,Hectare's,Hectare's,850012918882,850012918882,Hectare's Watermelon Cucumber Mint 5mg THC 4pk 12oz can,5,THC,Beverages,,4pk 12oz can,6,,,,54.72,,,,,54.72,9.12,-0.01,,912.9999999999999,18.99,9.86,0,0,,,27.99,Nothing But Hemp LLC661537424068,Nothing But Hemp LLC,Nothing But Hemp LLC,Beverages,0.5,72,,
Hectare's850012918738,,,Remove,,Hectare's,Hectare's,,850012918738,Hectares 3mg Delta 9 2.5oz btl,3,THC,Beverages,Shot,2oz,36,,,,,,,,,0,0,-0.01,,1,6.99,0,0,12.86,,,29.99,Nothing But Hemp LLC658580777913,Nothing But Hemp LLC,Nothing But Hemp LLC,Edibles,0.5,144,,
Bellboy Corporation860006217181,,,Remove,,Bellboy Corporation,Hi,9200002,860006217181,Hi Seltzer Cherry 4pk 12oz can,,THC,Beverages,,4pk 12oz can,6,,,,,,,,,0,0,-0.01,,1,,,,0,,,30.99,Nothing But Hemp LLC804467597048,Nothing But Hemp LLC,Nothing But Hemp LLC,Beverages,0.5,74,,
Bellboy Corporation860006217174,,,Remove,,Bellboy Corporation,Hi,9200012,860006217174,Hi Seltzer Lemon Lime 4pk 12oz can,,THC,Beverages,,4pk 12oz can,6,,,,,,,,,0,0,-0.01,,1,,,,12.86,,,31.99,Nothing But Hemp LLC658580777937,Nothing But Hemp LLC,Nothing But Hemp LLC,Edibles,0.5,144,,
Bellboy Corporation860009756595,,,Remove,,Bellboy Corporation,Hi,9200032,860009756595,Hi Seltzer Pineapple 4pk 12oz can,,THC,Beverages,,4pk 12oz can,6,,,,,,,,,0,0,-0.01,,1,,,,12.86,,,33.99,Nothing But Hemp LLC658580777920,Nothing But Hemp LLC,Nothing But Hemp LLC,Edibles,0.5,144,,
Bellboy Corporation860009943520,,,Remove,,Bellboy Corporation,Hi,9200042,860009943520,Hi Seltzer Watermelon 4pk 12oz can,,THC,Beverages,,4pk 12oz can,6,,,,,,,,,0,0,-0.01,,1,18.99,4.86,0,0,,,34.99,Nothing But Hemp LLC648275776373,Nothing But Hemp LLC,Nothing But Hemp LLC,Beverages,0.5,72,,
Bellboy Corporation860009756526,,,Remove,,Bellboy Corporation,Hi,9200022,860009756526,Hi Seltzer Wildberry 4pk 12oz can,,THC,Beverages,,4pk 12oz can,6,,,,,,,,,0,0,-0.01,,1,,,,0,,,Alot More - Varies ,"Capitol Beverage Sales, L.P.804467782413","Capitol Beverage Sales, L.P.","Capitol Beverage Sales, L.P.",Beverages,0.5,59.166666666666664,71.03999999999999,
Nothing But Hemp LLC860011706144,,,Remove,,Nothing But Hemp LLC,Highdro,860011706144,860011706144,Highdro Key Lime Pie 5mg THC 10 Pack,50,THC,Edibles,,,24,,360,288,216,,,,,216,9,0.25,15.99,0,0,24.99,0,0,,,Alot More - Varies ,"Capitol Beverage Sales, L.P.804467833900","Capitol Beverage Sales, L.P.","Capitol Beverage Sales, L.P.",Beverages,0.5,59.166666666666664,70.9998,
Nothing But Hemp LLC860011706137,,,Remove,,Nothing But Hemp LLC,Highdro,860011706137,860011706137,Highdro Passion Fruit 5mg THC 10 Pack,50,THC,Edibles,,,24,,360,288,216,,,,,216,9,0.25,15.99,0,0,24.99,0,0,,,Alot More - Varies ,"Capitol Beverage Sales, L.P.804467762552","Capitol Beverage Sales, L.P.","Capitol Beverage Sales, L.P.",Beverages,0.5,59.166666666666664,70.9998,
Nothing But Hemp LLC860011706113,,,Remove,,Nothing But Hemp LLC,Highdro,860011706113,860011706113,Highdro Watermelon 5mg THC 10 Pack,50,THC,Edibles,,,24,,360,288,216,,,,,216,9,0.25,15.99,0,0,24.99,0,0,,,Alot More - Varies ,Gigli MN LLC643459379862,Gigli MN LLC,Gigli MN LLC,Edibles,0.5,84,84,
Bellboy Corporation860012192717,,Yes,Remove,,Bellboy Corporation,Hop Dreams,860012192717,860012192717,Hop Dreams Day Dream 10mg THC 4pk 12oz can,,THC,Beverages,,4pk 12oz can,6,Case 1,88,88,62,,,,,62,10.333333333333334,0.2954545454545454,18.99,9.86,-0.04800540906017591,11.49,9.86,9.86,,,43.99,Nothing But Hemp LLC860011706144,Nothing But Hemp LLC,Nothing But Hemp LLC,Edibles,0.5,216,,
Bellboy Corporation860012192700,,Yes,Remove,,Bellboy Corporation,Hop Dreams,860012192700,860012192700,Hop Dreams Original 10mg THC 4pk 12oz can,,THC,Beverages,,4pk 12oz can,6,Case 1,88,88,62,,,,,62,10.333333333333334,0.2954545454545454,18.99,9.86,-0.04800540906017591,11.49,9.86,9.86,,,44.99,Nothing But Hemp LLC860011706137,Nothing But Hemp LLC,Nothing But Hemp LLC,Edibles,0.5,216,,
Bellboy Corporation860012192724,,Yes,Remove,,Bellboy Corporation,Hop Dreams,860012192724,860012192724,Hop Dreams Sweet Dreams 10mg THC 4pk 12oz can,,THC,Beverages,,4pk 12oz can,6,Case 1,88,88,62,,,,,62,10.333333333333334,0.2954545454545454,18.99,9.86,-0.04800540906017591,11.49,9.86,9.86,,,45.99,Nothing But Hemp LLC860011706113,Nothing But Hemp LLC,Nothing But Hemp LLC,Edibles,0.5,216,,
Lucid Brewing LLC Dba Inbound Brewco854249004127,,Yes,Remove,,Lucid Brewing LLC Dba Inbound Brewco,Lucid Brewing LLC Dba Inbound Brewco,DrMN+JamaicaJam_CSE,854249004127,Inbound DreaMN Jamaican Jam 10mg THC 4pk 12oz can,,THC,Beverages,,4pk 12oz can,6,,,,,,,,,0,0,-0.01,,1,22.99,18.96,0,0,,,,Bellboy Corporation860012192717,Bellboy Corporation,Bellboy Corporation,Beverages,0.5,62,61.980000000000004,
Lucid Brewing LLC Dba Inbound Brewco854249004202,,Yes,Remove,,Lucid Brewing LLC Dba Inbound Brewco,Lucid Brewing LLC Dba Inbound Brewco,DrMN+Komodo_CSE,854249004202,Inbound DreaMN Komodo 10mg 4pk 12oz can,,THC,Beverages,,4pk 12oz can,6,,,,,,,,,0,0,-0.01,,1,22.99,18.96,0,0,,,,Bellboy Corporation860012192700,Bellboy Corporation,Bellboy Corporation,Beverages,0.5,62,62.04,
Lucid Brewing LLC Dba Inbound Brewco854249004486,,Yes,Remove,,Lucid Brewing LLC Dba Inbound Brewco,Lucid Brewing LLC Dba Inbound Brewco,DrMN+LvPtn_CSE,854249004486,Inbound DreaMN Love Potion 10mg THC 4pk 12oz can,,THC,Beverages,,4pk 12oz can,6,,,,,,,,,0,0,-0.01,,1,,,,0,,,,Bellboy Corporation860012192724,Bellboy Corporation,Bellboy Corporation,Beverages,0.5,62,61.980000000000004,
Lucid Brewing LLC Dba Inbound Brewco854249004134,,,Remove,,Lucid Brewing LLC Dba Inbound Brewco,Lucid Brewing LLC Dba Inbound Brewco,DrMN+MngRndhrt_CSE,854249004134,Inbound DreaMN Mango 4pk 12oz can,,THC,Beverages,,4pk 12oz can,6,,,,,,,,,0,0,-0.01,,1,,,,0,,,Alot More - Varies ,Insight Brewing Company (D)850033550504,Insight Brewing Company (D),Insight Brewing Company (D),Beverages,0.5,42,42,
Lucid Brewing LLC Dba Inbound Brewco854249004141,,,Remove,,Lucid Brewing LLC Dba Inbound Brewco,Lucid Brewing LLC Dba Inbound Brewco,DrMN+MrlyPlmr_CSE,854249004141,Inbound DreaMN Marley Palmer 4pk 12oz can,,THC,Beverages,,4pk 12oz can,6,,,,,,,,,0,0,-0.01,,1,,,,0,,,Alot More - Varies ,Minny Grown860011669418,Minny Grown,Minny Grown,Beverages,0.5,66,66,
Lucid Brewing LLC Dba Inbound Brewco854249004233,,,Remove,,Lucid Brewing LLC Dba Inbound Brewco,Lucid Brewing LLC Dba Inbound Brewco,854249004233,854249004233,Inbound Satellite Blue Lemon 10mg THC 4pk 12oz can,,THC,Beverages,,4pk 12oz can,6,,,,,,,,,0,0,-0.01,,1,22.99,18.96,0,0,,,66.99,Nothing But Hemp LLC196852381494,Nothing But Hemp LLC,Nothing But Hemp LLC,Beverages,0.5,76.8,,
Lucid Brewing LLC Dba Inbound Brewco854249004219,,,Remove,,Lucid Brewing LLC Dba Inbound Brewco,Lucid Brewing LLC Dba Inbound Brewco,SatCranOrg_6x4_12oz,854249004219,Inbound Satellite Cran-Orange 10mg THC 4pk 12oz can,,THC,Beverages,,4pk 12oz can,6,,,,,,,,,0,0,-0.01,,1,22.99,18.96,0,0,,,67.99,Nothing But Hemp LLC197644645923,Nothing But Hemp LLC,Nothing But Hemp LLC,Beverages,0.5,76.8,,
Nothing But Hemp LLC649696471901,,Yes,Remove,,Nothing But Hemp LLC,Indulge,649696471901,649696471901,Indulge Fast Acting Vanilla Cream 10 Pack,,THC,Edibles,,,12,,,,,,,,,0,0,-0.01,,1,23.99,19.96,7.86,0,,,,Bellboy Corporation850046271120,Bellboy Corporation,Bellboy Corporation,Beverages,0.5,70,0,
Insight Brewing Company (D)850033550504,,Yes,Remove,,Insight Brewing Company (D),Insight Brewing Company (D),4154835297,850033550504,Insight Flavor Pixels Peach Mango 5mg THC 12pk 12oz can,5,THC,Beverages,,12pk 12oz can,2,Quarterly buy,50,,42,,,,,42,21,,37.99,20.86,-0.006711409395973182,37.99,0,0,,,,Bellboy Corporation850046271106,Bellboy Corporation,Bellboy Corporation,Beverages,0.5,70,0,
Nothing But Hemp LLC785644202,,Yes,Remove,,Nothing But Hemp LLC,Legacy,785644202,785644202,Legacy Space Ice Cream Sea Salt Caramel 10 Pack,,THC,Edibles,,,12,,,,,,,,,0,0,-0.01,,1,29.99,19.96,0,0,,,,Bellboy Corporation850046271113,Bellboy Corporation,Bellboy Corporation,Beverages,0.5,70,0,
Nothing But Hemp LLC850036260202,,Yes,Remove,,Nothing But Hemp LLC,Long Coast,LCWBM11923,850036260202,Long Coast Wild Blueberry Mojito 5mg THC 4pk 12oz can,,THC,Beverages,,4pk 12oz can,6,,,,,,,,,0,0,-0.01,,1,28.99,19.96,0,0,,,,Wild State Cider850018947411,Wild State Cider,Wild State Cider,Beverages,0.5,65.97,66,
"Capitol Beverage Sales, L.P.860010013427",,Yes,Remove,,"Capitol Beverage Sales, L.P.",Maison Bloom,20703,860010013427,Maison Bloom Peach Honeysuckle 5mg THC 6pk 12oz can,,THC,Beverages,,6pk 12oz can,4,,,,0,0,1,,,0,0,-0.01,,1,35.99,13.96,0,0,X,115,,Wild State Cider850018947817,Wild State Cider,Wild State Cider,Beverages,0.5,65.97,32.985,
Minny Grown860011669463,Minny Grown,Yes,yes,Yes,Minny Grown,Minny Grown,,860011669463,Minny Grown Bluebeary Mojito 10mg THC 4pk 12oz can,10,THC,Beverages,,4pk 12oz can,6,$200 order qty per store,,,66,,,,,66,11,,19.99,16.96,0.35141509433962265,19.99,16.96,0,,,,Wild State Cider850018947527,Wild State Cider,Wild State Cider,Beverages,0.5,65.97,0,
Wild State Cider850063284691,Minny Grown,,yes,Yes,Minny Grown,Minny Grown,850063284691,850063284691,Minny Grown BlueBeary Pomegranate 10mg THC 4pk 12oz can,10,THC,Beverages,,4pk 12oz can,6,$200 order qty per store,,,66,,,,,66,11,,19.99,16.96,0.35141509433962265,19.99,16.96,0,,,,Wild State Cider850018947718,Wild State Cider,Wild State Cider,Beverages,0.5,65.97,65.94,
Minny Grown860009899322,Minny Grown,Yes,yes,Yes,Minny Grown,Minny Grown,,860009899322,Minny Grown Boat Cruise Cosmo 4pk 12oz can,,THC,Beverages,,4pk 12oz can,6,$200 order qty per store,,,66,,,,,66,11,,19.99,16.96,0.35141509433962265,19.99,16.96,0,,,Alot More - Varies ,Get Chai810109863761,Get Chai,Get Chai,Beverages,0.5,64.6,0,
Minny Grown860011669418,,Yes,Yes,Yes,Minny Grown,Minny Grown,860011669418,860011669418,Minny Grown Cabin Colada 5mg THC 10 Pack,5,THC,Beverages,,,12,$200 order qty per store,,,66,,,,,66,5.5,,9.99,0,0,29.99,0,0,,,Alot More - Varies ,Get Chai810109863723,Get Chai,Get Chai,Beverages,0.5,64.6,0,
Minny Grown860011669470,,,Remove,,Minny Grown,Minny Grown,860011669470,860011669470,Minny Grown Cabin Time Colada 10mg THC 4pk 12oz can,,THC,Beverages,,4pk 12oz can,6,$200 order qty per store,,,,,,,,0,0,-0.01,,1,19.99,16.96,0,0,,,Alot More - Varies ,Get Chai810109863754,Get Chai,Get Chai,Beverages,0.5,64.6,0,
Get Chai850063284684,Minny Grown,,yes,Yes,Minny Grown,Minny Grown,850063284684,850063284684,Minny Grown Cucumber Lime 10mg THC 4pk 12oz can,10,THC,Beverages,,4pk 12oz can,6,$200 order qty per store,,,66,,,,,66,11,,19.99,16.96,0.35141509433962265,19.99,16.96,0,,,Alot More - Varies ,Get Chai810109863747,Get Chai,Get Chai,Beverages,0.5,64.6,0,
Minny Grown860011435624,,,Remove,,Minny Grown,Minny Grown,860011435624,860011435624,Minny Grown Dark Chocolate 5mg THC 10 Pack,,THC,Edibles,,,12,$200 order qty per store,,,,,,,,0,0,-0.01,,1,17.49,11.96,0,0,,,Alot More - Varies ,Get Chai810109863730,Get Chai,Get Chai,Beverages,0.5,64.6,0,
Minny Grown860006677619,,Yes,Remove,,Minny Grown,Minny Grown,860006677619,860006677619,Minny Grown Go Pack! 10 Pack,,THC,Edibles,,,12,$200 order qty per store,,,,,,,,0,0,-0.01,,1,17.49,11.96,0,0,,,,Get Chai196852875160,Get Chai,Get Chai,Beverages,0.5,33.5,,
Minny Grown860011669487,,Yes,Remove,,Minny Grown,Minny Grown,860011669487,860011669487,Minny Grown Good Morning Mimosa 10mg THC 4pk 12oz can,,THC,Beverages,,4pk 12oz can,6,$200 order qty per store,,,,,,,,0,0,-0.01,,1,,,,0,,,,Get Chai198715066937,Get Chai,Get Chai,Beverages,0.5,54,54,
Minny Grown860006677626,,Yes,Remove,,Minny Grown,Minny Grown,860006677626,860006677626,Minny Grown Holidaze 5mg THC 10 Pack,,THC,Edibles,,,12,$200 order qty per store,,,,,,,,0,0,-0.01,,1,17.49,7.86,0,0,39.99,43,,Get Chai198715683899,Get Chai,Get Chai,Beverages,0.5,36,,
Minny Grown850063284677,Minny Grown,Yes,yes,Yes,Minny Grown,Minny Grown,850063284677,850063284677,Minny Grown Lemon Squeeze 10mg THC 4pk 12oz can,10,THC,Beverages,,4pk 12oz can,6,$200 order qty per store,,,66,,,,,66,11,,19.99,16.96,0.35141509433962265,19.99,16.96,0,,,,Get Chai196852500505,Get Chai,Get Chai,Beverages,0.5,33.5,,
Minny Grown860011435617,,Yes,Remove,,Minny Grown,Minny Grown,860011435617,860011435617,Minny Grown Milk Chocolate 5mg THC 10 Pack,,THC,Edibles,,,12,$200 order qty per store,,,,,,,,0,0,-0.01,,1,,,,0,,,,Get Chai198715172546,Get Chai,Get Chai,Beverages,0.5,33.5,33.4996,
Minny Grown860009899315,Minny Grown,Yes,yes,Yes,Minny Grown,Minny Grown,,860009899315,Minny Grown Moscow Moose 4pk 12oz can,,THC,Beverages,,4pk 12oz can,6,$200 order qty per store,,,96,,,,,96,16,,29.99,24.96,0.358974358974359,19.99,16.96,0,,,,Get Chai196852039432,Get Chai,Get Chai,Beverages,0.5,33.5,,
Minny Grown850063284653,Minny Grown,Yes,yes,Yes,Minny Grown,Minny Grown,850063284653,850063284653,Minny Grown Nice Bar 50mg THC,50,THC,Edibles,,,12,$200 order qty per store,,,66,,,,,66,5.5,,10.99,8.96,0.38616071428571436,13.79,11.96,0,13.99,124,,Get Chai198715546675,Get Chai,Get Chai,Beverages,0.5,54,54,
Minny Grown860009438095,Minny Grown,Yes,yes,Yes,Minny Grown,Minny Grown,,860009438095,Minny Grown Old Fashioned 4pk 12oz can,,THC,Beverages,,4pk 12oz can,6,$200 order qty per store,,,96,,,,,96,16,,29.99,24.96,0.358974358974359,19.99,16.96,0,,,,Get Chai198715139464,Get Chai,Get Chai,Beverages,0.5,54,54,
Minny Grown850063284660,Minny Grown,Yes,yes,Yes,Minny Grown,Minny Grown,850063284660,850063284660,Minny Grown Pure Skyblue 10mg THC 4pk 12oz can,10,THC,Beverages,,4pk 12oz can,6,$200 order qty per store,,,66,,,,,66,11,,19.99,16.96,0.35141509433962265,19.99,16.96,0,,,,Get Chai197644029709,Get Chai,Get Chai,Beverages,0.5,33.5,,
Minny Grown860011435600,,Yes,Remove,,Minny Grown,Minny Grown,860011435600,860011435600,Minny Grown Strawberry Lake Love 5mg THC 10 Pack,,THC,Edibles,,,12,$200 order qty per store,,,,,,,,0,0,-0.01,,1,17.49,11.96,0,0,29.99,112,,Get Chai197644343683,Get Chai,Get Chai,Beverages,0.5,33,,
Minny Grown850063284073,,Yes,Remove,,Minny Grown,Minny Grown,850063284073,850063284073,Minny Grown Summer Variety 10mg THC 4pk 12oz can,,THC,Beverages,,4pk 12oz can,6,$200 order qty per store,,,,,,,,0,0,-0.01,,1,,,,0,29.99,112,,Get Chai197644343683,Get Chai,Get Chai,Beverages,0.5,33,,
Get Chai860011669456,Minny Grown,,,Yes,Minny Grown,Minny Grown,,860011669456,Minny Grown Sunshine TeaHC 10mg THC 4pk 12oz can,10,THC,Beverages,,4pk 12oz can,6,$200 order qty per store,,,66,,,,,66,11,,19.99,16.96,0.35141509433962265,19.99,16.96,0,29.99,112,,Get Chai197644343683,Get Chai,Get Chai,Beverages,0.5,33,,
Minny Grown860009438019,Minny Grown,Yes,yes,Yes,Minny Grown,Minny Grown,,860009438019,Minny Grown Variety 6pk 12oz can,,THC,Beverages,,6pk 12oz can,4,$200 order qty per store,,,96,,,,,96,24,,43.99,36.96,0.35064935064935066,33.49,27.96,0,29.99,112,,Get Chai197644343683,Get Chai,Get Chai,Beverages,0.5,33,,
Minny Grown860010316498,Minny Grown,Yes,yes,Yes,Minny Grown,Minny Grown,,860010316498,Minny Grown YOU.S.A 10 Pack,,THC,Edibles,,,12,$200 order qty per store,,,96,,,,,96,8,,13.99,11.96,0.33110367892976594,17.49,14.96,0,29.99,112,,Get Chai197644343683,Get Chai,Get Chai,Beverages,0.5,33,,
Nibbana LLC860010283325,,Yes,Remove,,Nibbana LLC,Nibbana LLC,860010283325,860010283325,Nibbana Lychee Love Caff 5mg THC 4pk 12oz can,5,THC,Beverages,,4pk 12oz can,6,,,,-,,,,,,,-0.01,,0,22.99,17.96,0,0,29.99,112,,Get Chai197644343683,Get Chai,Get Chai,Beverages,0.5,33,,
Fair State Brewing Cooperative860008762412,,Yes,Remove,,Fair State Brewing Cooperative,Plift,860008762412,860008762412,Plift Crisp Ginger 6pk 12oz can,,THC,Beverages,,6pk 12oz can,4,$68 for 130 cases,,,68,,,,,68,17,-0.01,,1701.0000000000002,18.99,14.96,0,0,29.99,112,,Get Chai197644343683,Get Chai,Get Chai,Beverages,0.5,33,,
Fair State Brewing Cooperative860008762429,,Yes,Remove,,Fair State Brewing Cooperative,Plift,860008762429,860008762429,Plift Juicy Grapefruit 6pk 12oz can,,THC,Beverages,,6pk 12oz can,4,$68 for 130 cases,,,68,,,,,68,17,-0.01,,1701.0000000000002,18.99,14.96,0,0,29.99,112,,Get Chai197644343683,Get Chai,Get Chai,Beverages,0.5,33,,
Fair State Brewing Cooperative860008762405,,Yes,Remove,,Fair State Brewing Cooperative,Plift,860008762405,860008762405,Plift Tart Lime 6pk 12oz can,,THC,Beverages,,6pk 12oz can,4,$68 for 130 cases,,,68,,,,,68,17,-0.01,,1701.0000000000002,18.99,14.96,0,0,29.99,112,,Get Chai197644343683,Get Chai,Get Chai,Beverages,0.5,33,,
Nothing But Hemp LLC649696498977,,Yes,Remove,,Nothing But Hemp LLC,Royal Highness,649696498977,649696498977,Royal Highness Milk Chocolate 5 Pack,,THC,Edibles,,,12,,,,,,,,,0,0,-0.01,,1,29.99,19.96,7.86,0,29.99,112,,Get Chai197644343683,Get Chai,Get Chai,Beverages,0.5,33,,
Bellboy Corporation811194034296,,Yes,Remove,,Bellboy Corporation,Smokiez,811194034296,811194034296,Smokiez Mixed Berry 10mg THC 4pk 12oz can,,THC,Beverages,,4pk 12oz can,6,Case 1,,,,,,,,,,,,0,18.99,15.96,0,0,29.99,112,,Get Chai197644343683,Get Chai,Get Chai,Beverages,0.5,33,,
Get Chai811194034289,,,REMOVE,,Bellboy Corporation,Smokiez,811194034289,811194034289,Smokiez Tropical Fruit 10mg THC 4pk 12oz can,10mg,THC,Beverages,,4pk 12oz can,6,Case 1,90,87.27,80,,,,,80,13.333333333333334,0.08330468660478973,24.99,20.96,0.3638676844783715,18.99,15.96,0,29.99,112,,Get Chai197644343683,Get Chai,Get Chai,Beverages,0.5,33,,
Get Chai700128826741,Bellboy Corporation,,Remove,,Bellboy Corporation,Soshel,700128826741,700128826741,Soshel Long Island Ice Tea 10mg THC 4pk 12oz can,,THC,Beverages,,4pk 12oz can,6,Case 1,44.28,TOP TEN LABEL,44.28,,,,,44.28,7.38,,12.99,10.96,0.32664233576642343,17.49,9.95,0,29.99,112,,Get Chai197644343683,Get Chai,Get Chai,Beverages,0.5,33,,
Get Chai700128826758,Bellboy Corporation,,Remove,,Bellboy Corporation,Soshel,700128826758,700128826758,Soshel Paloma 10mg THC 4pk 12oz can,,THC,Beverages,,4pk 12oz can,6,Case 1,44.28,TOP TEN LABEL,44.28,,,,,44.28,7.38,,12.99,10.96,0.32664233576642343,17.49,9.95,0,29.99,112,,Get Chai197644343683,Get Chai,Get Chai,Beverages,0.5,33,,
Get Chai700128826765,Bellboy Corporation,,Remove,,Bellboy Corporation,Soshel,700128826765,700128826765,Soshel Pinneapple Mule 10mg THC 4pk 12oz can,,THC,Beverages,,4pk 12oz can,6,Case 1,44.28,TOP TEN LABEL,44.28,,,,,44.28,7.38,,12.99,10.96,0.32664233576642343,17.49,9.95,0,29.99,112,,Get Chai197644343683,Get Chai,Get Chai,Beverages,0.5,33,,
Nothing But Hemp LLC196852381494,,,Remove,,Nothing But Hemp LLC,Stokt,STKT62623OR,196852381494,Stokt Soda Dreamy Orange 10mg THC 4pk 12oz btl,40,THC,Beverages,,4pk 12oz btl,6,,96,90,76.8,,,,,76.8,12.799999999999999,0.14666666666666672,22.99,23.96,0.4657762938230385,27.99,23.96,0,29.99,112,,Get Chai197644343683,Get Chai,Get Chai,Beverages,0.5,33,,
Nothing But Hemp LLC197644645923,,,Remove,,Nothing But Hemp LLC,Stokt,SGGS121323,197644645923,Stokt Soda Groovy Grape 10mg THC 4pk 12oz btl,40,THC,Beverages,,4pk 12oz btl,6,BIN END OPPORTUNITY $48/case,96,90,76.8,,,,,76.8,12.799999999999999,0.14666666666666672,22.99,17.86,0.28331466965285557,20.99,17.86,0,29.99,112,,Get Chai197644343683,Get Chai,Get Chai,Beverages,0.5,33,,
Nothing But Hemp LLC810005491488,,Yes,Remove,,Nothing But Hemp LLC,Surly,SRLYDBLTK8123,810005491488,Surly Double Take THC 10mg 4pk 12oz can,,THC,Beverages,,4pk 12oz can,6,BIN END OPPORTUNITY $48/case,,,,,,,,0,0,-0.01,,1,,,,,,,,Nothing But Hemp LLC810005491488,Nothing But Hemp LLC,Nothing But Hemp LLC,,0.5,0,,
Nothing But Hemp LLC810005491471,,Yes,Remove,,Nothing But Hemp LLC,Surly,810005491471,810005491471,Surly Take Five Hop Water 4pk 12oz can,,THC,Beverages,,4pk 12oz can,6,,,,,,,,,0,0,-0.01,,1,20.99,16.96,0,0,,,,Nothing But Hemp LLC810005491471,Nothing But Hemp LLC,Nothing But Hemp LLC,Beverages,0.5,0,,
Nothing But Hemp LLC810005491259,,Yes,Remove,,Nothing But Hemp LLC,Surly,810005491259,810005491259,Surly Take Five Lime 4pk 12oz can,,THC,Beverages,,4pk 12oz can,6,,,,,,,,,0,0,-0.01,,1,14.99,7.86,0,0,,,,Nothing But Hemp LLC810005491259,Nothing But Hemp LLC,Nothing But Hemp LLC,Beverages,0.5,0,,
Nothing But Hemp LLC810005491242,,Yes,Remove,,Nothing But Hemp LLC,Surly,810005491242,810005491242,Surly Take Five Mixed Berry 4pk 12oz can,,THC,Beverages,,4pk 12oz can,6,,,,,,,,,0,0,-0.01,,1,20.99,16.96,0,0,,,,Nothing But Hemp LLC810005491242,Nothing But Hemp LLC,Nothing But Hemp LLC,Beverages,0.5,0,,
Bauhaus Brew Labs810091530573,,Yes,Remove,,Bauhaus Brew Labs,Tetra,8,810091530573,Tetra JUICED Black Apricot 10mg THC 4pk 12oz can,10,THC,Beverages,,4pk 12oz can,6,"We have previously agreed to give you our 10-case price at our 4-case delivery minimum amount and will continue to honor that. We can now also offer you our 40-case discount with a minimum of 10-cases per order. These prices would be $72 for our 10mg options, $60 for our 5mg options, and $28 for our 2mg options. Let me know if you have any questions about this. ",,,80,,4,,,80,13.333333333333334,-0.01,,1334.3333333333333,27.99,19.96,0,0,,,,Bauhaus Brew Labs810091530573,Bauhaus Brew Labs,Bauhaus Brew Labs,Beverages,0.5,80,0,False
Bauhaus Brew Labs810091530498,Bauhaus Brew Labs,Yes,yes,,Bauhaus Brew Labs,Tetra,7,810091530498,Tetra JUICED Pine Mango 10mg THC 4pk 12oz can,10,THC,Beverages,,4pk 12oz can,6,,,,80,,4,,,80,13.333333333333334,,24.99,20.96,0.3638676844783715,23.99,19.96,0,,,,Bauhaus Brew Labs810091530498,Bauhaus Brew Labs,Bauhaus Brew Labs,Beverages,0.5,80,79.9998,False
Nothing But Hemp LLC649696462886,,Yes,Remove,Yes,Nothing But Hemp LLC,Vibes,649696462886,649696462886,Vibes Bomb Pop 10mg THC 4pk 12oz can,10mg,THC,Beverages,,4pk 12oz can,6,,108,96,80,,,,,80,13.333333333333334,26.99,,0.5059898727923922,20.99,17.96,12.86,12.86,,,,Nothing But Hemp LLC649696462886,Nothing But Hemp LLC,Nothing But Hemp LLC,Beverages,0.5,80,,False
Nothing But Hemp LLC649275846564,,Yes,Remove,,Nothing But Hemp LLC,Vibes,649275846564,649275846564,Vibes Mango Hybrid 5mg THC 4pk 12oz can,,THC,Beverages,,4pk 12oz can,6,,,,,,,,,0,0,-0.01,,1,20.99,11.86,0,0,,,,Nothing But Hemp LLC649275846564,Nothing But Hemp LLC,Nothing But Hemp LLC,Beverages,0.5,0,,False
Nothing But Hemp LLC649696346841,,Yes,Remove,Yes,Nothing But Hemp LLC,Vibes,VP060425,649696346841,Vibes Peach 10mg THC 4pk 12oz can,10mg,THC,Beverages,,4pk 12oz can,6,,108,96,80,,,,,80,13.333333333333334,26.99,,0.5059898727923922,20.99,17.96,12.86,12.86,,,,Nothing But Hemp LLC649696346841,Nothing But Hemp LLC,Nothing But Hemp LLC,Beverages,0.5,80,,False
Nothing But Hemp LLC649696406125,,Yes,Remove,Yes,Nothing But Hemp LLC,Vibes,VWK060425,649696406125,Vibes Watermelon Kiwi 10mg THC 4pk 12oz can,10mg,THC,Beverages,,4pk 12oz can,6,,93,87,74,,,,,74,12.333333333333334,22.99,,0.46353487023343476,20.99,17.96,12.86,12.86,,,,Nothing But Hemp LLC649696406125,Nothing But Hemp LLC,Nothing But Hemp LLC,Beverages,0.5,74,,False
Nothing But Hemp LLC649696347794,,Yes,Remove,Yes,Nothing But Hemp LLC,Vibes,649696347794,649696347794,Vibes Wildberry Indica 10mg THC 4pk 12oz can,10mg,THC,Beverages,,4pk 12oz can,6,,93,87,74,,,,,74,12.333333333333334,22.99,,0.46353487023343476,20.99,17.96,12.86,12.86,,,,Nothing But Hemp LLC649696347794,Nothing But Hemp LLC,Nothing But Hemp LLC,Beverages,0.5,74,,False
Bellboy Corporation850046271120,,Yes,Remove,,Bellboy Corporation,Wikid,9933002,850046271120,Wikid Sparkling Bramble 5mg THC 4pk 12oz can,,THC,Beverages,,4pk 12oz can,6,Case 1,80,80,70,,,,,70,11.666666666666666,0.125,20.99,17.96,0.350408314773571,22.99,17.96,0,,,,Bellboy Corporation850046271120,Bellboy Corporation,Bellboy Corporation,Beverages,0.5,70,0,False
Bellboy Corporation850046271106,,Yes,Remove,,Bellboy Corporation,Wikid,9931002,850046271106,Wikid Sparkling Mimosa 5mg THC 4pk 12oz can,,THC,Beverages,,4pk 12oz can,6,Case 1,80,80,70,,,,,70,11.666666666666666,0.125,20.99,17.96,0.350408314773571,20.99,17.96,0,,,,Bellboy Corporation850046271106,Bellboy Corporation,Bellboy Corporation,Beverages,0.5,70,0,False
Bellboy Corporation850046271113,,Yes,Remove,,Bellboy Corporation,Wikid,9932002,850046271113,Wikid Sparkling Paloma 5mg THC 4pk 12oz can,,THC,Beverages,,4pk 12oz can,6,Case 1,80,80,70,,,,,70,11.666666666666666,0.125,20.99,17.96,0.350408314773571,22.99,17.96,0,,,,Bellboy Corporation850046271113,Bellboy Corporation,Bellboy Corporation,Beverages,0.5,70,0,False
Wild State Cider850018947411,,,Yes,,Wild State Cider,Wild State Cider,1,850018947411,Wild State Birdie Blood Orange 10mg THC 4pk 12oz can,10,THC,Beverages,,4pk 12oz can,6,,,,65.97,,,,,65.97,10.995,,19.99,15.96,0.31109022556390986,18.99,15.96,0,,,,Wild State Cider850018947411,Wild State Cider,Wild State Cider,Beverages,0.5,65.97,,False
Wild State Cider850018947817,,,Yes,,Wild State Cider,Wild State Cider,850018947817,850018947817,Wild State Birdie Grapefruit Twist 10mg THC 4pk 12oz can,10,THC,Beverages,,4pk 12oz can,6,,,,65.97,,,,,65.97,10.995,,19.99,15.96,0.31109022556390986,18.99,15.96,5.86,,,,Wild State Cider850018947817,Wild State Cider,Wild State Cider,Beverages,0.5,65.97,,False
Wild State Cider850018947527,,,Yes,,Wild State Cider,Wild State Cider,3,850018947527,Wild State Birdie Moscow Mule 10mg THC 4pk 12oz can,10,THC,Beverages,,4pk 12oz can,6,,,,65.97,,,,,65.97,10.995,,19.99,15.96,0.31109022556390986,19.99,15.96,,,,,Wild State Cider850018947527,Wild State Cider,Wild State Cider,,0.5,65.97,,False
Wild State Cider850018947718,,,Yes,,Wild State Cider,Wild State Cider,850018947718,850018947718,Wild State Birdie Trop Green Tea 10mg THC 4pk 12oz can,10,THC,Beverages,,4pk 12oz can,6,,,,65.97,,,,,65.97,10.995,,19.99,15.96,0.31109022556390986,18.99,15.96,0,,,Alot More - Varies ,Minny Grown860011669463,Minny Grown,Minny Grown,Beverages,0.5,66,66,
Get Chai810109863761,,Yes,Yes,,Get Chai,Wyld,810109863761,810109863761,Wyld Blackberry Lemon 10mg THC 4pk 12oz cans,10,THC,Beverages,,4pk 12oz can,6,,,,64.6,,,,,64.6,10.766666666666666,,18.99,14.96,0.2803030303030304,18.99,14.96,0,19.99,83,Alot More - Varies ,Minny Grown860009899322,Minny Grown,Minny Grown,Beverages,0.5,66,66,
Get Chai810109863723,,Yes,Yes,,Get Chai,Wyld,810109863723,810109863723,Wyld Mango 10mg THC 4pk 12oz cans,10,THC,Beverages,,4pk 12oz can,6,,,,64.6,,,,,64.6,10.766666666666666,,18.99,14.96,0.2803030303030304,18.99,14.96,0,,,,Minny Grown850063284677,Minny Grown,Minny Grown,Beverages,0.5,66,66,
Get Chai810109863754,,Yes,Yes,,Get Chai,Wyld,810109863754,810109863754,Wyld Raspberry Lime 10mg THC 4pk 12oz can,10,THC,Beverages,,4pk 12oz can,6,,,,64.6,,,,,64.6,10.766666666666666,,18.99,14.96,0.2803030303030304,18.99,14.96,0,19.99,66,Alot More - Varies ,Minny Grown860009899315,Minny Grown,Minny Grown,Beverages,0.5,96,66,
Get Chai810109863747,,Yes,Yes,,Get Chai,Wyld,810109863747,810109863747,Wyld Strawberry Guava 10mg THC 4pk 12oz cans,10,THC,Beverages,,4pk 12oz can,6,,,,64.6,,,,,64.6,10.766666666666666,,18.99,14.96,0.2803030303030304,18.99,14.96,0,,,Alot More - Varies ,Minny Grown850063284653,Minny Grown,Minny Grown,Edibles,0.5,66,66,
Get Chai810109863730,,Yes,Yes,,Get Chai,Wyld,810109863730,810109863730,Wyld Watermelon 10mg THC 4pk 12oz cans,10,THC,Beverages,,4pk 12oz can,6,,,,64.6,,,,,64.6,10.766666666666666,,18.99,14.96,0.2803030303030304,18.99,14.96,0,19.99,70,Alot More - Varies ,Minny Grown860009438095,Minny Grown,Minny Grown,Beverages,0.5,96,66,
Get Chai198715683899,,,Yes,Yes,Get Chai,Wherehouse Beverage,198715683899,198715683899,Wynk Lemonade Variety Pack 10mg THC 12pk 12oz can,10,THC,Beverages,,12pk 12oz can,2,Case 1 Upfront,36,,36,,,,,36,18,,31.99,27.96,0.3562231759656653,33.49,27.96,0,,,,Minny Grown850063284660,Minny Grown,Minny Grown,Beverages,0.5,66,66,
Get Chai198715172546,,,Yes,Yes,Get Chai,Wherehouse Beverage,198715172546,198715172546,Wynk Mandarin Pomelo 5mg THC 12pk 12oz can,5,THC,Beverages,,6pk 12oz can,4,Case 1 Upfront,33.5,,33.5,,,,,33.5,8.375,,14.99,12.96,0.3537808641975309,14.99,12.96,0,32.99,74,Alot More - Varies ,Minny Grown860009438019,Minny Grown,Minny Grown,Beverages,0.5,96,70,
Get Chai197644029709,,,Yes,Yes,Get Chai,Wherehouse Beverage,197644029709,197644029709,Wynk Tangerine 5mg THC 6pk 12oz can,5,THC,Beverages,,6pk 12oz can,4,Case 1 Upfront,33.5,,33.5,,,,,33.5,8.375,,14.99,14.96,0.44017379679144386,17.49,14.96,0,,,Alot More - Varies ,Minny Grown860010316498,Minny Grown,Minny Grown,Edibles,0.5,96,0,
Get Chai197644343683,,,Yes,Yes,Get Chai,Wherehouse Beverage,197644343683,197644343683,Wynk Variety Pack 5mg THC 12pk 12oz can,5,THC,Beverages,,12pk 12oz can,2,Case 1 Upfront,33,,33,,,,,33,16.5,,29.99,27.96,0.40987124463519314,33.49,27.96,0,,86,,Get Chai197644343683,Get Chai,Get Chai,Beverages,0.5,33,,
"North Star Hemp, LLC051497424688",,Yes,Remove,,"North Star Hemp, LLC",You Betcha,051497424688,051497424688,You Betcha Coffee Crisp 5mg THC 10 Pack,,THC,Edibles,,,10,,,,100,,,,0,100,10,-0.01,,1001,,,,,,,,"North Star Hemp, LLC051497424688","North Star Hemp, LLC","North Star Hemp, LLC",,0.5,100,,
"North Star Hemp, LLC810023141020",,,Remove,,"North Star Hemp, LLC",You Betcha,6,810023141020,You Betcha Day Time Pineapple Mango 6pk 12oz btl,,THC,Beverages,,6pk 12oz btl,4,,,,,,,,0,0,0,-0.01,,1,,,,,,,Alot More - Varies ,"North Star Hemp, LLC810023141020","North Star Hemp, LLC","North Star Hemp, LLC",,0.5,0,,
"North Star Hemp, LLC810023141006","North Star Hemp, LLC",Yes,yes,,"North Star Hemp, LLC",You Betcha,810023141006,810023141006,You Betcha Daytime 5mg THC 4pk 12oz can,5,THC,Beverages,,4pk 12oz can,6,Blood Orange Lime (Orange),,65,50,,,,,50,8.333333333333334,0.23076923076923073,15.99,12.96,0.35699588477366256,14.99,12.96,0,,,,"North Star Hemp, LLC810023141006","North Star Hemp, LLC","North Star Hemp, LLC",Beverages,0.5,50,49.99979999999999,
"North Star Hemp, LLC051497242343",,Yes,Remove,,"North Star Hemp, LLC",You Betcha,4,051497242343,You Betcha Lemon Ginger Bar 10 Pack,,THC,Edibles,,,10,,,,100,,,,0,100,10,-0.01,,1001,18.99,15.96,0,0,,,,"North Star Hemp, LLC051497242343","North Star Hemp, LLC","North Star Hemp, LLC",Edibles,0.5,100,,
"North Star Hemp, LLC810023141037",,Yes,Remove,,"North Star Hemp, LLC",You Betcha,5,810023141037,You Betcha Night Time Blackberry Lemon 6pk 12oz btl,,THC,Beverages,,6pk 12oz btl,4,,,,,,,,0,0,0,-0.01,,1,,,,,16.99,144,,"North Star Hemp, LLC810023141037","North Star Hemp, LLC","North Star Hemp, LLC",,0.5,0,,
Artisan Beer Company810073083202,,Yes,Remove,,Artisan Beer Company,SoCali Manufacturing,1996601,810073083202,CANN Blood Orange Cardamom 2mg THC 4pk 8oz can,2,THC,Beverages,,8oz,6,"Buy 130, get 10 NC",63.1,63.1,54.1,54.1,130,10,,,,,,,,,,,,,,,,,,,,,
Artisan Beer Company810073082632,,Yes,Remove,,Artisan Beer Company,SoCali Manufacturing,1731852,810073082632,CANN Blood Orange Cardamom Liquid Pack 2mg THC .5oz,2,THC,Beverages,,0.5oz,36,"Buy 10, get 1 NC",70,70,64,64,10,1,,,,,,,,,,,,,,,,,,,,,
Artisan Beer Company810073083288,,Yes,Remove,,Artisan Beer Company,SoCali Manufacturing,1557709,810073083288,CANN Cranberry Sage 2mg THC,2,THC,Beverages,,8oz,6,"Buy 130, get 10 NC",63.1,63.1,54.1,54.1,130,10,,,,,,,,,,,,,,,,,,,,,
Artisan Beer Company810073083370,,Yes,Remove,,Artisan Beer Company,SoCali Manufacturing,1637314,810073083370,CANN Ginger Lemongrass Liquid Pack 2mg THC .5oz,2,THC,Beverages,,0.5oz,36,"Buy 10, get 1 NC",70,70,64,64,10,1,,,,,,,,,,,,,,,,,,,,,
Artisan Beer Company810073083226,,Yes,Remove,,Artisan Beer Company,SoCali Manufacturing,1647717,810073083226,CANN Grapefruit Rosemary 2mg THC 4pk 8oz can,2,THC,Beverages,,8oz,6,"Buy 130, get 10 NC",63.1,63.1,54.1,54.1,130,10,,,,,,,,,,,,,,,,,,,,,
Artisan Beer Company810073082649,,Yes,Remove,,Artisan Beer Company,SoCali Manufacturing,1866972,810073082649,CANN Grapefruit Rosemary Liquid Pack 2mg THC .5oz,2,THC,Beverages,,0.5oz,36,"Buy 10, get 1 NC",70,70,64,64,10,1,,,,,,,,,,,,,,,,,,,,,
Artisan Beer Company810073082793,,Yes,Remove,,Artisan Beer Company,SoCali Manufacturing,1420397,810073082793,CANN Hi Boy Blood Orange Cardamom 5mg THC 4pk 12oz can,5,THC,Beverages,,12oz,6,"Buy 104, get 10 NC",72.15,72.15,67.6,67.6,104,10,,,,,,,,,,,,,,,,,,,,,
Artisan Beer Company810073082892,,Yes,Remove,,Artisan Beer Company,SoCali Manufacturing,1117433,810073082892,CANN Hi Boy Cranberry Sage 5mg THC – Outgoing Seasonal,5,THC,Beverages,,12oz,6,"Buy 104, get 10 NC",72.15,72.15,67.6,67.6,104,10,,,,,,,,,,,,,,,,,,,,,
Artisan Beer Company810073082991,,Yes,Remove,,Artisan Beer Company,SoCali Manufacturing,1658645,810073082991,CANN Hi Boy Ginger Lemongrass 5mg THC – New Seasonal,5,,,,12oz,6,"Buy 104, get 10 NC",72.15,72.15,67.6,67.6,104,10,,,,,,,,,,,,,,,,,,,,,
Artisan Beer Company810073082809,,Yes,Remove,,Artisan Beer Company,SoCali Manufacturing,1987369,810073082809,CANN Hi Boy Grapefruit Rosemary 5mg THC 4pk 12oz can,5,THC,Beverages,,12oz,6,"Buy 104, get 10 NC",72.15,72.15,67.6,67.6,104,10,,,,,,,,,,,,,,,,,,,,,
Artisan Beer Company810073082755,,Yes,Remove,,Artisan Beer Company,SoCali Manufacturing,1929295,810073082755,CANN Hi Boy Lemon Lavender 5mg THC 4pk 12oz can,5,THC,Beverages,,12oz,6,"Buy 104, get 10 NC",72.15,72.15,67.6,67.6,104,10,,,,,,,,,,,,,,,,,,,,,
Artisan Beer Company810073083264,,Yes,Remove,,Artisan Beer Company,SoCali Manufacturing,1351714,810073083264,CANN Hi Boy Yuzu Elderflower 5mg THC 4pk 12oz can,5,THC,Beverages,,12oz,6,"Buy 104, get 10 NC",72.15,72.15,67.6,67.6,104,10,,,,,,,,,,,,,,,,,,,,,
Artisan Beer Company810073083646,,Yes,Remove,,Artisan Beer Company,SoCali Manufacturing,1830276,810073083646,CANN Hi'er Boy Blood Orange Cardamom 10mg THC 4pk 12oz can,10,THC,Beverages,,12oz,6,"Buy 104, get 10 NC",81.15,81.15,76.65,76.65,104,10,,,,,,,,,,,,,,,,,,,,,
Artisan Beer Company810073084094,,Yes,Remove,,Artisan Beer Company,SoCali Manufacturing,1660484,810073084094,CANN Hi'er Boy Ginger Lemongrass 10mg THC – New Seasonal,10,,,,12oz,6,"Buy 104, get 10 NC",81.15,81.15,76.65,76.65,104,10,,,,,,,,,,,,,,,,,,,,,
Artisan Beer Company810073083652,,Yes,Remove,,Artisan Beer Company,SoCali Manufacturing,1759504,810073083652,CANN Hi'er Boy Grapefruit Rosemary 10mg THC 4pk 12oz can,10,THC,Beverages,,12oz,6,"Buy 104, get 10 NC",81.15,81.15,76.65,76.65,104,10,,,,,,,,,,,,,,,,,,,,,
Artisan Beer Company810073083639,,Yes,Remove,,Artisan Beer Company,SoCali Manufacturing,1523163,810073083639,CANN Hi'er Boy Lemon Lavender 10mg THC 4pk 12oz can,10,THC,Beverages,,12oz,6,"Buy 104, get 10 NC",81.15,81.15,76.65,76.65,104,10,,,,,,,,,,,,,,,,,,,,,
Artisan Beer Company810073083219,,Yes,Remove,,Artisan Beer Company,SoCali Manufacturing,1990860,810073083219,CANN Lemon Lavender 2mg THC 4pk 8oz can,2,THC,Beverages,,8oz,6,"Buy 130, get 10 NC",63.1,63.1,54.1,54.1,130,10,,,,,,,,,,,,,,,,,,,,,
Artisan Beer Company810073082625,,Yes,Remove,,Artisan Beer Company,SoCali Manufacturing,1181713,810073082625,CANN Lemon Lavender Liquid Pack 2mg THC .5oz,2,THC,Beverages,,0.5oz,36,"Buy 10, get 1 NC",70,70,64,64,10,1,,,,,,,,,,,,,,,,,,,,,
SOCALI Manufacturing Inc.810073082632,,Yes,Remove,,SOCALI Manufacturing Inc.,SOCALI Manufacturing Inc.,,810073082632,Cann Roadie Blood Orange Cardamom 2mg THC 0.5oz,2,THC,Beverages,,,12,,,,270,,,,,,,,,,,,,,,,,,,,,,,,
SOCALI Manufacturing Inc.810073082649,,Yes,Remove,,SOCALI Manufacturing Inc.,SOCALI Manufacturing Inc.,,810073082649,Cann Roadie Grapefruit Rosemary 2mg THC 0.5oz,2,THC,Beverages,,,12,,,,270,,,,,,,,,,,,,,,,,,,,,,,,
SOCALI Manufacturing Inc.810073082625,,Yes,Remove,,SOCALI Manufacturing Inc.,SOCALI Manufacturing Inc.,,810073082625,Cann Roadie Lemon Lavender 2mg THC 0.5oz,2,THC,Beverages,,,12,,,,270,,,,,,,,,,,,,,,,,,,,,,,,
Artisan Beer Company810073083042,,Yes,Remove,,Artisan Beer Company,SoCali Manufacturing,1703172,810073083042,CANN Variety Pack 2mg THC 12pk 8oz can,2,THC,Beverages,,8oz,2,"Buy 104, get 10 NC",52.6,52.6,45.1,45.1,104,10,,,,,,,,,,,,,,,,,,,,,
Artisan Beer Company810073083554,,Yes,Remove,,Artisan Beer Company,SoCali Manufacturing,1409412,810073083554,CANN Yuzu Elderflower 2mg THC 4pk 8oz can,2,THC,Beverages,,8oz,6,"Buy 130, get 10 NC",63.1,63.1,54.1,54.1,130,10,,,,,,,,,,,,,,,,,,,,,
Artisan Beer Company810073083455,,Yes,Remove,,Artisan Beer Company,SoCali Manufacturing,1759034,810073083455,CANN Yuzu Elderflower Liquid Pack 2mg THC .5oz,2,THC,Beverages,,0.5oz,36,"Buy 10, get 1 NC",70,70,64,64,10,1,,,,,,,,,,,,,,,,,,,,,
"Capitol Beverage Sales, L.P.850018968034",,Yes,Remove,,"Capitol Beverage Sales, L.P.",Chill State,18651,850018968034,Chill State Grapefruit Kush 4pk 16oz can,,THC,Beverages,,4pk 16oz can,6,,,72,60,12,1,,,,,,,,,,,,,,,,,,,,,,
"Capitol Beverage Sales, L.P.850018968737",,Yes,Remove,,"Capitol Beverage Sales, L.P.",Chill State,18655,850018968737,Chill State Pineapple Express 4pk 16oz can,,THC,Beverages,,4pk 16oz can,6,,,72,60,12,1,,,,,,,,,,,,,,,,,,,,,,
"Capitol Beverage Sales, L.P.850018968744",,Yes,Remove,,"Capitol Beverage Sales, L.P.",Chill State,18691,850018968744,Chill State Super Lemon Haze 10mg THC 4pk 16oz can,10,THC,Beverages,,4pk 16oz can,6,,,80,66.66666666666667,13.333333333333334,1,,,,,,,,,,,,,,,,,,,,,,
Nothing But Hemp LLC649696361431,,Yes,Remove,,Nothing But Hemp LLC,Forbidden,649696361431,649696361431,Forbidden Fruit Iced Tea Lemonade 10mg THC 4pk 12oz can,40,THC,Beverages,,4pk 12oz can,6,,93,87,74,,,,,,,,,,,,,,,,,,,,,,,,
Nothing But Hemp LLC649696026200,,Yes,Remove,,Nothing But Hemp LLC,Forbidden,FFL11923,649696026200,Forbidden Fruit Lemonade 10mg THC 4pk 12oz can,40,THC,Beverages,,4pk 12oz can,6,,93,87,74,,,,,,,,,,,,,,,,,,,,,,,,
Get Chai850060645044,,Yes,Remove,,Get Chai,Howdy,850060645044,850060645044,Howdy Lemonade 5mg THC 4pk 12oz can,5,THC,Beverages,,4pk 12oz can,6,,,,52.12,,,,,,,,,,,,,,,,,,,,,,,,
Get Chai850060645518,,Yes,Remove,,Get Chai,Howdy,850060645518,850060645518,Howdy Paloma 5mg THC 4pk 12oz can,5,THC,Beverages,,4pk 12oz can,6,,,,52.12,,,,,,,,,,,,,,,,,,,,,,,,
Get Chai850060645525,,Yes,Remove,,Get Chai,Howdy,850060645525,850060645525,Howdy Ranch Water 5mg THC 4pk 12oz can,5,THC,Beverages,,4pk 12oz can,6,,,,52.12,,,,,,,,,,,,,,,,,,,,,,,,
Get Chai850060645020,,Yes,Remove,,Get Chai,Howdy,850060645020,850060645020,Howdy Sweet Tea 5mg 4pk 12oz can,5,THC,Beverages,,4pk 12oz can,6,,,,52.12,,,,,,,,,,,,,,,,,,,,,,,,
Nothing But Hemp LLC649696462138,,Yes,Remove,,Nothing But Hemp LLC,Minnesota Nice,,649696462138,Minnesota Nice Caramels 10 Pack,50,THC,Edibles,,,12,Id like to implent $120/cs on this item,180,156,144,,,,,,,,,,,,,,,,,,,,,,,,
Nibbana LLC850027710860,,Yes,Remove,,Nibbana LLC,Nibbana LLC,850027710860,850027710860,Nibbana Blue Razz 4pk 12oz can,5,THC,Beverages,,4pk 12oz can,6,,,,66,,2,,,,,,,,,,,,,,,,,,,,,,
Nibbana LLC850027710921,,Yes,Remove,,Nibbana LLC,Nibbana LLC,850027710921,850027710921,Nibbana Blue Razz Caffeine 4pk 12oz can,5,THC,Beverages,,4pk 12oz can,6,,,,70,,2,,,,,,,,,,,,,,,,,,,,,,
Nibbana LLC850027710907,,Yes,Remove,,Nibbana LLC,Nibbana LLC,850027710907,850027710907,Nibbana Grapefruit Glow 4pk 12oz can,5,THC,Beverages,,4pk 12oz can,6,,,,70,,2,,,,,,,,,,,,,,,,,,,,,,
Nibbana LLC850027710877,,Yes,Remove,,Nibbana LLC,Nibbana LLC,850027710877,850027710877,Nibbana Watermelon Wave 4pk 12oz can,5,THC,Beverages,,4pk 12oz can,6,,,,66,,2,,,,,,,,,,,,,,,,,,,,,,
Nibbana LLC850027710938,,Yes,Remove,,Nibbana LLC,Nibbana LLC,850027710938,850027710938,Nibbana Watermelon Wave Caffeine 4pk 12oz can,5,THC,Beverages,,4pk 12oz can,6,,,,70,,2,,,,,,,,,,,,,,,,,,,,,,
Nothing But Hemp LLC649696437501,,Yes,Remove,,Nothing But Hemp LLC,Nothing But Hemp LLC,,649696437501,Nothing But Hemp Agent Orange 10mg THC 1 pack,10mg,THC,Edibles,,1 Pack,24,,84,72,36,,,,,,,,,,,,,,,,,,,,,,,,
Nothing But Hemp LLC649696442857,,Yes,Remove,,Nothing But Hemp LLC,Nothing But Hemp LLC,,649696442857,Nothing But Hemp Blue Dream 10mg THC 1 pack,10mg,THC,Edibles,,1 Pack,24,,84,72,36,,,,,,,,,,,,,,,,,,,,,,,,
Nothing But Hemp LLC649696011633,,Yes,Remove,,Nothing But Hemp LLC,Nothing But Hemp LLC,,649696011633,Nothing But Hemp Zkittles 10mg THC 1 pack,10mg,THC,Edibles,,1 Pack,24,,84,72,36,,,,,,,,,,,,,,,,,,,,,,,,
Nothing But Hemp LLC649696031334,,Yes,Remove,,Nothing But Hemp LLC,Outer Space,,649696031334,Outer Space Strawberry Taffy 10 Pack,50,THC,Edibles,,,12,Id like to implent $120/cs on this item,180,156,144,,,,,,,,,,,,,,,,,,,,,,,,
Social Ciderwerks859990007434,,Yes,Remove,,Social Ciderwerks,Social Ciderwerks,,859990007434,Squoze Ahhnold Tea & Lemonade 10mg THC 4pk 12oz can,10,THC,Beverages,,4pk 12oz can,6,,,,52,,,,,,,,,,,,,,,,,,,,,,,,
Social Ciderwerks859990007427,,Yes,Remove,,Social Ciderwerks,Social Ciderwerks,90,859990007427,Squoze Raspberry Haze 5mg THC 4pk 12oz can,5,THC,Beverages,,4pk 12oz can,6,,,,52,,,,,,,,,,,,,,,,,,,,,,,,
Social Ciderwerks859990007410,,Yes,Remove,,Social Ciderwerks,Social Ciderwerks,91,859990007410,Squoze Tropical Kush 10mg THC 4pk 12oz can,10,THC,Beverages,,4pk 12oz can,6,,,,52,,,,,,,,,,,,,,,,,,,,,,,,
Nothing But Hemp LLC649696090072,,Yes,Remove,,Nothing But Hemp LLC,Vibes,VIBEBCHC121823,649696090072,Vibes Black Cherry Pie Hard Candy 5mg THC 10 Pack,5mg,THC,Edibles,,,12,,180,156,120,,,,,,,,,,,,,,,,,,,,,,,,
Nothing But Hemp LLC649696087737,,Yes,Remove,,Nothing But Hemp LLC,Vibes,VIBEMK121823,649696087737,Vibes Mango Kush Hard Candy 5mg THC 10 Pack,50,THC,Edibles,,,12,,180,156,120,,,,,,,,,,,,,,,,,,,,,,,,
Credo Brands LLC850007584771,,Yes,Remove,,Credo Brands LLC,Voltage,950007584771,850007584771,Voltage Mango-Colada 10mg THC 4pk 12oz can,10,THC,Beverages,,4pk 12oz can,6,,,,54,,,,,,,,,,,,,,,,,,,,,,,,
Credo Brands LLC850007584740,,Yes,Remove,,Credo Brands LLC,Voltage,334,850007584740,Voltage Tropical Frenzy 10mg THC 4pk 12oz can,10,THC,Beverages,,4pk 12oz can,6,,,,54,,,,,,,,,,,,,,,,,,,,,,,,
Get Chai725792933212,,Yes,Remove,,Get Chai,1906,725792933212,725792933212,1906 Bliss Drops 2mg THC 25pk,2,THC,Edibles,,25pk,24,,,,240,,,,,,,,,,,,,,,,,,,,,,,,
Get Chai643950493647,,Yes,Remove,,Get Chai,1906,643950493647,643950493647,1906 Bliss Drops 2mg THC 5pk,2,THC,Edibles,,5pk,50,,,,110,,,,,,,,,,,,,,,,,,,,,,,,
Get Chai725792792536,,Yes,Remove,,Get Chai,1906,725792792536,725792792536,1906 Boost Drops 2mg THC 25pk,2,THC,Edibles,,25pk,24,,,,240,,,,,,,,,,,,,,,,,,,,,,,,
Get Chai643950493708,,Yes,Remove,,Get Chai,1906,643950493708,643950493708,1906 Boost Drops 2mg THC 5pk,2,THC,Edibles,,5pk,50,,,,110,,,,,,,,,,,,,,,,,,,,,,,,
Get Chai725792627906,,Yes,Remove,,Get Chai,1906,725792627906,725792627906,1906 Chill Drops 2mg THC 25pk,2,THC,Edibles,,25pk,24,,,,240,,,,,,,,,,,,,,,,,,,,,,,,
Get Chai725792868019,,Yes,Remove,,Get Chai,1906,725792868019,725792868019,1906 Chill Drops 2mg THC 5pk,2,THC,Edibles,,5pk,50,,,,110,,,,,,,,,,,,,,,,,,,,,,,,
Get Chai725792989622,,Yes,Remove,,Get Chai,1906,725792989622,725792989622,1906 Genius Drops 2mg THC 25pk,2,THC,Edibles,,25pk,24,,,,240,,,,,,,,,,,,,,,,,,,,,,,,
Get Chai643950493623,,Yes,Remove,,Get Chai,1906,643950493623,643950493623,1906 Genius Drops 2mg THC 5pk,2,THC,Edibles,,5pk,50,,,,110,,,,,,,,,,,,,,,,,,,,,,,,
Get Chai725792903987,,Yes,Remove,,Get Chai,1906,725792903987,725792903987,1906 GO Drops 2mg THC 25pk,2,THC,Edibles,,25pk,24,,,,240,,,,,,,,,,,,,,,,,,,,,,,,
Get Chai725792915942,,Yes,Remove,,Get Chai,1906,725792915942,725792915942,1906 GO Drops 2mg THC 5pk,2,THC,Edibles,,5pk,50,,,,110,,,,,,,,,,,,,,,,,,,,,,,,
Get Chai725792867340,,Yes,Remove,,Get Chai,1906,725792867340,725792867340,1906 Love Drops 2mg THC 25pk,2,THC,Edibles,,25pk,24,,,,240,,,,,,,,,,,,,,,,,,,,,,,,
Get Chai643950493609,,Yes,Remove,,Get Chai,1906,643950493609,643950493609,1906 Love Drops 2mg THC 5pk,2,THC,Edibles,,5pk,50,,,,110,,,,,,,,,,,,,,,,,,,,,,,,
Get Chai643950493777,,Yes,Remove,,Get Chai,1906,725792786627,643950493777,1906 Off Duty 5mg THC 10pk Snap,5,THC,Edibles,,10pk,20,,,,240,,,,,,,,,,,,,,,,,,,,,,,,
Get Chai725792526704,,Yes,Remove,,Get Chai,1906,725792526704,725792526704,1906 PAIN AM 10mg THC Gummies 5pk,10,THC,Edibles,,5pk,24,,,,200,,,,,,,,,,,,,,,,,,,,,,,,
Get Chai725792814917,,Yes,Remove,,Get Chai,1906,725792814917,725792814917,1906 PAIN PM 10mg THC Gummies 5pk,10,THC,Edibles,,5pk,24,,,,200,,,,,,,,,,,,,,,,,,,,,,,,
Get Chai725792550501,,Yes,Remove,,Get Chai,1906,725792550501,725792550501,1906 Sleep Drops 2mg THC 25pk,2,THC,Edibles,,25pk,24,,,,240,,,,,,,,,,,,,,,,,,,,,,,,
Get Chai643950493685,,Yes,Remove,,Get Chai,1906,643950493685,643950493685,1906 Sleep Drops 2mg THC 5pk,2,THC,Edibles,,5pk,50,,,,110,,,,,,,,,,,,,,,,,,,,,,,,
"Capitol Beverage Sales, L.P.860003586266",,Yes,Remove,,"Capitol Beverage Sales, L.P.",Happi,20905,860003586266,Happi Glow 4pk 7.5oz can,,THC,Beverages,,4pk 8oz can,6,,,64,53.333333333333336,10.666666666666666,1,,,,,,,,,,,,,,,,,,,,,,
"Capitol Beverage Sales, L.P.860009993624",,Yes,Remove,,"Capitol Beverage Sales, L.P.",Happi,20911,860009993624,Happi Glow Up 10mg THC 4pk 12oz can,10,THC,Beverages,,4pk 12oz can,6,,,83.75,69.79166666666667,13.958333333333334,1,,,,,,,,,,,,,,,,,,,,,,
"Capitol Beverage Sales, L.P.860009993600",,Yes,Remove,,"Capitol Beverage Sales, L.P.",Happi,20903,860009993600,Happi Lime Wild Mint 4pk 7.5oz can,,THC,Beverages,,4pk 8oz can,6,,,64,53.333333333333336,10.666666666666666,1,,,,,,,,,,,,,,,,,,,,,,
"Capitol Beverage Sales, L.P.860003586280",,Yes,Remove,,"Capitol Beverage Sales, L.P.",Happi,20909,860003586280,Happi Nightcap 4pk 7.5oz can,,THC,Beverages,,4pk 8oz can,6,,,64,53.333333333333336,10.666666666666666,1,,,,,,,,,,,,,,,,,,,,,,
"Capitol Beverage Sales, L.P.860009993662",,Yes,Remove,,"Capitol Beverage Sales, L.P.",Happi,20913,860009993662,Happi Rasp Honeysuckle 10mg THC 4pk 12oz can,10,THC,Beverages,,4pk 12oz can,6,,,83.75,69.79166666666667,13.958333333333334,1,,,,,,,,,,,,,,,,,,,,,,
"Capitol Beverage Sales, L.P.860003586228",,Yes,Remove,,"Capitol Beverage Sales, L.P.",Happi,20901,860003586228,Happi Raspberry Honeysuckle 4pk 7.5oz can,,THC,Beverages,,4pk 8oz can,6,,,64,53.333333333333336,10.666666666666666,1,,,,,,,,,,,,,,,,,,,,,,
Get Chai850029205081,,Yes,Remove,,Get Chai,High Rise,,850029205081,High Rise Blood Orange 10mg THC 4pk 12oz can,10,THC,Beverages,,4 pk 12 oz can,6,,,,48,,,,,,,,,,,,,,,,,,,,,,,,
Get Chai850073387016,,Yes,Remove,,Get Chai,High Rise,,850073387016,High Rise Blueberry 10mg THC 4pk 12oz can,10,THC,Beverages,,4 pk 12 oz can,6,,,,48,,,,,,,,,,,,,,,,,,,,,,,,
Get Chai850073387009,,Yes,Remove,,Get Chai,High Rise,,850073387009,High Rise Pineapple 10mg THC 4pk 12oz can,10,THC,Beverages,,4 pk 12 oz can,6,,,,48,,,,,,,,,,,,,,,,,,,,,,,,
Get Chai850031940963,,Yes,Remove,,Get Chai,High Spirits,850031940963,850031940963,High Spirits Cherry Limeade 10mg 4pk 12oz can,10,THC,Beverages,,4pk 12oz can,6,,,,24,,,,,,,,,,,,,,,,,,,,,,,,
Get Chai850057593037,,Yes,Remove,,Get Chai,High Spirits,850057593037,850057593037,High Spirits Cherry Limeade 5mg 4pk 12oz can,5,THC,Beverages,,4pk 12oz can,6,,,,0,,,,,,,,,,,,,,,,,,,,,,,,
Get Chai850031940956,,Yes,Remove,,Get Chai,High Spirits,850031940956,850031940956,High Spirits Grapefruit Lemon 10mg 4pk 12oz can,10,THC,Beverages,,4pk 12oz can,6,,,,24,,,,,,,,,,,,,,,,,,,,,,,,
Get Chai850057593020,,Yes,Remove,,Get Chai,High Spirits,850057593020,850057593020,High Spirits Grapefruit Lemon 5mg 4pk 12oz can,5,THC,Beverages,,4pk 12oz can,6,,,,0,,,,,,,,,,,,,,,,,,,,,,,,
Get Chai198715222210,,Yes,Remove,,Get Chai,Lolli,,198715222210,Lolli Cherry Cola 10mg THC 6pk 12oz can,10,THC,Beverages,,6pk 12oz can,4,,,,38.5,,,,,,,,,,,,,,,,,,,,,,,,
Get Chai198715680713,,Yes,Remove,,Get Chai,Lolli,,198715680713,Lolli Grape Soda 10mg THC 6pk 12oz can,10,THC,Beverages,,6pk 12oz can,4,,,,38.5,,,,,,,,,,,,,,,,,,,,,,,,
Get Chai198715205510,,Yes,Remove,,Get Chai,Lolli,,198715205510,Lolli Orange Soda 10mg THC 6pk 12oz can,10,THC,Beverages,,6pk 12oz can,4,,,,38.5,,,,,,,,,,,,,,,,,,,,,,,,
Get Chai860010381632,,Yes,Remove,,Get Chai,Pamos Hemp LLC,860010381632,860010381632,Pamos Spritz Bellini 10mg THC 4pk 12oz can,10,THC,Beverages,,4pk 12oz can,6,,,,66,,,,,,,,,,,,,,,,,,,,,,,,
Get Chai197644347049,,Yes,Remove,,Get Chai,Pamos Hemp LLC,197644347049,197644347049,Pamos Spritz Bellini 5mg THC 4pk 12oz can,5,THC,Beverages,,4pk 12oz can,6,,,,46.2,,,,,,,,,,,,,,,,,,,,,,,,
Get Chai860010381656,,Yes,Remove,,Get Chai,Pamos Hemp LLC,860010381656,860010381656,Pamos Spritz Long Island 10mg THC 4pk 12oz can,10,THC,Beverages,,4pk 12oz can,6,,,,66,,,,,,,,,,,,,,,,,,,,,,,,
Get Chai197644304943,,Yes,Remove,,Get Chai,Pamos Hemp LLC,197644304943,197644304943,Pamos Spritz Long Island 5mg THC 4pk 12oz can,5,THC,Beverages,,4pk 12oz can,6,,,,46.2,,,,,,,,,,,,,,,,,,,,,,,,
Get Chai860010381649,,Yes,Remove,,Get Chai,Pamos Hemp LLC,860010381649,860010381649,Pamos Spritz Mai Tai 10mg  THC 4pk 12oz can,10,THC,Beverages,,4pk 12oz can,6,,,,66,,,,,,,,,,,,,,,,,,,,,,,,
Get Chai197644301317,,Yes,Remove,,Get Chai,Pamos Hemp LLC,197644301317,197644301317,Pamos Spritz Mai Tai 5mg THC 4pk 12oz can,5,THC,Beverages,,4pk 12oz can,6,,,,46.2,,,,,,,,,,,,,,,,,,,,,,,,
Get Chai198168299159,,Yes,Remove,,Get Chai,Pamos Hemp LLC,198168299159,198168299159,Pamos Spritz Margarita 10mg THC 4pk 12oz can,10,THC,Beverages,,4pk 12oz can,6,,,,66,,,,,,,,,,,,,,,,,,,,,,,,
Get Chai198168873779,,Yes,Remove,,Get Chai,Pamos Hemp LLC,198168873779,198168873779,Pamos Spritz Margarita 5mg THC 4pk 12oz can,5,THC,Beverages,,4pk 12oz can,6,,,,46.2,,,,,,,,,,,,,,,,,,,,,,,,
Get Chai198715321258,,Yes,Remove,,Get Chai,Pamos Hemp LLC,198715321258,198715321258,Pamos Spritz Ranch Water 10mg THC 4pk 12oz can,10,THC,Beverages,,4pk 12oz can,6,,,,66,,,,,,,,,,,,,,,,,,,,,,,,
Get Chai198715357837,,Yes,Remove,,Get Chai,Pamos Hemp LLC,198715357837,198715357837,Pamos Spritz Ranch Water 5mg THC 4pk 12oz can,5,THC,Beverages,,4pk 12oz can,6,,,,46.2,,,,,,,,,,,,,,,,,,,,,,,,
Get Chai726665891370,,Yes,Remove,,Get Chai,"Pharos Brands International, LLC",726665891370,726665891370,Pharos Black Cherry 5mg THC 4pk 12oz can,5,THC,Beverages,,4pk 12oz can,6,,,,60,,,,,,,,,,,,,,,,,,,,,,,,
Get Chai726665891400,,Yes,Remove,,Get Chai,"Pharos Brands International, LLC",726665891400,726665891400,Pharos Blood Orange Lime 5mg THC 4pk 12oz can,5,THC,Beverages,,4pk 12oz can,6,,,,60,,,,,,,,,,,,,,,,,,,,,,,,
Get Chai726665891394,,Yes,Remove,,Get Chai,"Pharos Brands International, LLC",726665891394,726665891394,Pharos Mango 5mg THC 4pk 12oz can,5,THC,Beverages,,4pk 12oz can,6,,,,60,,,,,,,,,,,,,,,,,,,,,,,,
Get Chai726665891387,,Yes,Remove,,Get Chai,"Pharos Brands International, LLC",726665891387,726665891387,Pharos Raspberry Lemonade 5mg THC 4pk 12oz can,5,THC,Beverages,,4pk 12oz can,6,,,,60,,,,,,,,,,,,,,,,,,,,,,,,
Get Chai608275528061,,Yes,Remove,,Get Chai,"Sprinkle Hemp, LLC",608275528061,608275528061,Sprinkle CHILL 5mg THC Mix 10 Pack,5,THC,Edibles,,10 Pack,24,,,,164.4,,,,,,,,,,,,,,,,,,,,,,,,
Get Chai608275528092,,Yes,Remove,,Get Chai,"Sprinkle Hemp, LLC",608275528092,608275528092,Sprinkle CHILL 5mg THC Mix Single,5,THC,Edibles,,Single,288,,,,250.56,,,,,,,,,,,,,,,,,,,,,,,,
Get Chai608275528054,,Yes,Remove,,Get Chai,"Sprinkle Hemp, LLC",608275528054,608275528054,Sprinkle GO 5mg THC Mix 10 Pack,5,THC,Edibles,,10 Pack,24,,,,164.4,,,,,,,,,,,,,,,,,,,,,,,,
Get Chai608275528085,,Yes,Remove,,Get Chai,"Sprinkle Hemp, LLC",608275528085,608275528085,Sprinkle GO 5mg THC Mix Single,5,THC,Edibles,,Single,288,,,,250.56,,,,,,,,,,,,,,,,,,,,,,,,
Get Chai608275528078,,Yes,Remove,,Get Chai,"Sprinkle Hemp, LLC",608275528078,608275528078,Sprinkle SLEEP 5mg THC Mix 10 Pack,5,THC,Edibles,,10 Pack,24,,,,164.4,,,,,,,,,,,,,,,,,,,,,,,,
Get Chai721352813802,,Yes,Remove,,Get Chai,"Sprinkle Hemp, LLC",721352813802,721352813802,Sprinkle SLEEP 5mg THC Mix Single,5,THC,Edibles,,Single,288,,,,250.56,,,,,,,,,,,,,,,,,,,,,,,,
Superior Molecular850047998286,,Yes,Remove,,Superior Molecular,Superior Molecular,,850047998286,Superior Seltzer Black Cherry Lemon 10mg THC 4pk 12oz can,10,THC,Beverages,,4pk 12oz can,6,,,,48,,,,,,,,,,,,,,,,,,,,,,,,
Superior Molecular850047998064,,Yes,Remove,,Superior Molecular,Superior Molecular,,850047998064,Superior Seltzer Lemon Lime 10 mg THC 4pk 12oz can,10,THC,Beverages,,4pk 12oz can,6,,,,48,,,,,,,,,,,,,,,,,,,,,,,,
Superior Molecular850047998354,,Yes,Remove,,Superior Molecular,Superior Molecular,,850047998354,Superior Seltzer Orange Citrus 10mg THC 4pk 12oz can,10,THC,Beverages,,4pk 12oz can,6,,,,48,,,,,,,,,,,,,,,,,,,,,,,,
Superior Molecular850047998507,,Yes,Remove,,Superior Molecular,Superior Molecular,,850047998507,Superior Seltzer Transfusion 10mg THC 4pk 12oz can,10,THC,Beverages,,4pk 12oz can,6,,,,48,,,,,,,,,,,,,,,,,,,,,,,,
"Black Stack Brewing, Inc850000320529",,Yes,Remove,,"Black Stack Brewing, Inc","Black Stack Brewing, Inc",3881967318,850000320529,Blackstack Real Trees THC Blackberry Lemonade 4pk 16oz can,10,THC,Beverages,,4pk 16oz can,6,,76,,76,,,,,,,,,,,,,,,,,,,,,,,,
"Black Stack Brewing, Inc850000320246",,Yes,Remove,,"Black Stack Brewing, Inc","Black Stack Brewing, Inc",2390523793,850000320246,Blackstack Real Trees THC Blood Orange 4pk 16oz can,10,THC,Beverages,,4pk 16oz can,6,,76,,76,,,,,,,,,,,,,,,,,,,,,,,,
"Black Stack Brewing, Inc850000320413",,Yes,Remove,,"Black Stack Brewing, Inc","Black Stack Brewing, Inc",1774422715,850000320413,Blackstack Real Trees THC Straw Kiwi 4pk 16oz can,10,THC,Beverages,,4pk 16oz can,6,,76,,76,,,,,,,,,,,,,,,,,,,,,,,,
Bellboy Corporation810012698740,Bellboy Corporation,Yes,Remove,,Bellboy Corporation,BLNCD,9918152,810012698740,BLNCD Mocktail Variety Pack 10mg THC 6pk 12oz can,10mg,THC,Beverages,,6pk 12oz can,4,,96,96,80,,,,,80,20,0.16666666666666663,36.99,30.96,0.35400516795865633,33.49,27.96,0,,,,Bellboy Corporation810012698740,Bellboy Corporation,Bellboy Corporation,Beverages,0.5,80,80,
Bellboy Corporation197644309047,Nothing But Hemp LLC,,Remove,Yes,Bellboy Corporation,Brez,,197644309047,Brez Double 5mg THC 12oz can,5,THC,Beverages,,12oz can,24,,,,,,,,,0,0,,-0.01,-0.04,1,6.49,5.96,0,,,80.99,Bellboy Corporation197644309047,Bellboy Corporation,Bellboy Corporation,Beverages,0.5,0,,
Bellboy Corporation860012187980,Bellboy Corporation,Yes,Remove,Yes,Bellboy Corporation,Brez,9919001,860012187980,Brez Single 2.5mg THC 4pk 7.5oz can,2.5,THC,Beverages,,4pk 8oz can,6,,63,,55,,,,,55,9.166666666666666,0.12698412698412698,16.99,13.96,0.34336198662846235,17.99,14.96,0,,,85.99,Bellboy Corporation860012187980,Bellboy Corporation,Bellboy Corporation,Beverages,0.5,55,55.019999999999996,
Bellboy Corporation197644087846,Nothing But Hemp LLC,,Remove,Yes,Bellboy Corporation,Brez,,197644087846,Brez Single 2.5mg THC 7.5oz can,2.5,THC,Beverages,,8oz can,24,,,,,,,,,0,0,,-0.01,-0.04,1,5.49,4.96,0,,,85.99,Bellboy Corporation197644087846,Bellboy Corporation,Bellboy Corporation,Beverages,0.5,0,,
Bellboy Corporation850063284646,Bellboy Corporation,Yes,Remove,Yes,Bellboy Corporation,Minny Grown,9911122,850063284646,Minny Grown Highbernate Sleepy Time Tonic 10mg THC,10,THC,Beverages,,4pk 12oz can,6,$200 order qty per store,82,74.54,66,,,,,66,11,0.114569358733566,19.99,16.96,0.35141509433962265,19.99,17.96,0,X,76,Alot More - Varies ,Bellboy Corporation850063284646,Bellboy Corporation,Bellboy Corporation,Beverages,0.5,66,66,
Bellboy Corporation860009438002,Bellboy Corporation,Yes,Remove,Yes,Bellboy Corporation,Minny Grown,9912035,860009438002,Minny Grown Skol! 10 Pack,,THC,Edibles,,,12,$200 order qty per store,140,120,96,,,,,96,8,0.19999999999999996,13.99,11.96,0.33110367892976594,17.49,14.96,0,X,88,Alot More - Varies ,Bellboy Corporation860009438002,Bellboy Corporation,Bellboy Corporation,Edibles,0.5,96,96,
