Concat,Initials,REVIEW,Effective Date,Supplier Supported Tasting Item,Distributor,Supplier,Item Number,Product UPC,Product Description,THC Mg per unit,Department,Category (1),Sub Category,Size,Units/Case,Deal Description,Case 1 (Retail),Deepest Invoice (Market),Top Ten Invoice Cost,Free Case Value,Buy Qty,Free Qty,Net Case,Net/Unit,Discount To Market,Retail Override,Club Override,GM%,Avg Retail,Avg Club,Avg Sale,Category (for markup %),Markup,Distributor (1),Item Number (1),Product Description (1),Deal Description (1),Buy Months,Case 1 on Spirits Tab,Buy Month Invoice on Spirits Tab,Diff b/w Case 1,Diff Item Number,Concat (1),CR Pref Vendor,Cloud Retailer Name,Color,Concat (2),Purchase Price,Vendor Code,Buy Months (1),Current Preferred Price,Lower?,Dif (1)
Bauhaus Brew Labs810091530757,,,2025-09-01 00:00:00,,Bauhaus Brew Labs,Tetra,10,810091530757,Tetra Lyte Limeade 2mg THC 12pk 12oz can,2,THC,Beverages,,12pk 12oz can,2,,,,30,,4,,30,15,,,,0,,,,Standard,0.5,,,,,,,,,,Bauhaus Brew Labs810091530757,,Bauhaus Brew Labs,White,Bauhaus Brew Labs810091530757,0,10,12pk 12oz can, , , 
Bauhaus Brew Labs810091530962,,,2025-09-01 00:00:00,,Bauhaus Brew Labs,Tetra,11,810091530962,Tetra Lyte Blackberry Lemonade 2mg THC 12pk 12oz can,2,THC,Beverages,,12pk 12oz can,2,,,,30,,4,,30,15,,,,0,,,,Standard,0.5,,,,,,,,,,Bauhaus Brew Labs810091530962,,Bauhaus Brew Labs,White,Bauhaus Brew Labs810091530962,0,11,12pk 12oz can, , , 
Bauhaus Brew Labs810091530948,,,2025-09-01 00:00:00,,Bauhaus Brew Labs,Tetra,13,810091530948,Tetra x Francis Guava Limeade 5mg THC 4pk 12oz can,5,THC,Beverages,,4pk 12oz can,6,,,,62,,4,,62,10.333333333333334,,,,0,,,,,0.5,,,,,,,,,,Bauhaus Brew Labs810091530948,,Bauhaus Brew Labs,White,Bauhaus Brew Labs810091530948,0,13,4pk 12oz can,,,
Bauhaus Brew Labs810091530887,,,2025-09-01 00:00:00,,Bauhaus Brew Labs,Tetra,12,810091530887,Tetra Strawberry-Dragonfruit 10mg THC 4pk 12oz Can,10,THC,Beverages,,4pk 12oz can,6,,,,80,,4,,80,13.333333333333334,,,,0,,,,,0.5,,,,,,,,,,Bauhaus Brew Labs810091530887,,Bauhaus Brew Labs,White,Bauhaus Brew Labs810091530887,0,12,4pk 12oz can,,,
Bent Paddle Brewing Co858106004251,,,2025-09-01 00:00:00,Yes,Bent Paddle Brewing Co,Bent Paddle Brewing Co,,858106004251,Bent Paddle Puff Prickly Pear Lemonade 10mg THC 4pk 12oz can,10,THC,Beverages,,4pk 12oz can,6,,83,,64,,,,64,10.666666666666666,,,,0,,,,,0.5,Bent Paddle Brewing Co,858106004251,858106004251,0,4pk 12oz can,6,0,0,858106004251,Bent Paddle Brewing Co858106004251,Bent Paddle Brewing Co,Bent Paddle Brewing Co,White,Bent Paddle Brewing Co858106004251,0,0,4pk 12oz can,,,
Bent Paddle Brewing Co858106004268,,,2025-09-01 00:00:00,Yes,Bent Paddle Brewing Co,Bent Paddle Brewing Co,,858106004268,Bent Paddle Puff Party Variety 10mg THC 12pk 12oz can,10,THC,Beverages,,12pk 12oz can,2,,73.8,,54,,,,54,27,,,,0,,,,,0.5,Bent Paddle Brewing Co,858106004268,858106004268,0,12pk 12oz can,2,0,0,858106004268,Bent Paddle Brewing Co858106004268,Bent Paddle Brewing Co,Bent Paddle Brewing Co,White,Bent Paddle Brewing Co858106004268,0,0,12pk 12oz can,,,
Bent Paddle Brewing Co850024846845,,,2025-09-01 00:00:00,Yes,Bent Paddle Brewing Co,Bent Paddle Brewing Co,,850024846845,Bent Paddle Muse 2mg THC 25mg CBD 4pk 12oz can,2,THC,Beverages,,4pk 12oz can,6,,78.4,,55,,,,55,9.166666666666666,,,,0,,,,,0.5,,,,,,,,,,Bent Paddle Brewing Co850024846845,,Bent Paddle Brewing Co,White,Bent Paddle Brewing Co850024846845,0,0,4pk 12oz can,,,
"Capitol Beverage Sales, L.P.850070266086",,,2025-09-01 00:00:00,,"Capitol Beverage Sales, L.P.",Chill State,31057,850070266086, CHILL 10MG BLACKBERRY 6/4-16 CAN,,THC,Beverages,,4pk 16oz can,6,,,,80,,,,80,13.333333333333334,,,,0,,,,,0.5,,,,,,,,,,"Capitol Beverage Sales, L.P.850070266086",,"Capitol Beverage Sales, L.P.",White,"Capitol Beverage Sales, L.P.850070266086",0,31057,4pk 16oz can,,,
"Capitol Beverage Sales, L.P.850048459328",,,2025-09-01 00:00:00,,"Capitol Beverage Sales, L.P.",Clrty,20521,850048459328,CLRTY CRAN LIME 10MG 6/4-12 CAN,,THC,Beverages,,4pk 12oz can,6,,,,76,,,,76,12.666666666666666,,,,0,,,,,0.5,,,,,,,,,,"Capitol Beverage Sales, L.P.850048459328","Capitol Beverage Sales, L.P.","Capitol Beverage Sales, L.P.",White,"Capitol Beverage Sales, L.P.850048459328",0,20521,4pk 12oz can,,,
"Capitol Beverage Sales, L.P.628719778128",,,2025-09-01 00:00:00,,"Capitol Beverage Sales, L.P.",Collective Project,31805,628719778128,10MG FETCH LEMON LIME 4/6 CAN,,THC,Beverages,,4pk 12oz can,6,,,,56,,,,56,9.333333333333334,,,,0,,,,,0.5,"Capitol Beverage Sales, L.P.",31805,628719778128,0,4pk 12oz can,6,0,0, ,"Capitol Beverage Sales, L.P.628719778128","Capitol Beverage Sales, L.P.","Capitol Beverage Sales, L.P.",White,"Capitol Beverage Sales, L.P.628719778128",0,31805,4pk 12oz can,,,
"Capitol Beverage Sales, L.P.628719778166",,,2025-09-01 00:00:00,,"Capitol Beverage Sales, L.P.",Collective Project,31807,628719778166,10MG FETCH CREAM SODA 4/6 CAN,,THC,Beverages,,4pk 12oz can,6,,,,56,,,,56,9.333333333333334,,,,0,,,,,0.5,"Capitol Beverage Sales, L.P.",31807,628719778166,0,4pk 12oz can,6,0,0, ,"Capitol Beverage Sales, L.P.628719778166","Capitol Beverage Sales, L.P.","Capitol Beverage Sales, L.P.",White,"Capitol Beverage Sales, L.P.628719778166",0,31807,4pk 12oz can,,,
"Capitol Beverage Sales, L.P.628719778142",,,2025-09-01 00:00:00,,"Capitol Beverage Sales, L.P.",Collective Project,31809,628719778142,10MG FETCH COLA 4/6 CAN,,THC,Beverages,,4pk 12oz can,6,,,,56,,,,56,9.333333333333334,,,,0,,,,,0.5,"Capitol Beverage Sales, L.P.",31809,628719778142,0,4pk 12oz can,6,0,0, ,"Capitol Beverage Sales, L.P.628719778142","Capitol Beverage Sales, L.P.","Capitol Beverage Sales, L.P.",White,"Capitol Beverage Sales, L.P.628719778142",0,31809,4pk 12oz can,,,
Global Reserve LLC198168501887,,,2025-09-01 00:00:00,,Global Reserve LLC,Looner,,198168501887,Looner Dew 10mg THC 4pk 12oz can,10,THC,Beverages,,4pk 12oz can,6,,84,84,67.2,,,,67.2,11.200000000000001,,,,0,,,,,0.5,,,,,,,,,,Global Reserve LLC198168501887,,Global Reserve LLC,White,Global Reserve LLC198168501887,0,,4pk 12oz can,,,
Global Reserve LLC198715698350,,,2025-09-01 00:00:00,,Global Reserve LLC,Aura,,198715698350,Aura - Blackberry Lavender Shot - 10mg 2oz shot,10,THC,Beverages,,2 / 12 / 2oz shot,24,,66,66,42,,,,42,1.75,,,,0,,,,,0.5,,,,,,,,,,Global Reserve LLC198715698350,,Global Reserve LLC,White,Global Reserve LLC198715698350,0,0,2 / 12 / 2oz shot,,,
Global Reserve LLC198715823509,,,2025-09-01 00:00:00,,Global Reserve LLC,Aura,,198715823509,Aura - Lemon Basil Shot - 10mg 2oz shot,10,THC,Beverages,,2 / 12 / 2oz shot,24,,66,66,42,,,,42,1.75,,,,0,,,,,0.5,,,,,,,,,,Global Reserve LLC198715823509,,Global Reserve LLC,White,Global Reserve LLC198715823509,0,0,2 / 12 / 2oz shot,,,
Global Reserve LLC198715018134,,,2025-09-01 00:00:00,,Global Reserve LLC,Aura,,198715018134,Aura - Peach Ginger Shot - 10mg 2oz shot,10,THC,Beverages,,2 / 12 / 2oz shot,24,,66,66,42,,,,42,1.75,,,,0,,,,,0.5,,,,,,,,,,Global Reserve LLC198715018134,,Global Reserve LLC,White,Global Reserve LLC198715018134,0,0,2 / 12 / 2oz shot,,,
Global Reserve LLC198715969283,,,2025-09-01 00:00:00,,Global Reserve LLC,Bootlegger,,198715969283,Bootlegger - Coconut Rum Shot - 10mg 2oz shot,10,THC,Beverages,,2 / 12 / 2oz shot,24,,66,66,42,,,,42,1.75,,,,0,,,,,0.5,,,,,,,,,,Global Reserve LLC198715969283,,Global Reserve LLC,White,Global Reserve LLC198715969283,0,0,2 / 12 / 2oz shot,,,
Global Reserve LLC198715897647,,,2025-09-01 00:00:00,,Global Reserve LLC,Bootlegger,,198715897647,Bootlegger - Mai Tai Shot - 10mg 2oz shot,10,THC,Beverages,,2 / 12 / 2oz shot,24,,66,66,42,,,,42,1.75,,,,0,,,,,0.5,,,,,,,,,,Global Reserve LLC198715897647,,Global Reserve LLC,White,Global Reserve LLC198715897647,0,0,2 / 12 / 2oz shot,,,
Global Reserve LLC198715534696,,,2025-09-01 00:00:00,,Global Reserve LLC,Bootlegger,,198715534696,Bootlegger - Mojito Shot - 10mg 2oz shot,10,THC,Beverages,,2 / 12 / 2oz shot,24,,66,66,42,,,,42,1.75,,,,0,,,,,0.5,,,,,,,,,,Global Reserve LLC198715534696,,Global Reserve LLC,White,Global Reserve LLC198715534696,0,0,2 / 12 / 2oz shot,,,
Global Reserve LLC199284440517,,,2025-09-01 00:00:00,,Global Reserve LLC,Looner,,199284440517,Looner - Classic Lemonade 10mg 2oz shot,10,THC,Beverages,,2 / 12 / 2oz shot,24,,66,66,42,,,,42,1.75,,,,0,,,,,0.5,,,,,,,,,,Global Reserve LLC199284440517,,Global Reserve LLC,White,Global Reserve LLC199284440517,0,0,2 / 12 / 2oz shot,,,
Global Reserve LLC199284714281,,,2025-09-01 00:00:00,,Global Reserve LLC,Looner,,199284714281,Looner - Half & Half 10mg 2oz shot,10,THC,Beverages,,2 / 12 / 2oz shot,24,,66,66,42,,,,42,1.75,,,,0,,,,,0.5,,,,,,,,,,Global Reserve LLC199284714281,,Global Reserve LLC,White,Global Reserve LLC199284714281,0,0,2 / 12 / 2oz shot,,,
Global Reserve LLC199284977952,,,2025-09-01 00:00:00,,Global Reserve LLC,Looner,,199284977952,Looner - Peach Lemonade 10mg 2oz shot,10,THC,Beverages,,2 / 12 / 2oz shot,24,,66,66,42,,,,42,1.75,,,,0,,,,,0.5,,,,,,,,,,Global Reserve LLC199284977952,,Global Reserve LLC,White,Global Reserve LLC199284977952,0,0,2 / 12 / 2oz shot,,,
Global Reserve LLC199284514461,,,2025-09-01 00:00:00,,Global Reserve LLC,Looner,,199284514461,Looner - Pink Lemonade 10mg 2oz shot,10,THC,Beverages,,2 / 12 / 2oz shot,24,,66,66,42,,,,42,1.75,,,,0,,,,,0.5,,,,,,,,,,Global Reserve LLC199284514461,,Global Reserve LLC,White,Global Reserve LLC199284514461,0,0,2 / 12 / 2oz shot,,,
Global Reserve LLC850051997299,,,2025-09-01 00:00:00,,Global Reserve LLC,Hop The Wave,,850051997299,Hop the Wave - Iced Tea & Lemonade 10mg 4pk 12oz can,10,THC,Beverages,,4pk 12oz can,6,,72,72,57.6,,,,57.6,9.6,,,,0,,,,,0.5,,,,,,,,,,Global Reserve LLC850051997299,,Global Reserve LLC,White,Global Reserve LLC850051997299,0,0,4pk 12oz can,,,
Global Reserve LLC850051997299,,,2025-09-01 00:00:00,,Global Reserve LLC,Hop The Wave,,850051997299,Hop the Wave - Iced Tea 10mg 4pk 12oz can,10,THC,Beverages,,4pk 12oz can,6,,72,72,57.6,,,,57.6,9.6,,,,0,,,,,0.5,,,,,,,,,,Global Reserve LLC850051997299,,Global Reserve LLC,White,Global Reserve LLC850051997299,0,0,4pk 12oz can,,,
Global Reserve LLC850051997152,,,2025-09-01 00:00:00,,Global Reserve LLC,Hop The Wave,,850051997152,Hop the Wave - Peach Iced Tea 10mg 4pk 12oz can,10,THC,Beverages,,4pk 12oz can,6,,72,72,57.6,,,,57.6,9.6,,,,0,,,,,0.5,,,,,,,,,,Global Reserve LLC850051997152,,Global Reserve LLC,White,Global Reserve LLC850051997152,0,0,4pk 12oz can,,,
Global Reserve LLC850051997312,,,2025-09-01 00:00:00,,Global Reserve LLC,Hop The Wave,,850051997312,Hop the Wave - Raspberry Iced Tea 10mg 4pk 12oz can,10,THC,Beverages,,4pk 12oz can,6,,72,72,57.6,,,,57.6,9.6,,,,0,,,,,0.5,,,,,,,,,,Global Reserve LLC850051997312,,Global Reserve LLC,White,Global Reserve LLC850051997312,0,0,4pk 12oz can,,,
Global Reserve LLC198715259247,,,2025-09-01 00:00:00,,Global Reserve LLC,Looner,,198715259247,Looner - Classic Lemonade 10mg 4pk 12oz can,10,THC,Beverages,,4pk 12oz can,6,,84,84,67.2,,,,67.2,11.200000000000001,,22.49,18.96,0.4092827004219409,,,,,0.5,Global Reserve LLC,0,198715259247,0,4pk 12oz can,6,0,0, ,Global Reserve LLC198715259247,,Global Reserve LLC,White,Global Reserve LLC198715259247,0,0,4pk 12oz can,,,
Global Reserve LLC198715952650,,,2025-09-01 00:00:00,,Global Reserve LLC,Looner,,198715952650,Looner - Half and Half 10mg 4pk 12oz can,10,THC,Beverages,,4pk 12oz can,6,,84,84,67.2,,,,67.2,11.200000000000001,,22.49,18.96,0.4092827004219409,,,,,0.5,Global Reserve LLC,0,198715952650,0,4pk 12oz can,6,0,0, ,Global Reserve LLC198715952650,,Global Reserve LLC,White,Global Reserve LLC198715952650,0,0,4pk 12oz can,,,
Global Reserve LLC19871526268,,,2025-09-01 00:00:00,,Global Reserve LLC,Looner,,19871526268,Looner - Peach Lemonade 10mg 4pk 12oz can,10,THC,Beverages,,4pk 12oz can,6,,84,84,67.2,,,,67.2,11.200000000000001,,22.49,18.96,0.4092827004219409,,,,,0.5,,,,,,,,,,Global Reserve LLC19871526268,,Global Reserve LLC,White,Global Reserve LLC19871526268,0,0,4pk 12oz can,,,
Global Reserve LLC198715590043,,,2025-09-01 00:00:00,,Global Reserve LLC,Looner,,198715590043,Looner - Pink Lemonade 10mg 4pk 12oz can,10,THC,Beverages,,4pk 12oz can,6,,84,84,67.2,,,,67.2,11.200000000000001,,22.49,18.96,0.4092827004219409,,,,,0.5,Global Reserve LLC,0,198715590043,0,4pk 12oz can,6,0,0, ,Global Reserve LLC198715590043,,Global Reserve LLC,White,Global Reserve LLC198715590043,0,0,4pk 12oz can,,,
Global Reserve LLC850052037161,,,2025-09-01 00:00:00,,Global Reserve LLC,Sensi,,850052037161,Sensi - Lemonade 10mg 4pk 12oz can,10,THC,Beverages,,4pk 12oz can,6,,76,76,60.8,,,,60.8,10.133333333333333,,,,0,,,,,0.5,,,,,,,,,,Global Reserve LLC850052037161,,Global Reserve LLC,White,Global Reserve LLC850052037161,0,0,4pk 12oz can,,,
Global Reserve LLC850052037208,,,2025-09-01 00:00:00,,Global Reserve LLC,Sensi,,850052037208,Sensi - Strawberry Lemonade 10mg 4pk 12oz can,10,THC,Beverages,,4pk 12oz can,6,,76,76,60.8,,,,60.8,10.133333333333333,,,,0,,,,,0.5,,,,,,,,,,Global Reserve LLC850052037208,,Global Reserve LLC,White,Global Reserve LLC850052037208,0,0,4pk 12oz can,,,
Global Reserve LLC850052037222,,,2025-09-01 00:00:00,,Global Reserve LLC,Sensi,,850052037222,Sensi - Passion Fruit Seltzer 7.5mg 4pk 12oz can,7.5,THC,Beverages,,4pk 12oz can,6,,52,52,42,,,,42,7,,,,0,,,,,0.5,,,,,,,,,,Global Reserve LLC850052037222,,Global Reserve LLC,White,Global Reserve LLC850052037222,0,0,4pk 12oz can,,,
Global Reserve LLC850052037215,,,2025-09-01 00:00:00,,Global Reserve LLC,Sensi,,850052037215,Sensi - Peach Seltzer 7.5mg 4pk 12oz can,7.5,THC,Beverages,,4pk 12oz can,6,,52,52,42,,,,42,7,,,,0,,,,,0.5,,,,,,,,,,Global Reserve LLC850052037215,,Global Reserve LLC,White,Global Reserve LLC850052037215,0,0,4pk 12oz can,,,
Global Reserve LLC198168803523,,,2025-09-01 00:00:00,,Global Reserve LLC,Midwest Famous,,198168803523,Midwest Famous - Ranch Water - 10mg 4pk 12oz can,10,THC,Beverages,,4pk 12oz can,6,,84,84,67.2,,,,67.2,11.200000000000001,,,,0,,,,,0.5,,,,,,,,,,Global Reserve LLC198168803523,,Global Reserve LLC,White,Global Reserve LLC198168803523,0,0,4pk 12oz can,,,
Global Reserve LLC198715298512,,,2025-09-01 00:00:00,,Global Reserve LLC,Midwest Famous,,198715298512,Midwest Famous - Spritz - 10mg 4pk 12oz can,10,THC,Beverages,,4pk 12oz can,6,,84,84,67.2,,,,67.2,11.200000000000001,,,,0,,,,,0.5,,,,,,,,,,Global Reserve LLC198715298512,,Global Reserve LLC,White,Global Reserve LLC198715298512,0,0,4pk 12oz can,,,
Global Reserve LLC198715852189,,,2025-09-01 00:00:00,,Global Reserve LLC,Aura,,198715852189,Aura - Nano Blackberry lavender - Gummies,5,THC,Edibles,,10ct bag,10,,80,80,64,,,,64,6.4,,,,0,,,,,0.5,,,,,,,,,,Global Reserve LLC198715852189,,Global Reserve LLC,White,Global Reserve LLC198715852189,0,0,10ct bag,,,
Global Reserve LLC198715370850,,,2025-09-01 00:00:00,,Global Reserve LLC,Aura,,198715370850,Aura - Nano Lemon Basil - Gummies,5,THC,Edibles,,10ct bag,10,,80,80,64,,,,64,6.4,,,,0,,,,,0.5,,,,,,,,,,Global Reserve LLC198715370850,,Global Reserve LLC,White,Global Reserve LLC198715370850,0,0,10ct bag,,,
Global Reserve LLC198715836592,,,2025-09-01 00:00:00,,Global Reserve LLC,Aura,,198715836592,Aura - Nano Peach Ginger - Gummies,5,THC,Edibles,,10ct bag,10,,80,80,64,,,,64,6.4,,,,0,,,,,0.5,,,,,,,,,,Global Reserve LLC198715836592,,Global Reserve LLC,White,Global Reserve LLC198715836592,0,0,10ct bag,,,
Global Reserve LLC198715370638,,,2025-09-01 00:00:00,,Global Reserve LLC,Bootlegger,,198715370638,Bootlegger - Coconut Rum Live Rosin - Gummies,5,THC,Edibles,,10ct bag,10,,90,90,68,,,,68,6.8,,,,0,,,,,0.5,,,,,,,,,,Global Reserve LLC198715370638,,Global Reserve LLC,White,Global Reserve LLC198715370638,0,0,10ct bag,,,
Global Reserve LLC198715764321,,,2025-09-01 00:00:00,,Global Reserve LLC,Bootlegger,,198715764321,Bootlegger - Mai Tai Live Rosin - Gummies,5,THC,Edibles,,10ct bag,10,,90,90,68,,,,68,6.8,,,,0,,,,,0.5,,,,,,,,,,Global Reserve LLC198715764321,,Global Reserve LLC,White,Global Reserve LLC198715764321,0,0,10ct bag,,,
Global Reserve LLC198715110050,,,2025-09-01 00:00:00,,Global Reserve LLC,Bootlegger,,198715110050,Bootlegger - Mojito Live Rosin - Gummies,5,THC,Edibles,,10ct bag,10,,90,90,68,,,,68,6.8,,,,0,,,,,0.5,,,,,,,,,,Global Reserve LLC198715110050,,Global Reserve LLC,White,Global Reserve LLC198715110050,0,0,10ct bag,,,
Global Reserve LLC1 98168 05861 9,,,2025-09-01 00:00:00,,Global Reserve LLC,Canna Express,,1 98168 05861 9,Canna Express - Apple - Gummies 25 CBD,5,THC,Edibles,,10ct bag,10,,80,80,64,,,,64,6.4,,,,0,,,,,0.5,,,,,,,,,,Global Reserve LLC1 98168 05861 9,,Global Reserve LLC,White,Global Reserve LLC1 98168 05861 9,0,0,10ct bag,,,
Global Reserve LLC1 98168 56777 7,,,2025-09-01 00:00:00,,Global Reserve LLC,Canna Express,,1 98168 56777 7,Canna Express - Blackberry - Gummies 25 CBD,5,THC,Edibles,,10ct bag,10,,80,80,64,,,,64,6.4,,,,0,,,,,0.5,,,,,,,,,,Global Reserve LLC1 98168 56777 7,,Global Reserve LLC,White,Global Reserve LLC1 98168 56777 7,0,0,10ct bag,,,
Global Reserve LLC1 98168 31827 0,,,2025-09-01 00:00:00,,Global Reserve LLC,Canna Express,,1 98168 31827 0,Canna Express - Blueberry - Gummies 25 CBD,5,THC,Edibles,,10ct bag,10,,80,80,64,,,,64,6.4,,,,0,,,,,0.5,,,,,,,,,,Global Reserve LLC1 98168 31827 0,,Global Reserve LLC,White,Global Reserve LLC1 98168 31827 0,0,0,10ct bag,,,
Global Reserve LLC198715104912,,,2025-09-01 00:00:00,,Global Reserve LLC,Canna Express,,198715104912,Canna Express - Mango - Gummies 25 CBD,5,THC,Edibles,,10ct bag,10,,80,80,64,,,,64,6.4,,,,0,,,,,0.5,,,,,,,,,,Global Reserve LLC198715104912,,Global Reserve LLC,White,Global Reserve LLC198715104912,0,0,10ct bag,,,
Global Reserve LLC1 98168 79560 6,,,2025-09-01 00:00:00,,Global Reserve LLC,Canna Express,,1 98168 79560 6,Canna Express - Mixed Berry - Gummies 25 CBD,5,THC,Edibles,,10ct bag,10,,80,80,64,,,,64,6.4,,,,0,,,,,0.5,,,,,,,,,,Global Reserve LLC1 98168 79560 6,,Global Reserve LLC,White,Global Reserve LLC1 98168 79560 6,0,0,10ct bag,,,
Global Reserve LLC1 98168 41144 5,,,2025-09-01 00:00:00,,Global Reserve LLC,Looner,,1 98168 41144 5,Looner - Horizon gummies - Mixed,5,THC,Edibles,,10ct bag,10,,80,80,64,,,,64,6.4,,,,0,,,,,0.5,,,,,,,,,,Global Reserve LLC1 98168 41144 5,,Global Reserve LLC,White,Global Reserve LLC1 98168 41144 5,0,0,10ct bag,,,
Global Reserve LLC197644425921,,,2025-09-01 00:00:00,,Global Reserve LLC,Looner,,197644425921,Looner - Lunar gummies - Blueberry Lavender 10 CBN,5,THC,Edibles,,10ct bag,10,,80,80,64,,,,64,6.4,,,,0,,,,,0.5,,,,,,,,,,Global Reserve LLC197644425921,,Global Reserve LLC,White,Global Reserve LLC197644425921,0,0,10ct bag,,,
Global Reserve LLC197644788644,,,2025-09-01 00:00:00,,Global Reserve LLC,Looner,,197644788644,Looner - Nooner gummies - Watermelon 10 CBG,5,THC,Edibles,,10ct bag,10,,80,80,64,,,,64,6.4,,,,0,,,,,0.5,,,,,,,,,,Global Reserve LLC197644788644,,Global Reserve LLC,White,Global Reserve LLC197644788644,0,0,10ct bag,,,
Global Reserve LLC198168425602,,,2025-09-01 00:00:00,,Global Reserve LLC,Looner,,198168425602,Looner - Twilight gummies - Blackberry 25 CBN,5,THC,Edibles,,10ct bag,10,,90,90,68,,,,68,6.8,,,,0,12.99,10.96,0,,0.5,,,,,,,,,,Global Reserve LLC198168425602,Global Reserve LLC,Global Reserve LLC,White,Global Reserve LLC198168425602,0,0,10ct bag,,,
Global Reserve LLC198715202335,,,2025-09-01 00:00:00,,Global Reserve LLC,Looner,,198715202335,Looner - Twilight gummies - Mango 25 CBN,5,THC,Edibles,,10ct bag,10,,90,90,68,,,,68,6.8,,,,0,,,,,0.5,,,,,,,,,,Global Reserve LLC198715202335,,Global Reserve LLC,White,Global Reserve LLC198715202335,0,0,10ct bag,,,
Global Reserve LLC198715111019,,,2025-09-01 00:00:00,,Global Reserve LLC,Looner,,198715111019,Looner - Twilight gummies - Strawberry 25 CBN,5,THC,Edibles,,10ct bag,10,,90,90,68,,,,68,6.8,,,,0,12.99,10.96,0,,0.5,,,,,,,,,,Global Reserve LLC198715111019,Global Reserve LLC,Global Reserve LLC,White,Global Reserve LLC198715111019,0,0,10ct bag,,,
Global Reserve LLC198715084917,,,2025-09-01 00:00:00,,Global Reserve LLC,Looner,,198715084917,Looner - Zenith gummies - Blackberry 25 CBG,5,THC,Edibles,,10ct bag,10,,90,90,68,,,,68,6.8,,,,0,,,,,0.5,,,,,,,,,,Global Reserve LLC198715084917,,Global Reserve LLC,White,Global Reserve LLC198715084917,0,0,10ct bag,,,
Global Reserve LLC198715643879,,,2025-09-01 00:00:00,,Global Reserve LLC,Looner,,198715643879,Looner - Zenith gummies - Mango 25 CBG,5,THC,Edibles,,10ct bag,10,,90,90,68,,,,68,6.8,,,,0,12.99,10.96,0,,0.5,,,,,,,,,,Global Reserve LLC198715643879,Global Reserve LLC,Global Reserve LLC,White,Global Reserve LLC198715643879,0,0,10ct bag,,,
Global Reserve LLC198715853483,,,2025-09-01 00:00:00,,Global Reserve LLC,Looner,,198715853483,Looner - Zenith gummies - Strawberry 25 CBG,5,THC,Edibles,,10ct bag,10,,90,90,68,,,,68,6.8,,,,0,12.99,10.96,0,,0.5,,,,,,,,,,Global Reserve LLC198715853483,Global Reserve LLC,Global Reserve LLC,White,Global Reserve LLC198715853483,0,0,10ct bag,,,
Modist Brewing Company810095561573,,,2025-09-01 00:00:00,,Modist Brewing Company,Modist Brewing Company,MLTRC6416,810095561573,Melt Rose Cooler 10mg THC 4pk 16oz can,,THC,Beverages,,4pk 16oz  can,6,"Deep deal pricing at case one, 3 case minium for delivery ",78.45,,64.6,,3,,64.6,10.766666666666666,,,,0,,,,,0.5,,,,,,,,,,Modist Brewing Company810095561573,,Modist Brewing Company,White,Modist Brewing Company810095561573,"Deep deal pricing at case one, 3 case minium for delivery ",MLTRC6416,4pk 16oz  can,,,
Modist Brewing Company810095561634,,,2025-09-01 00:00:00,,Modist Brewing Company,Modist Brewing Company,POPRWB6412,810095561634,Melt Pop: Raz White and Blue 10mg THC 4pk 12oz can,,THC,Beverages,,4pk 12oz can,6,"Deep deal pricing at case one, 3 case minium for delivery ",78.45,,64.6,,3,,64.6,10.766666666666666,,,,0,,,,,0.5,,,,,,,,,,Modist Brewing Company810095561634,,Modist Brewing Company,White,Modist Brewing Company810095561634,"Deep deal pricing at case one, 3 case minium for delivery ",POPRWB6412,4pk 12oz can,,,
Modist Brewing Company810095561689,,,2025-09-01 00:00:00,,Modist Brewing Company,Modist Brewing Company,MLTCT6412,810095561689,Modist Melt Calamansi Tangerine THC 10mg 4pk 12oz can,,THC,Beverages,,4pk 12oz can,6,"Deep deal pricing at case one, 3 case minium for delivery ",78.45,,64.6,,3,,64.6,10.766666666666666,,,,0,,,,,0.5,Modist Brewing Company,MLTCT6412,810095561689,0,4pk 12oz can,6,Direct Ship to Blaine 50cs mix,0, ,Modist Brewing Company810095561689,Modist Brewing Company,Modist Brewing Company,White,Modist Brewing Company810095561689,"Deep deal pricing at case one, 3 case minium for delivery ",MLTCT6412,4pk 12oz can,,,
Modist Brewing Company810095561658,,,2025-09-01 00:00:00,,Modist Brewing Company,Modist Brewing Company,POPYT6412,810095561658,Modist Melt POP: Yucatan Tide THC 10mg 4pk 12oz can,,THC,Beverages,,4pk 12oz can,6,"Deep deal pricing at case one, 3 case minium for delivery ",78.45,,64.6,,3,,64.6,10.766666666666666,,,,0,,,,,0.5,,,,,,,,,,Modist Brewing Company810095561658,,Modist Brewing Company,White,Modist Brewing Company810095561658,"Deep deal pricing at case one, 3 case minium for delivery ",POPYT6412,4pk 12oz can,,,
Modist Brewing Company810095561672,,,2025-09-01 00:00:00,,Modist Brewing Company,Modist Brewing Company,MLTBO6412,810095561672,Modist Melt Blood Orange Raspberry THC 10mg 4pk 12oz can,,THC,Beverages,,4pk 12oz can,6,"Deep deal pricing at case one, 3 case minium for delivery ",78.45,,64.6,,3,,64.6,10.766666666666666,,,,0,,,,,0.5,Modist Brewing Company,MLTBO6412,810095561672,0,4pk 12oz can,6,Direct Ship to Blaine 50cs mix,0, ,Modist Brewing Company810095561672,Modist Brewing Company,Modist Brewing Company,White,Modist Brewing Company810095561672,"Deep deal pricing at case one, 3 case minium for delivery ",MLTBO6412,4pk 12oz can,,,
Modist Brewing Company810095561665,,,2025-09-01 00:00:00,,Modist Brewing Company,Modist Brewing Company,MLTGL6412,810095561665,Modist Melt Ginger Lemon Lime THC 10mg 4pk 12oz can ,,THC,Beverages,,4pk 12oz can,6,"Deep deal pricing at case one, 3 case minium for delivery ",78.45,,64.6,,3,,64.6,10.766666666666666,,,,0,,,,,0.5,Modist Brewing Company,MLTGL4612,810095561665,0,4pk 12oz can,6,Direct Ship to Blaine 50cs mix,0,MLTGL4612,Modist Brewing Company810095561665,Modist Brewing Company,Modist Brewing Company,White,Modist Brewing Company810095561665,"Deep deal pricing at case one, 3 case minium for delivery ",MLTGL6412,4pk 12oz can,,,
Modist Brewing Company810095561726,,,2025-09-01 00:00:00,,Modist Brewing Company,Modist Brewing Company,TNTPR6412,810095561726,Modist Tint Pineapple Rasperry THC 5mg 4pk 12oz can,,THC,Beverages,,4pk 12oz can,6,"Deep deal pricing at case one, 3 case minium for delivery ",60,,46.15,,3,,46.15,7.691666666666666,,,,0,,,,,0.5,,,,,,,,,,Modist Brewing Company810095561726,,Modist Brewing Company,White,Modist Brewing Company810095561726,"Deep deal pricing at case one, 3 case minium for delivery ",TNTPR6412,4pk 12oz can,,,
Modist Brewing Company810095561733,,,2025-09-01 00:00:00,,Modist Brewing Company,Modist Brewing Company,TNTM56412,810095561733,Modist Tint Mango Passionfruit THC 5mg 4pk 12oz can,,THC,Beverages,,4pk 12oz can,6,"Deep deal pricing at case one, 3 case minium for delivery ",60,,46.15,,3,,46.15,7.691666666666666,,,,0,,,,,0.5,,,,,,,,,,Modist Brewing Company810095561733,,Modist Brewing Company,White,Modist Brewing Company810095561733,"Deep deal pricing at case one, 3 case minium for delivery ",TNTM56412,4pk 12oz can,,,
Nibbana LLC860010283370,,,2025-09-01 00:00:00,,Nibbana LLC,Nibbana LLC,,860010283370,Nibbana Sleep Gummies,,THC,Gummies,,10 count per bag,50,50 bags,,,450,,,,450,9,,,,0,,,,,0.5,,,,,,,,,,Nibbana LLC860010283370,,Nibbana LLC,White,Nibbana LLC860010283370,50 bags,0,10 count per bag,,,
Nibbana LLC850027710884,,,2025-09-01 00:00:00,,Nibbana LLC,Nibbana LLC,,850027710884,Nibbana Sour Watermelon Gummies,,THC,Gummies,,10 count per bag,50,50 bags,,,350,,,,350,7,,,,0,,,,,0.5,,,,,,,,,,Nibbana LLC850027710884,,Nibbana LLC,White,Nibbana LLC850027710884,50 bags,0,10 count per bag,,,
,,,2025-09-01 00:00:00,,High Honey LLC,High Honey LLC,,860010283349,High Honey Original  THC Honey Straws,,THC,Honey Straws,,4 Straws per bag,50,50 bags,,,250,,,,250,5,,,,0,,,,,0.5,,,,,,,,,,High Honey LLC860010283349,,,White,,50 bags,0,4 Straws per bag,,,
,,,2025-09-01 00:00:00,,High Honey LLC,High Honey LLC,,860010283363,High Honey Mint Chocolate  THC Honey Straws,,THC,Honey Straws,,5 Straws per bag,50,50 bags,,,250,,,,250,5,,,,0,,,,,0.5,,,,,,,,,,High Honey LLC860010283363,,,White,,50 bags,0,5 Straws per bag,,,
,,,2025-09-01 00:00:00,,High Honey LLC,High Honey LLC,,860010283387,High Honey Razzberry  THC Honey Straws,,THC,Honey Straws,,6 Straws per bag,50,50 bags,,,250,,,,250,5,,,,0,,,,,0.5,,,,,,,,,,High Honey LLC860010283387,,,White,,50 bags,0,6 Straws per bag,,,
Gigli MN LLC643459379725,,,2025-10-01 00:00:00,,Gigli MN LLC,Gigli MN LLC,,643459379725,Gigli Cherry Limeade 10mg THC 4pk 12oz can,,THC,Beverages,Seltzer,4pk 12oz can,6,,,,64,,,,64,10.666666666666666,,,,0,,,,,0.5,Gigli MN LLC,0,643459379725,0,4pk 12oz can,6,0,0, ,Gigli MN LLC643459379725,Gigli MN LLC,Gigli MN LLC,White,Gigli MN LLC643459379725,0,0,4pk 12oz can,,,
Gigli MN LLC643459379718,,,2025-10-01 00:00:00,,Gigli MN LLC,Gigli MN LLC,,643459379718,Gigli Strawberry Spritz  10mg THC 4pk 12oz can,,THC,Beverages,Seltzer,4pk 12oz can,6,,,,64,,,,64,10.666666666666666,,,,0,,,,,0.5,Gigli MN LLC,0,643459379718,0,4pk 12oz can,6,0,0, ,Gigli MN LLC643459379718,Gigli MN LLC,Gigli MN LLC,White,Gigli MN LLC643459379718,0,0,4pk 12oz can,,,
Gigli MN LLC199284006881,,,2025-10-01 00:00:00,,Gigli MN LLC,Gigli MN LLC,,199284006881,Gigli 12 Pack Variety Pack 10mg THC 12 pack 12 oz can ,,THC,Beverages,Variety Pack,12pk 12oz can,2,,,,,,,,0,0,,43.49,35.96,1,43.49,35.96,0,,0.5,Gigli MN LLC,199284006881,199284006881,0,12pk 12oz can,2,"Buy a pallet, get 9cs of Gummies Free to hit invoice net of $47",0,199284006881,Gigli MN LLC199284006881,Gigli MN LLC,Gigli MN LLC,White,Gigli MN LLC199284006881,0,0,12pk 12oz can,,,
Phillips Wine & Spirits - St. Paul628425180024,AA,New Item,2025-11-01 00:00:00,Yes,Phillips Wine & Spirits - St. Paul,Green Monke,1343025,628425180024,Green Monke Blue Raspberry 10mg THC 4pk 12oz can,10,THC,Beverage,Soda,4pk 12oz can,6,12.91 rebate per case,78.4,78.4,64.57,12.91,1,1,51.66,8.61,,15.99,13.96,0.38323782234957027,,,,,0.5,Phillips Wine & Spirits - St. Paul,1343025,628425180024,Soda,4pk 12oz can,6,12.91 rebate per case,0, ,Phillips Wine & Spirits - St. Paul628425180024,,Phillips Wine & Spirits - St. Paul,White,Phillips Wine & Spirits - St. Paul628425180024,,1343025,4pk 12oz can,,,
Phillips Wine & Spirits - St. Paul628425180017,AA,New Item,2025-11-01 00:00:00,Yes,Phillips Wine & Spirits - St. Paul,Green Monke,1790880,628425180017,Green Monke Tropical Citrus 10mg THC 4pk 12oz can,10,THC,Beverage,Soda,4pk 12oz can,6,12.91 rebate per case,78.4,78.4,64.57,12.91,1,1,51.66,8.61,,15.99,13.96,0.38323782234957027,,,,,0.5,Phillips Wine & Spirits - St. Paul,1790880,628425180017,Soda,4pk 12oz can,6,12.91 rebate per case,0, ,Phillips Wine & Spirits - St. Paul628425180017,,Phillips Wine & Spirits - St. Paul,White,Phillips Wine & Spirits - St. Paul628425180017,,1790880,4pk 12oz can,,,
Get Chai199874558370,AA,New Item,2025-11-01 00:00:00,,Get Chai,Pharos,199874558370,199874558370,Pharos Blood Orange Lime 10mg THC 4pk 12oz can,10,THC,Beverage,Seltzer,4pk 12oz can,6,,,,70,,,,70,11.666666666666666,,19.99,16.96,0.3121069182389938,19.99,16.96,12.95,,0.5,,,,,,,,,,Get Chai199874558370,Get Chai,Get Chai,White,Get Chai199874558370,0,199874558370,4pk 12oz can,,,
Get Chai199874522647,AA,New Item,2025-11-01 00:00:00,,Get Chai,Pharos,199874522647,199874522647,Pharos Black Cherry 10mg THC 4pk 12oz can,10,THC,Beverage,Seltzer,4pk 12oz can,6,,,,70,,,,70,11.666666666666666,,19.99,16.96,0.3121069182389938,19.99,16.96,12.95,,0.5,,,,,,,,,,Get Chai199874522647,Get Chai,Get Chai,White,Get Chai199874522647,0,199874522647,4pk 12oz can,,,
Get Chai199874830834,AA,New Item,2025-11-01 00:00:00,,Get Chai,Pharos,199874830834,199874830834,Pharos Mango 10mg THC 4pk 12oz can,10,THC,Beverage,Seltzer,4pk 12oz can,6,,,,70,,,,70,11.666666666666666,,19.99,16.96,0.3121069182389938,19.99,16.96,12.95,,0.5,,,,,,,,,,Get Chai199874830834,Get Chai,Get Chai,White,Get Chai199874830834,0,199874830834,4pk 12oz can,,,
Get Chai199874532042,AA,New Item,2025-11-01 00:00:00,,Get Chai,Pharos,199874532042,199874532042,Pharos Raspberry Lemonade 10mg THC 4pk 12oz can,10,THC,Beverage,Lemonade,4pk 12oz can,6,,,,70,,,,70,11.666666666666666,,19.99,16.96,0.3121069182389938,19.99,16.96,12.95,,0.5,,,,,,,,,,Get Chai199874532042,Get Chai,Get Chai,White,Get Chai199874532042,0,199874532042,4pk 12oz can,,,
"Capitol Beverage Sales, L.P.850039736926",AA,New Item,2025-11-01 00:00:00,,"Capitol Beverage Sales, L.P.",Uncle Arnie's,30525,850039736926,Uncle Arnie's Tahitian Treat 10mg THC 2oz btl,10,THC,Beverage,Shot,2oz btl,24,Case 1,,52,40,,,,40,1.6666666666666667,,3.99,3.46,0.5183044315992292,4.19,3.46,0,,0.5,,,,,,,,,,"Capitol Beverage Sales, L.P.850039736926","Capitol Beverage Sales, L.P.","Capitol Beverage Sales, L.P.",White,"Capitol Beverage Sales, L.P.850039736926",Case 1,30525,2oz btl,,,
"Capitol Beverage Sales, L.P.850039736919",AA,New Item,2025-11-01 00:00:00,,"Capitol Beverage Sales, L.P.",Uncle Arnie's,30527 ,850039736919,Uncle Arnie's Lemon Mint 10mg THC 2oz btl,10,THC,Beverage,Shot,2oz btl,24,Case 1,,52,40,,,,40,1.6666666666666667,,3.99,3.46,0.5183044315992292,4.19,3.46,0,,0.5,,,,,,,,,,"Capitol Beverage Sales, L.P.850039736919","Capitol Beverage Sales, L.P.","Capitol Beverage Sales, L.P.",White,"Capitol Beverage Sales, L.P.850039736919",Case 1,30527 ,2oz btl,,,
"Capitol Beverage Sales, L.P.850039736889",AA,New Item,2025-11-01 00:00:00,,"Capitol Beverage Sales, L.P.",Uncle Arnie's,30529,850039736889,Uncle Arnie's Grape Soda 10mg THC 4pk 12oz can,10,THC,Beverage,Soda,4pk 12oz can,6,Case 1,,76,60,,,,60,10,,17.99,14.96,0.3315508021390375,17.49,14.96,0,,0.5,,,,,,,,,,"Capitol Beverage Sales, L.P.850039736889","Capitol Beverage Sales, L.P.","Capitol Beverage Sales, L.P.",White,"Capitol Beverage Sales, L.P.850039736889",Case 1,30529,4pk 12oz can,,,
"Capitol Beverage Sales, L.P.850039736896",AA,New Item,2025-11-01 00:00:00,,"Capitol Beverage Sales, L.P.",Uncle Arnie's,30531 ,850039736896,Uncle Arnie's Orange Soda 10mg THC 4pk 12oz can,10,THC,Beverage,Soda,4pk 12oz can,6,Case 1,,76,60,,,,60,10,,17.99,14.96,0.3315508021390375,17.49,14.96,0,,0.5,,,,,,,,,,"Capitol Beverage Sales, L.P.850039736896","Capitol Beverage Sales, L.P.","Capitol Beverage Sales, L.P.",White,"Capitol Beverage Sales, L.P.850039736896",Case 1,30531 ,4pk 12oz can,,,
"Capitol Beverage Sales, L.P.850039736902",AA,New Item,2025-11-01 00:00:00,,"Capitol Beverage Sales, L.P.",Uncle Arnie's,30533 ,850039736902,Uncle Arnie's Strawberry Soda 10mg THC 4pk 12oz can,10,THC,Beverage,Soda,4pk 12oz can,6,Case 1,,76,60,,,,60,10,,17.99,14.96,0.3315508021390375,17.49,14.96,0,,0.5,,,,,,,,,,"Capitol Beverage Sales, L.P.850039736902","Capitol Beverage Sales, L.P.","Capitol Beverage Sales, L.P.",White,"Capitol Beverage Sales, L.P.850039736902",Case 1,30533 ,4pk 12oz can,,,
,AA,New Item,2025-11-01 00:00:00,,"	College City Beverage, Inc.",,80117,850039736926,Uncle Arnie's Tahitian Treat 10mg THC 2oz btl,10,THC,Beverage,Shot,2oz btl,24,Case 1,,,40,,,,40,1.6666666666666667,,3.99,3.46,0.5183044315992292,4.19,3.46,0,,0.5,,,,,,,,,,"	College City Beverage, Inc.850039736926",,,White,,Case 1,80117,2oz btl,,,
,AA,New Item,2025-11-01 00:00:00,,"	College City Beverage, Inc.",,80116,850039736919,Uncle Arnie's Lemon Mint 10mg THC 2oz btl,10,THC,Beverage,Shot,2oz btl,24,Case 1,,,40,,,,40,1.6666666666666667,,3.99,3.46,0.5183044315992292,4.19,3.46,0,,0.5,,,,,,,,,,"	College City Beverage, Inc.850039736919",,,White,,Case 1,80116,2oz btl,,,
,AA,New Item,2025-11-01 00:00:00,,"	College City Beverage, Inc.",,80113,850039736889,Uncle Arnie's Grape Soda 10mg THC 4pk 12oz can,10,THC,Beverage,Soda,4pk 12oz can,6,Case 1,,,60,,,,60,10,,17.99,14.96,0.3315508021390375,17.49,14.96,0,,0.5,,,,,,,,,,"	College City Beverage, Inc.850039736889",,,White,,Case 1,80113,4pk 12oz can,,,
,AA,New Item,2025-11-01 00:00:00,,"	College City Beverage, Inc.",,80114,850039736896,Uncle Arnie's Orange Soda 10mg THC 4pk 12oz can,10,THC,Beverage,Soda,4pk 12oz can,6,Case 1,,,60,,,,60,10,,17.99,14.96,0.3315508021390375,17.49,14.96,0,,0.5,,,,,,,,,,"	College City Beverage, Inc.850039736896",,,White,,Case 1,80114,4pk 12oz can,,,
,AA,New Item,2025-11-01 00:00:00,,"	College City Beverage, Inc.",,80115,850039736902,Uncle Arnie's Strawberry Soda 10mg THC 4pk 12oz can,10,THC,Beverage,Soda,4pk 12oz can,6,Case 1,,,60,,,,60,10,,17.99,14.96,0.3315508021390375,17.49,14.96,0,,0.5,,,,,,,,,,"	College City Beverage, Inc.850039736902",,,White,,Case 1,80115,4pk 12oz can,,,
"Capitol Beverage Sales, L.P.850055931190",AA,New Item,,,"Capitol Beverage Sales, L.P.",Granny's,32841,850055931190,Granny's Blueberry Pomegranate 10mg THC 4pk 12oz can,10,THC,Beverages,,4pk 12oz can,6,Additional Rebate From Granny's Via FG,82,76,66,5.2,1,1,60.8,10.133333333333333,0.20000000000000007,17.99,14.96,0.322638146167558,17.99,14.96,0,,0.5,"Capitol Beverage Sales, L.P.",32841,850055931190,0,4pk 12oz can,6,0,0, ,"Capitol Beverage Sales, L.P.850055931190","Capitol Beverage Sales, L.P.","Capitol Beverage Sales, L.P.",White,"Capitol Beverage Sales, L.P.850055931190",Additional Rebate From Granny's Via FG,32841,4pk 12oz can,,,
"Capitol Beverage Sales, L.P.850055931138",AA,New Item,,,"Capitol Beverage Sales, L.P.",Granny's,32813,850055931138,Granny's Blast Off 10mg THC 4pk 12oz can,10,THC,Beverages,,4pk 12oz can,6,Additional Rebate From Granny's Via FG,82,76,66,5.2,1,1,60.8,10.133333333333333,0.20000000000000007,17.99,14.96,0.322638146167558,17.99,14.96,0,,0.5,"Capitol Beverage Sales, L.P.",32813,850055931138,0,4pk 12oz can,6,0,0, ,"Capitol Beverage Sales, L.P.850055931138","Capitol Beverage Sales, L.P.","Capitol Beverage Sales, L.P.",White,"Capitol Beverage Sales, L.P.850055931138",Additional Rebate From Granny's Via FG,32813,4pk 12oz can,,,
"Capitol Beverage Sales, L.P.850055931251",AA,New Item,,,"Capitol Beverage Sales, L.P.",Granny's,32839,850055931251,Granny's Elixir 10mg THC Variety Pack 12pk 12oz can,10,THC,Beverages,,2/12 12oz can,2,Additional Rebate From Granny's Via FG,78,72,62,4.4,1,1,57.6,28.8,0.19999999999999996,51.99,42.96,0.329608938547486,51.99,39.96,0,,0.5,"Capitol Beverage Sales, L.P.",32839,850055931251,0,2/12 12oz can,2,0,0, ,"Capitol Beverage Sales, L.P.850055931251","Capitol Beverage Sales, L.P.","Capitol Beverage Sales, L.P.",White,"Capitol Beverage Sales, L.P.850055931251",Additional Rebate From Granny's Via FG,32839,2/12 12oz can,,,
"Capitol Beverage Sales, L.P.850055931268",AA,New Item,,,"Capitol Beverage Sales, L.P.",Granny's,32815,850055931268,Granny's Fruit Tonic 10mg THC Variety Pack 12pk 12oz can,10,THC,Beverages,,2/12 12oz can,2,Additional Rebate From Granny's Via FG,78,72,62,4.4,1,1,57.6,28.8,0.19999999999999996,51.99,42.96,0.329608938547486,51.99,39.96,0,,0.5,"Capitol Beverage Sales, L.P.",32815,850055931268,0,2/12 12oz can,2,0,0, ,"Capitol Beverage Sales, L.P.850055931268","Capitol Beverage Sales, L.P.","Capitol Beverage Sales, L.P.",White,"Capitol Beverage Sales, L.P.850055931268",Additional Rebate From Granny's Via FG,32815,2/12 12oz can,,,
"Capitol Beverage Sales, L.P.850055931220",AA,New Item,,,"Capitol Beverage Sales, L.P.",Granny's,32835,850055931220,Granny's Grapefruit Tangerine 10mg THC 4pk 12oz can,10,THC,Beverages,,4pk 12oz can,6,Additional Rebate From Granny's Via FG,82,76,66,5.2,1,1,60.8,10.133333333333333,0.20000000000000007,17.99,14.96,0.322638146167558,17.99,14.96,0,,0.5,"Capitol Beverage Sales, L.P.",32835,850055931220,0,4pk 12oz can,6,0,0, ,"Capitol Beverage Sales, L.P.850055931220","Capitol Beverage Sales, L.P.","Capitol Beverage Sales, L.P.",White,"Capitol Beverage Sales, L.P.850055931220",Additional Rebate From Granny's Via FG,32835,4pk 12oz can,,,
"Capitol Beverage Sales, L.P.850055931114",AA,New Item,,,"Capitol Beverage Sales, L.P.",Granny's,32817,850055931114,Granny's Kitty Cocktail 10mg THC 4pk 12oz can,10,THC,Beverages,,4pk 12oz can,6,Additional Rebate From Granny's Via FG,82,76,66,5.2,1,1,60.8,10.133333333333333,0.20000000000000007,17.99,14.96,0.322638146167558,17.99,14.96,0,,0.5,"Capitol Beverage Sales, L.P.",32817,850055931114,0,4pk 12oz can,6,0,0, ,"Capitol Beverage Sales, L.P.850055931114","Capitol Beverage Sales, L.P.","Capitol Beverage Sales, L.P.",White,"Capitol Beverage Sales, L.P.850055931114",Additional Rebate From Granny's Via FG,32817,4pk 12oz can,,,
"Capitol Beverage Sales, L.P.850055931213",AA,New Item,,,"Capitol Beverage Sales, L.P.",Granny's,32837 ,850055931213,Granny's Pineapple Passionfruit 10mg THC 4pk 12oz can,10,THC,Beverages,,4pk 12oz can,6,Additional Rebate From Granny's Via FG,82,76,66,5.2,1,1,60.8,10.133333333333333,0.20000000000000007,17.99,14.96,0.322638146167558,17.99,14.96,0,,0.5,"Capitol Beverage Sales, L.P.",32837 ,850055931213,0,4pk 12oz can,6,0,0, ,"Capitol Beverage Sales, L.P.850055931213","Capitol Beverage Sales, L.P.","Capitol Beverage Sales, L.P.",White,"Capitol Beverage Sales, L.P.850055931213",Additional Rebate From Granny's Via FG,32837 ,4pk 12oz can,,,
"Capitol Beverage Sales, L.P.850055931121",AA,New Item,,,"Capitol Beverage Sales, L.P.",Granny's,32819 ,850055931121,Granny's Purple haze 10mg THC 4pk 12oz can,10,THC,Beverages,,4pk 12oz can,6,Additional Rebate From Granny's Via FG,82,76,66,5.2,1,1,60.8,10.133333333333333,0.20000000000000007,17.99,14.96,0.322638146167558,17.99,14.96,0,,0.5,"Capitol Beverage Sales, L.P.",32819 ,850055931121,0,4pk 12oz can,6,0,0, ,"Capitol Beverage Sales, L.P.850055931121","Capitol Beverage Sales, L.P.","Capitol Beverage Sales, L.P.",White,"Capitol Beverage Sales, L.P.850055931121",Additional Rebate From Granny's Via FG,32819 ,4pk 12oz can,,,
"Capitol Beverage Sales, L.P.850055931107",AA,New Item,,,"Capitol Beverage Sales, L.P.",Granny's,32821,850055931107,Granny's Sunny-G 10mg THC 4pk 12oz can,10,THC,Beverages,,4pk 12oz can,6,Additional Rebate From Granny's Via FG,82,76,66,5.2,1,1,60.8,10.133333333333333,0.20000000000000007,17.99,14.96,0.322638146167558,17.99,14.96,0,,0.5,"Capitol Beverage Sales, L.P.",32821,850055931107,0,4pk 12oz can,6,0,0, ,"Capitol Beverage Sales, L.P.850055931107","Capitol Beverage Sales, L.P.","Capitol Beverage Sales, L.P.",White,"Capitol Beverage Sales, L.P.850055931107",Additional Rebate From Granny's Via FG,32821,4pk 12oz can,,,
"Capitol Beverage Sales, L.P.850055931206",AA,New Item,,,"Capitol Beverage Sales, L.P.",Granny's,32843,850055931206,Granny's Watermelon 10mg THC 4pk 12oz can,10,THC,Beverages,,4pk 12oz can,6,Additional Rebate From Granny's Via FG,82,76,66,5.2,1,1,60.8,10.133333333333333,0.20000000000000007,17.99,14.96,0.322638146167558,17.99,14.96,0,,0.5,"Capitol Beverage Sales, L.P.",32843,850055931206,0,4pk 12oz can,6,0,0, ,"Capitol Beverage Sales, L.P.850055931206","Capitol Beverage Sales, L.P.","Capitol Beverage Sales, L.P.",White,"Capitol Beverage Sales, L.P.850055931206",Additional Rebate From Granny's Via FG,32843,4pk 12oz can,,,
"Capitol Beverage Sales, L.P.850055931183",AA,New Item,,,"Capitol Beverage Sales, L.P.",Granny's,32801,850055931183,Granny's Birthday Cake Pretzels 50mg THC 50pk,50,THC,Edibles,,50pk,10,Additional Rebate From Granny's Via FG,110,104,100,16.8,1,1,83.2,8.32,0.19999999999999996,9.99,7.96,-0.045226130653266375,15.99,12.96,0,,0.5,"Capitol Beverage Sales, L.P.",32801,850055931183,Pretzel,50pk,10,0,0, ,"Capitol Beverage Sales, L.P.850055931183","Capitol Beverage Sales, L.P.","Capitol Beverage Sales, L.P.",White,"Capitol Beverage Sales, L.P.850055931183",Additional Rebate From Granny's Via FG,32801,50pk,,,
"Capitol Beverage Sales, L.P.850055931008",AA,New Item,,,"Capitol Beverage Sales, L.P.",Granny's,32811 ,850055931008,Granny's Cheddar Pretzels 50mg THC 50pk,50,THC,Edibles,,50pk,10,Additional Rebate From Granny's Via FG,110,104,100,16.8,1,1,83.2,8.32,0.19999999999999996,15.99,12.96,0.3580246913580247,15.99,12.96,0,,0.5,"Capitol Beverage Sales, L.P.",32811 ,850055931008,Pretzel,50pk,10,0,0, ,"Capitol Beverage Sales, L.P.850055931008","Capitol Beverage Sales, L.P.","Capitol Beverage Sales, L.P.",White,"Capitol Beverage Sales, L.P.850055931008",Additional Rebate From Granny's Via FG,32811 ,50pk,,,
"Capitol Beverage Sales, L.P.850055931176",AA,New Item,,,"Capitol Beverage Sales, L.P.",Granny's,32809 ,850055931176,Granny's Dill Pickle Pretzel's 50mg THC 50pk,50,THC,Edibles,,50pk,10,Additional Rebate From Granny's Via FG,110,104,100,16.8,1,1,83.2,8.32,0.19999999999999996,15.99,12.96,0.3580246913580247,15.99,12.96,0,,0.5,"Capitol Beverage Sales, L.P.",32809 ,850055931176,Pretzel,50pk,10,0,0, ,"Capitol Beverage Sales, L.P.850055931176","Capitol Beverage Sales, L.P.","Capitol Beverage Sales, L.P.",White,"Capitol Beverage Sales, L.P.850055931176",Additional Rebate From Granny's Via FG,32809 ,50pk,,,
"Capitol Beverage Sales, L.P.850055931169",AA,New Item,,,"Capitol Beverage Sales, L.P.",Granny's,32807 ,850055931169,Granny's Honey Mustard 50mg THC 50pk,50,THC,Edibles,,50pk,10,Additional Rebate From Granny's Via FG,110,104,100,16.8,1,1,83.2,8.32,0.19999999999999996,15.99,12.96,0.3580246913580247,15.99,12.96,0,,0.5,"Capitol Beverage Sales, L.P.",32807 ,850055931169,Pretzel,50pk,10,0,0, ,"Capitol Beverage Sales, L.P.850055931169","Capitol Beverage Sales, L.P.","Capitol Beverage Sales, L.P.",White,"Capitol Beverage Sales, L.P.850055931169",Additional Rebate From Granny's Via FG,32807 ,50pk,,,
"Capitol Beverage Sales, L.P.850055931039",AA,New Item,,,"Capitol Beverage Sales, L.P.",Granny's,32805 ,850055931039,Granny's Original Pretzels 50mg THC 50pk,50,THC,Edibles,,50pk,10,Additional Rebate From Granny's Via FG,110,104,100,16.8,1,1,83.2,8.32,0.19999999999999996,15.99,12.96,0.3580246913580247,15.99,12.96,0,,0.5,"Capitol Beverage Sales, L.P.",32805 ,850055931039,Pretzel,50pk,10,0,0, ,"Capitol Beverage Sales, L.P.850055931039","Capitol Beverage Sales, L.P.","Capitol Beverage Sales, L.P.",White,"Capitol Beverage Sales, L.P.850055931039",Additional Rebate From Granny's Via FG,32805 ,50pk,,,
"Capitol Beverage Sales, L.P.850055931046",AA,New Item,,,"Capitol Beverage Sales, L.P.",Granny's,32803 ,850055931046,Granny's S'mores Pretzels 50mg THC 50pk,50,THC,Edibles,,50pk,10,Additional Rebate From Granny's Via FG,110,104,100,16.8,1,1,83.2,8.32,0.19999999999999996,15.99,12.96,0.3580246913580247,15.99,12.96,0,,0.5,"Capitol Beverage Sales, L.P.",32803 ,850055931046,Pretzel,50pk,10,0,0, ,"Capitol Beverage Sales, L.P.850055931046","Capitol Beverage Sales, L.P.","Capitol Beverage Sales, L.P.",White,"Capitol Beverage Sales, L.P.850055931046",Additional Rebate From Granny's Via FG,32803 ,50pk,,,
"Capitol Beverage Sales, L.P.850055931152",AA,New Item,,,"Capitol Beverage Sales, L.P.",Granny's,32831 ,850055931152,Granny's Cranberry Apple 5mg THC Gummies 10pk,5,THC,Edibles,,10pk,10,Additional Rebate From Granny's Via FG,70,64,57,5.8,1,1,51.2,5.12,0.19999999999999996,9.99,7.96,0.35678391959798994,9.99,7.96,0,,0.5,"Capitol Beverage Sales, L.P.",32831 ,850055931152,Gummies,10pk,10,0,0, ,"Capitol Beverage Sales, L.P.850055931152","Capitol Beverage Sales, L.P.","Capitol Beverage Sales, L.P.",White,"Capitol Beverage Sales, L.P.850055931152",Additional Rebate From Granny's Via FG,32831 ,10pk,,,
"Capitol Beverage Sales, L.P.850055931060",AA,New Item,,,"Capitol Beverage Sales, L.P.",Granny's,32827 ,850055931060,Granny's Orange Creamsicle 5mg THC Gummies 10pk,5,THC,Edibles,,10pk,10,Additional Rebate From Granny's Via FG,70,64,57,5.8,1,1,51.2,5.12,0.19999999999999996,9.99,7.96,0.35678391959798994,9.99,7.96,0,,0.5,"Capitol Beverage Sales, L.P.",32827 ,850055931060,Gummies,10pk,10,0,0, ,"Capitol Beverage Sales, L.P.850055931060","Capitol Beverage Sales, L.P.","Capitol Beverage Sales, L.P.",White,"Capitol Beverage Sales, L.P.850055931060",Additional Rebate From Granny's Via FG,32827 ,10pk,,,
"Capitol Beverage Sales, L.P.850055931084",AA,New Item,,,"Capitol Beverage Sales, L.P.",Granny's,32823 ,850055931084,Granny's 5mg THC Gummy Variety Pack 10pk,5,THC,Edibles,,10pk,10,Additional Rebate From Granny's Via FG,70,64,57,5.8,1,1,51.2,5.12,0.19999999999999996,9.99,7.96,0.35678391959798994,9.99,7.96,0,,0.5,"Capitol Beverage Sales, L.P.",32823 ,850055931084,Gummies,10pk,10,0,0, ,"Capitol Beverage Sales, L.P.850055931084","Capitol Beverage Sales, L.P.","Capitol Beverage Sales, L.P.",White,"Capitol Beverage Sales, L.P.850055931084",Additional Rebate From Granny's Via FG,32823 ,10pk,,,
"Capitol Beverage Sales, L.P.850055931145",AA,New Item,,,"Capitol Beverage Sales, L.P.",Granny's,32833 ,850055931145,Granny's Pear-Ginger 5mg THC Gummies 10pk,5,THC,Edibles,,10pk,10,Additional Rebate From Granny's Via FG,70,64,57,5.8,1,1,51.2,5.12,0.19999999999999996,9.99,7.96,0.35678391959798994,9.99,7.96,0,,0.5,"Capitol Beverage Sales, L.P.",32833 ,850055931145,Gummies,10pk,10,0,0, ,"Capitol Beverage Sales, L.P.850055931145","Capitol Beverage Sales, L.P.","Capitol Beverage Sales, L.P.",White,"Capitol Beverage Sales, L.P.850055931145",Additional Rebate From Granny's Via FG,32833 ,10pk,,,
"Capitol Beverage Sales, L.P.850055931053",AA,New Item,,,"Capitol Beverage Sales, L.P.",Granny's,32829,850055931053,Granny's Rainbow Sherbet 5mg THC Gummies 10pk,5,THC,Edibles,,10pk,10,Additional Rebate From Granny's Via FG,70,64,57,5.8,1,1,51.2,5.12,0.19999999999999996,9.99,7.96,0.35678391959798994,9.99,7.96,0,,0.5,"Capitol Beverage Sales, L.P.",32829,850055931053,Gummies,10pk,10,0,0, ,"Capitol Beverage Sales, L.P.850055931053","Capitol Beverage Sales, L.P.","Capitol Beverage Sales, L.P.",White,"Capitol Beverage Sales, L.P.850055931053",Additional Rebate From Granny's Via FG,32829,10pk,,,
"Capitol Beverage Sales, L.P.850055931077",AA,New Item,,,"Capitol Beverage Sales, L.P.",Granny's,32825,850055931077,Granny's Granny Smith 5mg THC Gummies 10pk,5,THC,Edibles,,10pk,10,Additional Rebate From Granny's Via FG,70,64,57,5.8,1,1,51.2,5.12,0.19999999999999996,9.99,7.96,0.35678391959798994,9.99,7.96,0,,0.5,"Capitol Beverage Sales, L.P.",32825,850055931077,Gummies,10pk,10,0,0, ,"Capitol Beverage Sales, L.P.850055931077","Capitol Beverage Sales, L.P.","Capitol Beverage Sales, L.P.",White,"Capitol Beverage Sales, L.P.850055931077",Additional Rebate From Granny's Via FG,32825,10pk,,,
Phillips Wine & Spirits - St. Paul85006587001,,New Item,,Yes,Phillips Wine & Spirits - St. Paul,Owen's,1450351,85006587001,Daizy's Strawberry Lemonade 10mg THC 4pk 12oz can,10,THC,Beverages,Beverage,4pk 12oz can,6,,69,63,63,56,104,16,54.38461538461539,9.064102564102564,0.1367521367521367,16.99,13.96,0.35070898537947254,,,,,0.5,Phillips Wine & Spirits - St. Paul,1450351,85006587001,Beverage,4pk 12oz can,6,0,0,1450351,Phillips Wine & Spirits - St. Paul85006587001,,Phillips Wine & Spirits - St. Paul,White,Phillips Wine & Spirits - St. Paul85006587001,0,1450351,4pk 12oz can,,,
Phillips Wine & Spirits - St. Paul85006587003,,New Item,,Yes,Phillips Wine & Spirits - St. Paul,Owen's,1856456,85006587003,Daizy's Grape 10mg THC 4pk 12oz can,10,THC,Beverages,Beverage,4pk 12oz can,6,,69,63,63,56,104,16,54.38461538461539,9.064102564102564,0.1367521367521367,16.99,13.96,0.35070898537947254,16.49,13.96,0,,0.5,Phillips Wine & Spirits - St. Paul,1856456,85006587003,Beverage,4pk 12oz can,6,0,0,1856456,Phillips Wine & Spirits - St. Paul85006587003,Phillips Wine & Spirits - St. Paul,Phillips Wine & Spirits - St. Paul,White,Phillips Wine & Spirits - St. Paul85006587003,0,1856456,4pk 12oz can,,,
Phillips Wine & Spirits - St. Paul85006587005,,New Item,,Yes,Phillips Wine & Spirits - St. Paul,Owen's,1717065,85006587005,Daizy's Tropical Punch 10mg THC 4pk 12oz can,10,THC,Beverages,Beverage,4pk 12oz can,6,,69,63,63,56,104,16,54.38461538461539,9.064102564102564,0.1367521367521367,16.99,13.96,0.35070898537947254,16.49,13.96,0,,0.5,Phillips Wine & Spirits - St. Paul,1717065,85006587005,Beverage,4pk 12oz can,6,0,0,1717065,Phillips Wine & Spirits - St. Paul85006587005,Phillips Wine & Spirits - St. Paul,Phillips Wine & Spirits - St. Paul,White,Phillips Wine & Spirits - St. Paul85006587005,0,1717065,4pk 12oz can,,,
Phillips Wine & Spirits - St. Paul85006587007,,New Item,,Yes,Phillips Wine & Spirits - St. Paul,Owen's,1297885,85006587007,Daizy's Passion Fruit 10mg THC 4pk 12oz can,10,THC,Beverages,Beverage,4pk 12oz can,6,,69,63,63,56,104,16,54.38461538461539,9.064102564102564,0.1367521367521367,16.99,13.96,0.35070898537947254,16.49,13.96,0,,0.5,Phillips Wine & Spirits - St. Paul,1297885,85006587007,Beverage,4pk 12oz can,6,0,0,1297885,Phillips Wine & Spirits - St. Paul85006587007,Phillips Wine & Spirits - St. Paul,Phillips Wine & Spirits - St. Paul,White,Phillips Wine & Spirits - St. Paul85006587007,0,1297885,4pk 12oz can,,,
Phillips Wine & Spirits - St. Paul85006587009,,New Item,,Yes,Phillips Wine & Spirits - St. Paul,Owen's,1282373,85006587009,Daizy's Watermelon Lime 10mg THC 4pk 12oz can,10,THC,Beverages,Beverage,4pk 12oz can,6,,69,63,63,56,104,16,54.38461538461539,9.064102564102564,0.1367521367521367,16.99,13.96,0.35070898537947254,16.49,13.96,0,,0.5,Phillips Wine & Spirits - St. Paul,1282373,85006587009,Beverage,4pk 12oz can,6,0,0,1282373,Phillips Wine & Spirits - St. Paul85006587009,Phillips Wine & Spirits - St. Paul,Phillips Wine & Spirits - St. Paul,White,Phillips Wine & Spirits - St. Paul85006587009,0,1282373,4pk 12oz can,,,
Phillips Wine & Spirits - St. Paul85006587023,,New Item,,Yes,Phillips Wine & Spirits - St. Paul,Owen's,1032015,85006587023,Daizy's Blueberry Lemonade 10mg THC 4pk 12oz can,10,THC,Beverages,Beverage,4pk 12oz can,6,,69,63,63,56,104,16,54.38461538461539,9.064102564102564,0.1367521367521367,16.99,13.96,0.35070898537947254,16.49,13.96,0,,0.5,Phillips Wine & Spirits - St. Paul,1032015,85006587023,Beverage,4pk 12oz can,6,0,0,1032015,Phillips Wine & Spirits - St. Paul85006587023,Phillips Wine & Spirits - St. Paul,Phillips Wine & Spirits - St. Paul,White,Phillips Wine & Spirits - St. Paul85006587023,0,1032015,4pk 12oz can,,,
Phillips Wine & Spirits - St. Paul85006587025,,New Item,,Yes,Phillips Wine & Spirits - St. Paul,Owen's,1156867,85006587025,Daizy's Orange Cream 10mg THC 4pk 12oz can,10,THC,Beverages,Beverage,4pk 12oz can,6,,69,63,63,56,104,16,54.38461538461539,9.064102564102564,0.1367521367521367,16.99,13.96,0.35070898537947254,16.49,13.96,0,,0.5,Phillips Wine & Spirits - St. Paul,1156867,85006587025,Beverage,4pk 12oz can,6,0,0,1156867,Phillips Wine & Spirits - St. Paul85006587025,Phillips Wine & Spirits - St. Paul,Phillips Wine & Spirits - St. Paul,White,Phillips Wine & Spirits - St. Paul85006587025,0,1156867,4pk 12oz can,,,
Phillips Wine & Spirits - St. Paul85006587027,,New Item,,Yes,Phillips Wine & Spirits - St. Paul,Owen's,1366261,85006587027,Daizy's Root Beer 10mg THC 4pk 12oz can,10,THC,Beverages,Beverage,4pk 12oz can,6,,69,63,63,56,104,16,54.38461538461539,9.064102564102564,0.1367521367521367,16.99,13.96,0.35070898537947254,,,,,0.5,Phillips Wine & Spirits - St. Paul,1366261,85006587027,Beverage,4pk 12oz can,6,0,0,1366261,Phillips Wine & Spirits - St. Paul85006587027,,Phillips Wine & Spirits - St. Paul,White,Phillips Wine & Spirits - St. Paul85006587027,0,1366261,4pk 12oz can,,,
Phillips Wine & Spirits - St. Paul85006587029,,New Item,,Yes,Phillips Wine & Spirits - St. Paul,Owen's,1325310,85006587029,Daizy's Cream Soda 10mg THC 4pk 12oz can,10,THC,Beverages,Beverage,4pk 12oz can,6,,69,63,63,56,104,16,54.38461538461539,9.064102564102564,0.1367521367521367,16.99,13.96,0.35070898537947254,,,,,0.5,Phillips Wine & Spirits - St. Paul,1325310,85006587029,Beverage,4pk 12oz can,6,0,0,1325310,Phillips Wine & Spirits - St. Paul85006587029,,Phillips Wine & Spirits - St. Paul,White,Phillips Wine & Spirits - St. Paul85006587029,0,1325310,4pk 12oz can,,,
Phillips Wine & Spirits - St. Paul85006587010,,New Item,,Yes,Phillips Wine & Spirits - St. Paul,Owen's,1008839,85006587010,Daizy's Variety Pack 10mg THC 12pk 12oz can,10,THC,Beverages,Beverage,12pk 12oz can,2,,61.5,56,56,56,104,16,48.53333333333333,24.266666666666666,0.13333333333333341,43.99,36.96,0.3434343434343435,44.99,37.96,0,,0.5,Phillips Wine & Spirits - St. Paul,1008839,85006587010,Beverage,12pk 12oz can,2,0,0,1008839,Phillips Wine & Spirits - St. Paul85006587010,Phillips Wine & Spirits - St. Paul,Phillips Wine & Spirits - St. Paul,White,Phillips Wine & Spirits - St. Paul85006587010,0,1008839,12pk 12oz can,,,
Phillips Wine & Spirits - St. Paul85006587016,,New Item,,Yes,Phillips Wine & Spirits - St. Paul,Owen's,1947300,85006587016,Daizy's LTO Social Sampler Pack 10mg THC 8pk 12oz can,10,THC,Beverages,Beverage,8pk 12oz can,3,,61.5,56,56,56,104,16,48.53333333333333,16.177777777777777,0.13333333333333341,29.99,24.96,0.3518518518518519,28.99,24.96,0,,0.5,Phillips Wine & Spirits - St. Paul,1947300,85006587016,Beverage,8pk 12oz can,3,Done Purchasing,0,1947300,Phillips Wine & Spirits - St. Paul85006587016,Phillips Wine & Spirits - St. Paul,Phillips Wine & Spirits - St. Paul,White,Phillips Wine & Spirits - St. Paul85006587016,0,1947300,8pk 12oz can,,,
