Source,Product Code,Description,Supplier,Location,Ref #,Status,Cases Ordered,Cases Received,Case Discrepancy,Dept,Category,Notes,Line Notes,Date Created
Receiving,842094109418,For You Botanical Single Bottle Wine Bag by Cakewalk,"True Brands, Inc.",Stillwater,1028765,Receiving,1.0,,,Miscellaneous,Accessories,,,2026-06-22T00:00:00
Receiving,842094109456,No-Mess Glitter Bow Assorted Wine Bag by Cakewalk,"True Brands, Inc.",St. Louis Park,1028752,Receiving,1.0,,,Miscellaneous,Accessories,,,2026-06-22T00:00:00
Receiving,842094150915,20 Red Shot Glasses,"True Brands, Inc.",Minneapolis,1028653,Receiving,1.0,,,Miscellaneous,Accessories,,,2026-06-22T00:00:00
Receiving,842094171217,"16 oz Red Party Cups, 50 pack by True","True Brands, Inc.",Minneapolis,1028653,Receiving,12.0,,,Miscellaneous,Accessories,,,2026-06-22T00:00:00
Receiving,842094181766,2 oz plastic shot glasses,"True Brands, Inc.",Stillwater,1028765,Receiving,1.0,,,Miscellaneous,Accessories,,,2026-06-22T00:00:00
Receiving,876718021664,Grand Cru: Stemless Wine Glass,"True Brands, Inc.",Minneapolis,1028653,Receiving,1.0,,,Miscellaneous,Accessories,,,2026-06-22T00:00:00
Receiving,876718022258,Truetap: Double-Hinged Waiters Corkscrew,"True Brands, Inc.",Minneapolis,1028653,Receiving,1.0,,,Miscellaneous,Accessories,,,2026-06-22T00:00:00
Receiving,876718025310,Wine Stain Gift Bag,"True Brands, Inc.",St. Louis Park,1028752,Receiving,1.0,,,Miscellaneous,Accessories,,,2026-06-22T00:00:00
Receiving,876718025334,Retro: 24 oz Cocktail Shaker,"True Brands, Inc.",St. Louis Park,1028752,Receiving,1.0,,,Miscellaneous,Accessories,,,2026-06-22T00:00:00
Receiving,876718029431,Big Jig: Double Jigger,"True Brands, Inc.",Stillwater,1028765,Receiving,1.0,,,Miscellaneous,Accessories,,,2026-06-22T00:00:00
Receiving,876718030413,Shoot Ping Pong Balls,"True Brands, Inc.",Minneapolis,1028653,Receiving,1.0,,,Miscellaneous,Accessories,,,2026-06-22T00:00:00
Receiving,876718034732,Assorted Cheers Wine Bags by Cakewalk,"True Brands, Inc.",St. Louis Park,1028752,Receiving,1.0,,,Miscellaneous,Accessories,,,2026-06-22T00:00:00
Receiving,876718039232,Beer Pong Kit,"True Brands, Inc.",Minneapolis,1028653,Receiving,1.0,,,Miscellaneous,Accessories,,,2026-06-22T00:00:00
Receiving,876718049798,Smile There's Wine Bag by Cakewalk 750ml,"True Brands, Inc.",St. Louis Park,1028752,Receiving,1.0,,,Miscellaneous,Accessories,,,2026-06-22T00:00:00
Receiving,012354001350,19 Crimes Cabernet 750ml,"Breakthru Beverage Minnesota Wine & Spirits, LLC",St. Louis Park,1028736,Receiving,1.0,,,Wine,Cabernet,Month End,,2026-06-22T00:00:00
Receiving,012354001350,19 Crimes Cabernet 750ml,"Breakthru Beverage Minnesota Wine & Spirits, LLC",Woodbury,1028788,Receiving,1.0,,,Wine,Cabernet,Month End,,2026-06-22T00:00:00
Receiving,018341151015,Barefoot Cab Sauv 1.5L,Johnson Brothers - St. Paul,Ramsey,1028696,Receiving,1.0,1.0,0.0,Wine,Cabernet,Month End,,2026-06-22T00:00:00
Receiving,031259004204,Josh Cellars Cabernet Sauvignon 375ml,Johnson Brothers - St. Paul,Roseville,1028715,Receiving,1.0,1.0,0.0,Wine,Cabernet,Free Goods,,2026-06-22T00:00:00
Receiving,081434000033,Black Box Cab Sauv 3L Box,Johnson Brothers - St. Paul,Ramsey,1028696,Receiving,1.0,1.0,0.0,Wine,Cabernet,Month End,,2026-06-22T00:00:00
Receiving,082242016063,Bota Box Nighthawk Blk Bourbon Cabernet 3L Box,Phillips Wine & Spirits - St. Paul,Ramsey,1028698,Receiving,1.0,1.0,0.0,Wine,Cabernet,Month End,,2026-06-22T00:00:00
Receiving,083120011255,Franzia Bold and Jammy Cab 5L Box,Southern Glazer's Wine & Spirits of MN,Plymouth,1028687,Receiving,1.0,,,Wine,Cabernet,Month End,,2026-06-22T00:00:00
Receiving,083120101895,Franzia Cab Sauv 5L Box,Southern Glazer's Wine & Spirits of MN,St. Louis Park,1028741,Receiving,1.0,,,Wine,Cabernet,Month End,,2026-06-22T00:00:00
Receiving,083120101895,Franzia Cab Sauv 5L Box,Southern Glazer's Wine & Spirits of MN,Plymouth,1028687,Receiving,1.0,,,Wine,Cabernet,Month End,,2026-06-22T00:00:00
Receiving,083722870045,Murphy Goode Cab Sauv 750ml,Johnson Brothers - St. Paul,Roseville,1028722,Receiving,1.0,1.0,0.0,Wine,Cabernet,Month End,,2026-06-22T00:00:00
Receiving,085000003091,Peter Vella Cab Sauv 5L Box,Johnson Brothers - St. Paul,Ramsey,1028696,Receiving,1.0,1.0,0.0,Wine,Cabernet,Month End,,2026-06-22T00:00:00
Receiving,085798028726,Alexander Valley Vineyards Cab Sauv 750ml,"Breakthru Beverage Minnesota Wine & Spirits, LLC",St. Louis Park,1028736,Receiving,1.0,,,Wine,Cabernet,Month End,,2026-06-22T00:00:00
Receiving,086788000906,Smith & Hook Cabernet Sauvignon 750ml,Johnson Brothers - St. Paul,Roseville,1028722,Receiving,1.0,1.0,0.0,Wine,Cabernet,Month End,,2026-06-22T00:00:00
Receiving,086891083186,The Federalist Cab 750ml,Southern Glazer's Wine & Spirits of MN,St. Louis Park,1028741,Receiving,1.0,,,Wine,Cabernet,Month End,,2026-06-22T00:00:00
Receiving,088586001864,CSM Indian Wells Cabernet 750ml,Southern Glazer's Wine & Spirits of MN,Plymouth,1028687,Receiving,1.0,,,Wine,Cabernet,Month End,,2026-06-22T00:00:00
Receiving,089121288122,J Lohr Cabernet Sauvignon 750ml,"Breakthru Beverage Minnesota Wine & Spirits, LLC",St. Louis Park,1028736,Receiving,1.0,,,Wine,Cabernet,Month End,,2026-06-22T00:00:00
Receiving,089121288122,J Lohr Cabernet Sauvignon 750ml,"Breakthru Beverage Minnesota Wine & Spirits, LLC",Woodbury,1028788,Receiving,1.0,,,Wine,Cabernet,Month End,,2026-06-22T00:00:00
Receiving,669576020449,Decoy Limited Alexander Valley Cabernet Sauvignon 750ml,"Breakthru Beverage Minnesota Wine & Spirits, LLC",Woodbury,1028788,Receiving,1.0,,,Wine,Cabernet,Month End,,2026-06-22T00:00:00
Receiving,812949023459,Chop Shop Cabernet Sauvignon 750ml,Oxford Street Merchants,Roseville,1028723,Receiving,1.0,1.0,0.0,Wine,Cabernet,Month End,,2026-06-22T00:00:00
Receiving,853868006345,Banshee Paso Cab 750ml,Southern Glazer's Wine & Spirits of MN,St. Louis Park,1028741,Receiving,1.0,,,Wine,Cabernet,Month End,,2026-06-22T00:00:00
Receiving,857744001318,Josh Cellars Cabernet Sauvignon 750ml,Johnson Brothers - St. Paul,Roseville,1028715,Receiving,2.0,2.0,0.0,Wine,Cabernet,Free Goods,,2026-06-22T00:00:00
Receiving,857744001318,Josh Cellars Cabernet Sauvignon 750ml,Johnson Brothers - St. Paul,Ramsey,1028692,Receiving,1.0,1.0,0.0,Wine,Cabernet,Free Goods,,2026-06-22T00:00:00
Receiving,879716002024,Natural Origins Cabernet 3L Box,Paustis Wine,Plymouth,1028685,Receiving,1.0,1.0,0.0,Wine,Cabernet,Month End,,2026-06-22T00:00:00
Receiving,890409002398,Daou Cabernet Sauvignon 750ml,"Breakthru Beverage Minnesota Wine & Spirits, LLC",Woodbury,1028788,Receiving,1.0,,,Wine,Cabernet,Month End,,2026-06-22T00:00:00
Receiving,018341151053,Barefoot Chardonnay 1.5L,Johnson Brothers - St. Paul,Ramsey,1028696,Receiving,1.0,1.0,0.0,Wine,Chardonnay,Month End,,2026-06-22T00:00:00
Receiving,018341151053,Barefoot Chardonnay 1.5L,Johnson Brothers - St. Paul,Roseville,1028722,Receiving,1.0,1.0,0.0,Wine,Chardonnay,Month End,,2026-06-22T00:00:00
Receiving,031259008936,Yellow Tail Chardonnay 1.5L,Phillips Wine & Spirits - St. Paul,Ramsey,1028693,Receiving,2.0,2.0,0.0,Wine,Chardonnay,Free Goods,,2026-06-22T00:00:00
Receiving,081308003320,Chloe Chardonnay 750ml,Southern Glazer's Wine & Spirits of MN,St. Louis Park,1028741,Receiving,1.0,,,Wine,Chardonnay,Month End,,2026-06-22T00:00:00
Receiving,081308004396,Cupcake Butterkissed Chard 750ml,Southern Glazer's Wine & Spirits of MN,St. Louis Park,1028741,Receiving,1.0,,,Wine,Chardonnay,Month End,,2026-06-22T00:00:00
Receiving,081434000040,Black Box Chardonnay 3L Box,Johnson Brothers - St. Paul,Ramsey,1028696,Receiving,1.0,1.0,0.0,Wine,Chardonnay,Month End,,2026-06-22T00:00:00
Receiving,081434000040,Black Box Chardonnay 3L Box,Johnson Brothers - St. Paul,Roseville,1028722,Receiving,1.0,1.0,0.0,Wine,Chardonnay,Month End,,2026-06-22T00:00:00
Receiving,081584013105,K J Vintner's Chardonnay 750ml,Phillips Wine & Spirits - St. Paul,Ramsey,1028698,Receiving,3.0,3.0,0.0,Wine,Chardonnay,Month End,,2026-06-22T00:00:00
Receiving,081584047674,K J Avant Chardonnay 750ml,Phillips Wine & Spirits - St. Paul,Ramsey,1028698,Receiving,1.0,1.0,0.0,Wine,Chardonnay,Month End,,2026-06-22T00:00:00
Receiving,082242011051,Bota Box Chardonnay 3L Box,Phillips Wine & Spirits - St. Paul,Ramsey,1028698,Receiving,1.0,1.0,0.0,Wine,Chardonnay,Month End,,2026-06-22T00:00:00
Receiving,083120102090,Franzia Chardonnay 5L Box,Southern Glazer's Wine & Spirits of MN,Minnetonka,1028665,Receiving,1.0,,,Wine,Chardonnay,Month End,,2026-06-22T00:00:00
Receiving,083417000368,Dolly Chardonnay 750ml,"Vinocopia, Inc",Andover,1028577,Receiving,1.0,,,Wine,Chardonnay,,,2026-06-22T00:00:00
Receiving,085000006795,Peter Vella Chardonnay 5L Box,Johnson Brothers - St. Paul,Roseville,1028722,Receiving,1.0,0.0,-1.0,Wine,Chardonnay,Month End,,2026-06-22T00:00:00
Receiving,085000034521,Black Box Brilliant Chardonnay 3L Box,Johnson Brothers - St. Paul,Ramsey,1028696,Receiving,1.0,1.0,0.0,Wine,Chardonnay,Month End,,2026-06-22T00:00:00
Receiving,085000034521,Black Box Brilliant Chardonnay 3L Box,Johnson Brothers - St. Paul,Roseville,1028722,Receiving,1.0,1.0,0.0,Wine,Chardonnay,Month End,,2026-06-22T00:00:00
Receiving,086003873889,Woodbridge Chardonnay 1.5L,Southern Glazer's Wine & Spirits of MN,St. Louis Park,1026748-6.22.26,Receiving,1.0,,,Wine,Chardonnay,Free Goods,,2026-05-25T00:00:00
Receiving,086003903920,Woodbridge Light Oak Chardonna 1.5L,Southern Glazer's Wine & Spirits of MN,Plymouth,1028679,Receiving,1.0,,,Wine,Chardonnay,Free Goods,,2026-06-22T00:00:00
Receiving,086003903920,Woodbridge Light Oak Chardonna 1.5L,Southern Glazer's Wine & Spirits of MN,St. Louis Park,1028741,Receiving,1.0,,,Wine,Chardonnay,Month End,,2026-06-22T00:00:00
Receiving,088586498954,Columbia Crest Grd Chardonnay 750ml,Southern Glazer's Wine & Spirits of MN,St. Louis Park,1028741,Receiving,1.0,,,Wine,Chardonnay,Month End,,2026-06-22T00:00:00
Receiving,088586603846,Chateau Ste Michelle Chardonnay 750ml,Southern Glazer's Wine & Spirits of MN,Plymouth,1028687,Receiving,1.0,,,Wine,Chardonnay,Month End,,2026-06-22T00:00:00
Receiving,088586659935,CSM Indian Wells Chardonnay 750ml,Southern Glazer's Wine & Spirits of MN,St. Louis Park,1028741,Receiving,2.0,,,Wine,Chardonnay,Month End,,2026-06-22T00:00:00
Receiving,089121068823,J Lohr Chardonnay 750ml,"Breakthru Beverage Minnesota Wine & Spirits, LLC",St. Louis Park,1028736,Receiving,1.0,,,Wine,Chardonnay,Month End,,2026-06-22T00:00:00
Receiving,669576019245,Decoy Sonoma Chardonnay 750ml,"Breakthru Beverage Minnesota Wine & Spirits, LLC",St. Louis Park,1028736,Receiving,1.0,,,Wine,Chardonnay,Month End,,2026-06-22T00:00:00
Receiving,730429950012,True Myth Chardonnay 750ml,Paustis Wine,Plymouth,1028677,Receiving,1.0,1.0,0.0,Wine,Chardonnay,Free Goods,,2026-06-22T00:00:00
Receiving,742651107195,Ferrari Carano Chardonnay 750ml,Southern Glazer's Wine & Spirits of MN,St. Louis Park,1028741,Receiving,1.0,,,Wine,Chardonnay,Month End,,2026-06-22T00:00:00
Receiving,769611454441,Sonoma Cutrer Chardonnay 750ml,"Breakthru Beverage Minnesota Wine & Spirits, LLC",St. Louis Park,1028736,Receiving,7.0,,,Wine,Chardonnay,Month End,,2026-06-22T00:00:00
Receiving,850832004260,Bread & Butter Chardonnay 750ml,Paustis Wine,Plymouth,1028677,Receiving,1.0,0.0,-1.0,Wine,Chardonnay,Free Goods,,2026-06-22T00:00:00
Receiving,853706002034,Jam Cellars Butter Chardonnay 750ml,Southern Glazer's Wine & Spirits of MN,St. Louis Park,1028741,Receiving,1.0,,,Wine,Chardonnay,Month End,,2026-06-22T00:00:00
Receiving,853706002034,Jam Cellars Butter Chardonnay 750ml,Southern Glazer's Wine & Spirits of MN,Plymouth,1028687,Receiving,1.0,,,Wine,Chardonnay,Month End,,2026-06-22T00:00:00
Receiving,855165005779,Meiomi Chardonnay 750ml,Southern Glazer's Wine & Spirits of MN,Plymouth,1028687,Receiving,2.0,,,Wine,Chardonnay,Month End,,2026-06-22T00:00:00
Receiving,855165005779,Meiomi Chardonnay 750ml,Southern Glazer's Wine & Spirits of MN,St. Louis Park,1028741,Receiving,1.0,,,Wine,Chardonnay,Month End,,2026-06-22T00:00:00
Receiving,891540001165,Sand Point Chardonnay 750ml,Small Lot MN,Plymouth,1028689,Receiving,1.0,1.0,0.0,Wine,Chardonnay,,,2026-06-22T00:00:00
Receiving,074806184400,Daily's Pina Colada RTD Frozen 10oz,Phillips Wine & Spirits - St. Paul,Ramsey,1028698,Receiving,1.0,1.0,0.0,Wine,Flavored,Month End,,2026-06-22T00:00:00
Receiving,083120103295,Franzia Fruity Red Sangria 5L Box,Southern Glazer's Wine & Spirits of MN,Plymouth,1028687,Receiving,1.0,,,Wine,Flavored,Month End,,2026-06-22T00:00:00
Receiving,085000019658,Barefoot Bubbly Pink Moscato 750ml,Johnson Brothers - St. Paul,Roseville,1028722,Receiving,1.0,1.0,0.0,Wine,Flavored,Month End,,2026-06-22T00:00:00
Receiving,085000020289,Barefoot Red Moscato 1.5L,Johnson Brothers - St. Paul,Roseville,1028722,Receiving,1.0,1.0,0.0,Wine,Flavored,Month End,,2026-06-22T00:00:00
Receiving,085000020456,Barefoot Pink Moscato 750ml,Johnson Brothers - St. Paul,Roseville,1028722,Receiving,1.0,1.0,0.0,Wine,Flavored,Month End,,2026-06-22T00:00:00
Receiving,085000029015,Barefoot Strawberry Moscato 750ml,Johnson Brothers - St. Paul,Roseville,1028722,Receiving,1.0,1.0,0.0,Wine,Flavored,Month End,,2026-06-22T00:00:00
Receiving,085000029015,Barefoot Strawberry Moscato 750ml,Johnson Brothers - St. Paul,Ramsey,1028696,Receiving,1.0,1.0,0.0,Wine,Flavored,Month End,,2026-06-22T00:00:00
Receiving,085000029893,Barefoot Peach Moscato 1.5L,Johnson Brothers - St. Paul,Ramsey,1028696,Receiving,1.0,1.0,0.0,Wine,Flavored,Month End,,2026-06-22T00:00:00
Receiving,085000031797,Barefoot Blueberry Moscato 1.5L,Johnson Brothers - St. Paul,Roseville,1028722,Receiving,1.0,1.0,0.0,Wine,Flavored,Month End,,2026-06-22T00:00:00
Receiving,712166833278,Jinro Grapefruit 375ml,Johnson Brothers - St. Paul,Roseville,1028722,Receiving,1.0,1.0,0.0,Wine,Fortified,Month End,,2026-06-22T00:00:00
Receiving,8801100130978,Good Day Lychee Soju 375ml,"Vinocopia, Inc",Minneapolis,1028654,Receiving,1.0,,,Wine,Fortified,,,2026-06-22T00:00:00
Receiving,082100738465,Black Box Malbec 3L Box,Johnson Brothers - St. Paul,Ramsey,1028696,Receiving,1.0,1.0,0.0,Wine,Malbec,Month End,,2026-06-22T00:00:00
Receiving,855708006638,Piattelli Grand Res Malbec 750ml,"Vinocopia, Inc",Andover,1028577,Receiving,1.0,,,Wine,Malbec,,,2026-06-22T00:00:00
Receiving,081434000026,Black Box Merlot 3L Box,Johnson Brothers - St. Paul,Ramsey,1028696,Receiving,1.0,1.0,0.0,Wine,Merlot,Month End,,2026-06-22T00:00:00
Receiving,085000003015,Peter Vella Merlot 5L Box,Johnson Brothers - St. Paul,Ramsey,1028696,Receiving,1.0,1.0,0.0,Wine,Merlot,Month End,,2026-06-22T00:00:00
Receiving,088586602832,Chateau Ste Michelle Merlot 750ml,Southern Glazer's Wine & Spirits of MN,St. Louis Park,1028741,Receiving,1.0,,,Wine,Merlot,Month End,,2026-06-22T00:00:00
Receiving,085000016671,Barefoot Moscato 1.5L,Johnson Brothers - St. Paul,Roseville,1028722,Receiving,4.0,4.0,0.0,Wine,Moscato,Month End,,2026-06-22T00:00:00
Receiving,678113000165,Ercole Monferratto Rosso Liter,Libation Project,St. Louis Park,1028746,Receiving,1.0,,,Wine,Other Reds,Store Request,,2026-06-22T00:00:00
Receiving,015643257582,Villa Jolanda Moscato d'Asti 750ml,Rue 38 LLC,Andover,1027951-6.22.26,Receiving,1.0,,,Wine,Other Whites,Store Request,,2026-06-15T00:00:00
Receiving,081308001074,Cupcake Riesling 750ml,Southern Glazer's Wine & Spirits of MN,St. Louis Park,1028741,Receiving,1.0,,,Wine,Other Whites,Month End,,2026-06-22T00:00:00
Receiving,083120003021,Franzia Moscato 5L Box,Southern Glazer's Wine & Spirits of MN,Plymouth,1028687,Receiving,1.0,,,Wine,Other Whites,Month End,,2026-06-22T00:00:00
Receiving,083120003021,Franzia Moscato 5L Box,Southern Glazer's Wine & Spirits of MN,St. Louis Park,1028741,Receiving,1.0,,,Wine,Other Whites,Month End,,2026-06-22T00:00:00
Receiving,083120003540,Franzia Pink Moscato 5L Box,Southern Glazer's Wine & Spirits of MN,Plymouth,1028687,Receiving,1.0,,,Wine,Other Whites,Month End,,2026-06-22T00:00:00
Receiving,085000015810,Barefoot Riesling 750ml,Johnson Brothers - St. Paul,Roseville,1028722,Receiving,1.0,1.0,0.0,Wine,Other Whites,Month End,,2026-06-22T00:00:00
Receiving,085000024225,Peter Vella Moscato Sangria 5L Box,Johnson Brothers - St. Paul,Ramsey,1028696,Receiving,1.0,1.0,0.0,Wine,Other Whites,Month End,,2026-06-22T00:00:00
Receiving,085000026083,Barefoot Moscato 3L Box,Johnson Brothers - St. Paul,Roseville,1028722,Receiving,1.0,1.0,0.0,Wine,Other Whites,Month End,,2026-06-22T00:00:00
Receiving,085000027066,Peter Vella Pink Moscato Sangria 5L Box,Johnson Brothers - St. Paul,Roseville,1028722,Receiving,1.0,1.0,0.0,Wine,Other Whites,Month End,,2026-06-22T00:00:00
Receiving,088586625848,Chateau Ste Michelle Gewurztraminer 750ml,Southern Glazer's Wine & Spirits of MN,St. Louis Park,1028741,Receiving,1.0,,,Wine,Other Whites,Month End,,2026-06-22T00:00:00
Receiving,669835222294,St Croix Vineyards Frontenac Blanc,Saint Croix Vineyards,Woodbury,PO0000001508,Receiving,1.0,0.0,-1.0,Wine,Other Whites,,,2026-06-25T13:36:39.1383724
Receiving,669835222416,St Croix Vineyards Itasca,Saint Croix Vineyards,Woodbury,PO0000001508,Receiving,1.0,0.0,-1.0,Wine,Other Whites,,,2026-06-25T13:36:39.1383724
Receiving,750625653012,Clean Slate Riesling 750ml,"Grape Beginnings, Inc.",Vadnais Heights,1028769,Receiving,1.0,,,Wine,Other Whites,,,2026-06-22T00:00:00
Receiving,081308003337,Chloe Pinot Grigio 750ml,Southern Glazer's Wine & Spirits of MN,St. Louis Park,1028741,Receiving,1.0,,,Wine,Pinot Grigio/Gris,Month End,,2026-06-22T00:00:00
Receiving,081308011653,Cupcake Lighthearted Pinot Grigio 750ml,Southern Glazer's Wine & Spirits of MN,Minnetonka,1028665,Receiving,2.0,,,Wine,Pinot Grigio/Gris,Month End,,2026-06-22T00:00:00
Receiving,081434000224,Black Box Pinot Grigio 3L Box,Johnson Brothers - St. Paul,Roseville,1028715,Receiving,1.0,1.0,0.0,Wine,Pinot Grigio/Gris,Free Goods,,2026-06-22T00:00:00
Receiving,081434000224,Black Box Pinot Grigio 3L Box,Johnson Brothers - St. Paul,Ramsey,1028696,Receiving,1.0,1.0,0.0,Wine,Pinot Grigio/Gris,Month End,,2026-06-22T00:00:00
Receiving,081434700209,Black Box Pinot Grigio 500ml,Johnson Brothers - St. Paul,Roseville,1028722,Receiving,1.0,1.0,0.0,Wine,Pinot Grigio/Gris,Month End,,2026-06-22T00:00:00
Receiving,082242013253,Bota Box Pinot Grigio 3L Box,Phillips Wine & Spirits - St. Paul,Ramsey,1028693,Receiving,1.0,1.0,0.0,Wine,Pinot Grigio/Gris,Free Goods,,2026-06-22T00:00:00
Receiving,083120100393,Franzia Pinot Grigio 5L Box,Southern Glazer's Wine & Spirits of MN,St. Louis Park,1028741,Receiving,1.0,,,Wine,Pinot Grigio/Gris,Month End,,2026-06-22T00:00:00
Receiving,085000014431,Barefoot Pinot Grigio 1.5L,Johnson Brothers - St. Paul,Roseville,1028715,Receiving,3.0,3.0,0.0,Wine,Pinot Grigio/Gris,Free Goods,,2026-06-22T00:00:00
Receiving,085000014431,Barefoot Pinot Grigio 1.5L,Johnson Brothers - St. Paul,Ramsey,1028696,Receiving,1.0,1.0,0.0,Wine,Pinot Grigio/Gris,Month End,,2026-06-22T00:00:00
Receiving,085000022955,Barefoot Pinot Grigio 3L Box,Johnson Brothers - St. Paul,Ramsey,1028696,Receiving,1.0,1.0,0.0,Wine,Pinot Grigio/Gris,Month End,,2026-06-22T00:00:00
Receiving,085000034507,Black Box Brilliant Pinot Grigio 3L Box,Johnson Brothers - St. Paul,Roseville,1028722,Receiving,1.0,1.0,0.0,Wine,Pinot Grigio/Gris,Month End,,2026-06-22T00:00:00
Receiving,085200005796,SeaGlass Pinot Gris 750ml,Phillips Wine & Spirits - St. Paul,Ramsey,1028698,Receiving,2.0,2.0,0.0,Wine,Pinot Grigio/Gris,Month End,,2026-06-22T00:00:00
Receiving,086785000039,Cavit Pinot Grigio 1.5L,"Breakthru Beverage Minnesota Wine & Spirits, LLC",Woodbury,1028788,Receiving,4.0,,,Wine,Pinot Grigio/Gris,Month End,,2026-06-22T00:00:00
Receiving,086785000084,Cavit Pinot Grigio 750ml,"Breakthru Beverage Minnesota Wine & Spirits, LLC",Woodbury,1028788,Receiving,1.0,,,Wine,Pinot Grigio/Gris,Month End,,2026-06-22T00:00:00
Receiving,081434710017,Black Box Pinot Noir 3L Box,Johnson Brothers - St. Paul,Roseville,1028722,Receiving,1.0,1.0,0.0,Wine,Pinot Noir,Month End,,2026-06-22T00:00:00
Receiving,082242012362,Bota Box Pinot Noir 3L Box,Phillips Wine & Spirits - St. Paul,Ramsey,1028698,Receiving,1.0,1.0,0.0,Wine,Pinot Noir,Month End,,2026-06-22T00:00:00
Receiving,083722023489,Murphy Goode Pinot Noir 750ml,Johnson Brothers - St. Paul,Roseville,1028722,Receiving,1.0,1.0,0.0,Wine,Pinot Noir,Month End,,2026-06-22T00:00:00
Receiving,086003003408,Woodbridge Pinot Noir 1.5L,Southern Glazer's Wine & Spirits of MN,St. Louis Park,1028741,Receiving,1.0,,,Wine,Pinot Noir,Month End,,2026-06-22T00:00:00
Receiving,086003251359,Meiomi Pinot Noir Bright 750ml,Southern Glazer's Wine & Spirits of MN,Plymouth,1028687,Receiving,1.0,,,Wine,Pinot Noir,Month End,,2026-06-22T00:00:00
Receiving,669576019221,Decoy Sonoma Pinot Noir 750ml,"Breakthru Beverage Minnesota Wine & Spirits, LLC",St. Louis Park,1028736,Receiving,1.0,,,Wine,Pinot Noir,Month End,,2026-06-22T00:00:00
Receiving,850832004277,Bread & Butter Pinot Noir 750ml,Paustis Wine,Plymouth,1028685,Receiving,1.0,1.0,0.0,Wine,Pinot Noir,Month End,,2026-06-22T00:00:00
Receiving,853868006024,Banshee Pinot Noir 750ml,Southern Glazer's Wine & Spirits of MN,Plymouth,1028687,Receiving,1.0,,,Wine,Pinot Noir,Month End,,2026-06-22T00:00:00
Receiving,855165005076,Meiomi Pinot Noir 750ml,Southern Glazer's Wine & Spirits of MN,Plymouth,1028687,Receiving,8.0,,,Wine,Pinot Noir,Month End,,2026-06-22T00:00:00
Receiving,855165005076,Meiomi Pinot Noir 750ml,Southern Glazer's Wine & Spirits of MN,St. Louis Park,1028732,Receiving,13.0,,,Wine,Pinot Noir,Free Goods,,2026-06-22T00:00:00
Receiving,855622000811,Belle Glos Dairyman Pinot Noir 750ml,Oxford Street Merchants,Roseville,1028723,Receiving,1.0,1.0,0.0,Wine,Pinot Noir,Month End,,2026-06-22T00:00:00
Receiving,012354000995,19 Crimes Red Wine 750ml,"Breakthru Beverage Minnesota Wine & Spirits, LLC",Woodbury,1028788,Receiving,1.0,,,Wine,Red Blends,Month End,,2026-06-22T00:00:00
Receiving,012354004290,19 Crimes Cali Red 750ml,"Breakthru Beverage Minnesota Wine & Spirits, LLC",Woodbury,1028788,Receiving,1.0,,,Wine,Red Blends,Month End,,2026-06-22T00:00:00
Receiving,012354004290,19 Crimes Cali Red 750ml,"Breakthru Beverage Minnesota Wine & Spirits, LLC",St. Louis Park,1028736,Receiving,1.0,,,Wine,Red Blends,Month End,,2026-06-22T00:00:00
Receiving,083120003359,Franzia Dark Red 5L Box,Southern Glazer's Wine & Spirits of MN,Plymouth,1028687,Receiving,1.0,,,Wine,Red Blends,Month End,,2026-06-22T00:00:00
Receiving,085000007686,Peter Vella Delicious Red 5L Box,Johnson Brothers - St. Paul,Ramsey,1028696,Receiving,1.0,1.0,0.0,Wine,Red Blends,Month End,,2026-06-22T00:00:00
Receiving,086003251311,Meiomi Red Blend 750ml,Southern Glazer's Wine & Spirits of MN,Minnetonka,1028665,Receiving,2.0,,,Wine,Red Blends,Month End,,2026-06-22T00:00:00
Receiving,086003251311,Meiomi Red Blend 750ml,Southern Glazer's Wine & Spirits of MN,St. Louis Park,1028741,Receiving,10.0,,,Wine,Red Blends,Month End,,2026-06-22T00:00:00
Receiving,086003255067,The Prisoner Wine Co Prisoner Red Blend 750ml,Southern Glazer's Wine & Spirits of MN,St. Louis Park,1028749,Receiving,1.0,,,Wine,Red Blends,Store Request,,2026-06-22T00:00:00
Receiving,086003904064,Robert Mondavi PS Heritage Red 750ml,Southern Glazer's Wine & Spirits of MN,Plymouth,1026680-6.22.26,Receiving,1.0,,,Wine,Red Blends,Month End,,2026-05-25T00:00:00
Receiving,088586004483,14 Hands Hot to Trot Red 750ml,Southern Glazer's Wine & Spirits of MN,Plymouth,1028687,Receiving,1.0,,,Wine,Red Blends,Month End,,2026-06-22T00:00:00
Receiving,816136025370,Avaline Red 750ml,Southern Glazer's Wine & Spirits of MN,St. Louis Park,1028741,Receiving,1.0,,,Wine,Red Blends,Month End,,2026-06-22T00:00:00
Receiving,015643607554,The Little Sheep Rose 750ml,Rue 38 LLC,Rosemount,1028712,Receiving,1.0,,,Wine,Rose,,,2026-06-22T00:00:00
Receiving,031259001043,Josh Cellars Rose 750ml,Johnson Brothers - St. Paul,Roseville,1028722,Receiving,1.0,1.0,0.0,Wine,Rose,Month End,,2026-06-22T00:00:00
Receiving,081434710147,Black Box Rose 3L Box,Johnson Brothers - St. Paul,Roseville,1028722,Receiving,1.0,1.0,0.0,Wine,Rose,Month End,,2026-06-22T00:00:00
Receiving,081753833916,Whispering Angel Rose 750ml,Oxford Street Merchants,Roseville,1028716,Receiving,3.0,3.0,0.0,Wine,Rose,Free Goods,,2026-06-22T00:00:00
Receiving,084279002156,Yes Way Rose 750ml,Johnson Brothers - St. Paul,Roseville,1028722,Receiving,1.0,1.0,0.0,Wine,Rose,Month End,,2026-06-22T00:00:00
Receiving,085000001257,Peter Vella Blush 5L Box,Johnson Brothers - St. Paul,Ramsey,1028696,Receiving,1.0,1.0,0.0,Wine,Rose,Month End,,2026-06-22T00:00:00
Receiving,098652190040,Cline Mourvedre Rose 750ml,Southern Glazer's Wine & Spirits of MN,St. Louis Park,1028741,Receiving,1.0,,,Wine,Rose,Month End,,2026-06-22T00:00:00
Receiving,3760010532744,Mirabeau Forever Summer Rose 750ml,"Grape Beginnings, Inc.",Bloomington,1027063-6.22.26,Receiving,1.0,,,Wine,Rose,Qty Buy,,2026-06-01T00:00:00
Receiving,678113000172,Ercole Rose DOC Liter,Libation Project,Vadnais Heights,1028770,Receiving,1.0,,,Wine,Rose,,,2026-06-22T00:00:00
Receiving,812147021004,Hampton Water Rose 750ml,Southern Glazer's Wine & Spirits of MN,St. Louis Park,1028065-6.22.26,Receiving,1.0,,,Wine,Rose,Store Request,,2026-06-15T00:00:00
Receiving,812949021806,Summer Water Rose 750ml,Oxford Street Merchants,Roseville,1028723,Receiving,1.0,1.0,0.0,Wine,Rose,Month End,,2026-06-22T00:00:00
Receiving,081308000435,Cupcake Sauvignon Blanc 750ml,Southern Glazer's Wine & Spirits of MN,St. Louis Park,1028741,Receiving,1.0,,,Wine,Sauvignon Blanc,Month End,,2026-06-22T00:00:00
Receiving,081308003528,AVA Grace Sauvignon Blanc 750ml,Southern Glazer's Wine & Spirits of MN,St. Louis Park,1028741,Receiving,1.0,,,Wine,Sauvignon Blanc,Month End,,2026-06-22T00:00:00
Receiving,081434315304,Nobilo Sauv Blanc 750ml,Johnson Brothers - St. Paul,Roseville,1028722,Receiving,1.0,0.0,-1.0,Wine,Sauvignon Blanc,Month End,mi,2026-06-22T00:00:00
Receiving,082100738397,Black Box Sauvignon Blanc 3L Box,Johnson Brothers - St. Paul,Roseville,1028722,Receiving,1.0,1.0,0.0,Wine,Sauvignon Blanc,Month End,,2026-06-22T00:00:00
Receiving,085200718740,Sutter Home Sauvignon Blanc 187ml,Phillips Wine & Spirits - St. Paul,Ramsey,1028698,Receiving,1.0,1.0,0.0,Wine,Sauvignon Blanc,Month End,,2026-06-22T00:00:00
Receiving,086003251397,Meiomi Sauvignon Blanc Calif 750ml,Southern Glazer's Wine & Spirits of MN,Plymouth,1028687,Receiving,1.0,,,Wine,Sauvignon Blanc,Month End,,2026-06-22T00:00:00
Receiving,086003863866,Woodbridge Sauv Blanc 1.5L,Southern Glazer's Wine & Spirits of MN,St. Louis Park,1026748-6.22.26,Receiving,1.0,,,Wine,Sauvignon Blanc,Free Goods,,2026-05-25T00:00:00
Receiving,088586010149,Liquid Light Sauvignon Blanc 750ml,Southern Glazer's Wine & Spirits of MN,Plymouth,1028687,Receiving,1.0,,,Wine,Sauvignon Blanc,Month End,,2026-06-22T00:00:00
Receiving,089819158027,Matua Valley Sauv Blanc 750ml,"Breakthru Beverage Minnesota Wine & Spirits, LLC",St. Louis Park,1028736,Receiving,1.0,,,Wine,Sauvignon Blanc,Month End,,2026-06-22T00:00:00
Receiving,089819158027,Matua Valley Sauv Blanc 750ml,"Breakthru Beverage Minnesota Wine & Spirits, LLC",Woodbury,1028788,Receiving,3.0,,,Wine,Sauvignon Blanc,Month End,,2026-06-22T00:00:00
Receiving,689352009611,Kim Crawford Sauvignon Blanc 750ml,Southern Glazer's Wine & Spirits of MN,St. Louis Park,1026860-6.22.26,Receiving,1.0,,,Wine,Sauvignon Blanc,Month End Bill and Hold,,2026-05-29T00:00:00
Receiving,689352010082,Kim Crawford Sauvignon Blanc Illuminate 750ml,Southern Glazer's Wine & Spirits of MN,Plymouth,1028687,Receiving,1.0,,,Wine,Sauvignon Blanc,Month End,,2026-06-22T00:00:00
Receiving,733952097025,Justin Sauvignon Blanc 750ml,Southern Glazer's Wine & Spirits of MN,St. Louis Park,1026748-6.22.26,Receiving,0.5,,,Wine,Sauvignon Blanc,Free Goods,,2026-05-25T00:00:00
Receiving,742651123102,Ferrari Carano Fume Blanc 750ml,Southern Glazer's Wine & Spirits of MN,St. Louis Park,1028741,Receiving,2.0,,,Wine,Sauvignon Blanc,Month End,,2026-06-22T00:00:00
Receiving,818051021956,Bread & Butter Sauvignon Blanc 750ml,Paustis Wine,Plymouth,1028685,Receiving,1.0,1.0,0.0,Wine,Sauvignon Blanc,Month End,,2026-06-22T00:00:00
Receiving,870661008024,Oyster Bay Sauvignon Blanc 750ml,Southern Glazer's Wine & Spirits of MN,St. Louis Park,1028741,Receiving,2.0,,,Wine,Sauvignon Blanc,Month End,,2026-06-22T00:00:00
Receiving,870661008024,Oyster Bay Sauvignon Blanc 750ml,Southern Glazer's Wine & Spirits of MN,Plymouth,1028687,Receiving,1.0,,,Wine,Sauvignon Blanc,Month End,,2026-06-22T00:00:00
Receiving,011034500053,Martini & Rossi Asti 750ml,Southern Glazer's Wine & Spirits of MN,St. Louis Park,1028741,Receiving,1.0,,,Wine,Sparkling,Month End,,2026-06-22T00:00:00
Receiving,011034501005,Martini & Rossi Prosecco 750ml,Southern Glazer's Wine & Spirits of MN,St. Louis Park,1028741,Receiving,1.0,,,Wine,Sparkling,Month End,,2026-06-22T00:00:00
Receiving,011034503825,Martini & Rossi Sparkling Rose 750ml,Southern Glazer's Wine & Spirits of MN,St. Louis Park,1028741,Receiving,1.0,,,Wine,Sparkling,Month End,,2026-06-22T00:00:00
Receiving,081308001326,Cupcake Prosecco 750ml,Southern Glazer's Wine & Spirits of MN,St. Louis Park,1028741,Receiving,1.0,,,Wine,Sparkling,Month End,,2026-06-22T00:00:00
Receiving,081308001326,Cupcake Prosecco 750ml,Southern Glazer's Wine & Spirits of MN,Plymouth,1028687,Receiving,1.0,,,Wine,Sparkling,Month End,,2026-06-22T00:00:00
Receiving,085000002827,Andre Spumante 750ml,Johnson Brothers - St. Paul,Roseville,1028722,Receiving,1.0,1.0,0.0,Wine,Sparkling,Month End,,2026-06-22T00:00:00
Receiving,087872630122,Stella Rosa Moscato D'Asti 750ml,"Breakthru Beverage Minnesota Wine & Spirits, LLC",Woodbury,1028788,Receiving,1.0,,,Wine,Sparkling,Month End,,2026-06-22T00:00:00
Receiving,763955409105,Les Allies Blanc de Blanc 750ml,"Maverick Beverage Co., LLC - MN",Roseville,1028719,Receiving,1.0,,,Wine,Sparkling,,,2026-06-22T00:00:00
Receiving,763955409105,Les Allies Blanc de Blanc 750ml,"Maverick Beverage Co., LLC - MN",Chanhassen,1028616,Receiving,1.0,,,Wine,Sparkling,,,2026-06-22T00:00:00
Receiving,763955409105,Les Allies Blanc de Blanc 750ml,"Maverick Beverage Co., LLC - MN",Rosemount,1028704,Receiving,1.0,,,Wine,Sparkling,,,2026-06-22T00:00:00
Receiving,763955409204,Les Allies Brut 750ml,"Maverick Beverage Co., LLC - MN",Roseville,1028719,Receiving,1.0,,,Wine,Sparkling,,,2026-06-22T00:00:00
Receiving,763955409204,Les Allies Brut 750ml,"Maverick Beverage Co., LLC - MN",Plymouth,1028681,Receiving,1.0,,,Wine,Sparkling,,,2026-06-22T00:00:00
Receiving,763955409204,Les Allies Brut 750ml,"Maverick Beverage Co., LLC - MN",Vadnais Heights,1028771,Receiving,1.0,,,Wine,Sparkling,,,2026-06-22T00:00:00
Receiving,813497007809,Luc Belaire Bleu 750ml,Phillips Wine & Spirits - St. Paul,Ramsey,1027145-6.22.26,Receiving,1.0,0.0,-1.0,Wine,Sparkling,Store Request,MI,2026-06-01T00:00:00
Receiving,850026120011,Bev Glam Sparkling Rose 4pk 250ml,Johnson Brothers - St. Paul,Roseville,1028722,Receiving,1.0,1.0,0.0,Wine,Sparkling,Month End,,2026-06-22T00:00:00
Receiving,852832000150,Mumm Napa Brut Prestige 750ml,Southern Glazer's Wine & Spirits of MN,Minnetonka,1028665,Receiving,1.0,,,Wine,Sparkling,Month End,,2026-06-22T00:00:00
Receiving,852832000150,Mumm Napa Brut Prestige 750ml,Southern Glazer's Wine & Spirits of MN,Plymouth,1028687,Receiving,1.0,,,Wine,Sparkling,Month End,,2026-06-22T00:00:00
Receiving,852832000174,Mumm Napa Brut Rose 750ml,Southern Glazer's Wine & Spirits of MN,Bloomington,1028609,Receiving,1.0,,,Wine,Sparkling,Month End,,2026-06-22T00:00:00
Receiving,852832000174,Mumm Napa Brut Rose 750ml,Southern Glazer's Wine & Spirits of MN,St. Louis Park,1028741,Receiving,1.0,,,Wine,Sparkling,Month End,,2026-06-22T00:00:00
Receiving,852832000174,Mumm Napa Brut Rose 750ml,Southern Glazer's Wine & Spirits of MN,Plymouth,1028687,Receiving,1.0,,,Wine,Sparkling,Month End,,2026-06-22T00:00:00
Receiving,856036001098,Underwood Bubbles 355ml,Oxford Street Merchants,Roseville,1028723,Receiving,2.0,2.0,0.0,Wine,Sparkling,Month End,,2026-06-22T00:00:00
Receiving,856036001197,Underwood Rose Bubbles 375ml,Oxford Street Merchants,Roseville,1028716,Receiving,2.0,2.0,0.0,Wine,Sparkling,Free Goods,,2026-06-22T00:00:00
Receiving,012354001046,Penfold's Max's Shiraz/Cab 750ml,"Breakthru Beverage Minnesota Wine & Spirits, LLC",Woodbury,1028788,Receiving,1.0,,,Wine,Syrah/Shiraz,Month End,,2026-06-22T00:00:00
Receiving,000579000098,Pine Ridge Chen Blanc/Viognier 750ml,Oxford Street Merchants,Roseville,1028723,Receiving,2.0,2.0,0.0,Wine,White Blends,Month End,,2026-06-22T00:00:00
Receiving,083120101994,Franzia Refreshing White 5L Box,Southern Glazer's Wine & Spirits of MN,Plymouth,1028687,Receiving,1.0,,,Wine,White Blends,Month End,,2026-06-22T00:00:00
Receiving,083120101994,Franzia Refreshing White 5L Box,Southern Glazer's Wine & Spirits of MN,St. Louis Park,1028741,Receiving,1.0,,,Wine,White Blends,Month End,,2026-06-22T00:00:00
Receiving,083120102892,Franzia Crisp White 5L Box,Southern Glazer's Wine & Spirits of MN,Plymouth,1028687,Receiving,1.0,,,Wine,White Blends,Month End,,2026-06-22T00:00:00
Receiving,083120102892,Franzia Crisp White 5L Box,Southern Glazer's Wine & Spirits of MN,St. Louis Park,1028741,Receiving,1.0,,,Wine,White Blends,Month End,,2026-06-22T00:00:00
Receiving,816136025363,Avaline White 750ml,Southern Glazer's Wine & Spirits of MN,St. Louis Park,1026748-6.22.26,Receiving,1.0,,,Wine,White Blends,Free Goods,,2026-05-25T00:00:00
Receiving,083120103196,Franzia White Zinfandel 5L Box,Southern Glazer's Wine & Spirits of MN,St. Louis Park,1028741,Receiving,1.0,,,Wine,Zinfandel,Month End,,2026-06-22T00:00:00
Discrepancy,080960100644,Readers Cabernet Sauvignon 750ml,Bellboy Corporation,Andover,1027592,Inventory Received,1.0,0.0,-1.0,Wine,Cabernet,,MI ,2026-06-08T00:00:00
Discrepancy,083120015437,Summit Red Blend 3L Box,Southern Glazer's Wine & Spirits of MN,Andover,1027597,Inventory Received,1.0,0.0,-1.0,Wine,Red Blends,,OOS ,2026-06-08T00:00:00
Discrepancy,842094171057,Bubbles Single Bottle Bag,"True Brands, Inc.",Andover,1027598,Inventory Received,1.0,0.0,-1.0,Miscellaneous,Accessories,,MI ,2026-06-08T00:00:00
Discrepancy,810204640885,90+ Cellars Willamette Valley Pinot Gris Lot 237 750ml,Bellboy Corporation,Blaine,1027599,Inventory Received,2.0,1.0,-1.0,Wine,Pinot Grigio/Gris,Buyer's Select,PARTIAL REC,2026-06-08T00:00:00
Discrepancy,400000005942,Libretto Cabernet Sauvignon 750ml,Paustis Wine,Blaine,1027602,Inventory Received,1.0,0.0,-1.0,Wine,Cabernet,,not delivered yet ,2026-06-08T00:00:00
Discrepancy,082242010450,Bota Box Cabernet Sauvignon 3L Box,Phillips Wine & Spirits - St. Paul,Blaine,1027603,Inventory Received,2.0,0.0,-2.0,Wine,Cabernet,,mi,2026-06-08T00:00:00
Discrepancy,082242014373,Bota Box Dry Rose 3L Box,Phillips Wine & Spirits - St. Paul,Blaine,1027603,Inventory Received,2.0,1.0,-1.0,Wine,Rose,,partially received ,2026-06-08T00:00:00
Discrepancy,082242015691,Bota Box Nighthawk GD Chardonnay 3L Box,Phillips Wine & Spirits - St. Paul,Blaine,1027603,Inventory Received,1.0,0.0,-1.0,Wine,Chardonnay,,mi,2026-06-08T00:00:00
Discrepancy,082242016049,Bota Box Nighthawk Gold Sauv Blanc 3L Box,Phillips Wine & Spirits - St. Paul,Blaine,1027603,Inventory Received,1.0,0.0,-1.0,Wine,Sauvignon Blanc,,mi,2026-06-08T00:00:00
Discrepancy,082242016056,Bota Box Redvolution 3L Box,Phillips Wine & Spirits - St. Paul,Blaine,1027603,Inventory Received,3.0,1.0,-2.0,Wine,Red Blends,,partially received ,2026-06-08T00:00:00
Discrepancy,082242016780,Bota Box Breeze Pinot Grigio 3L Box,Phillips Wine & Spirits - St. Paul,Blaine,1027603,Inventory Received,2.0,1.0,-1.0,Wine,Pinot Grigio/Gris,,partially received ,2026-06-08T00:00:00
Discrepancy,082242016797,Bota Box Breeze Red Blend 3L Box,Phillips Wine & Spirits - St. Paul,Blaine,1027603,Inventory Received,1.0,0.0,-1.0,Wine,Red Blends,,mi,2026-06-08T00:00:00
Discrepancy,08500229,Sutter Home Merlot 187ml,Phillips Wine & Spirits - St. Paul,Blaine,1027603,Inventory Received,1.0,0.0,-1.0,Wine,Merlot,,mi,2026-06-08T00:00:00
Discrepancy,08500627,Sutter Home Chardonnay 187ml,Phillips Wine & Spirits - St. Paul,Blaine,1027603,Inventory Received,1.0,0.0,-1.0,Wine,Chardonnay,,mi,2026-06-08T00:00:00
Discrepancy,085200005796,SeaGlass Pinot Gris 750ml,Phillips Wine & Spirits - St. Paul,Blaine,1027603,Inventory Received,1.0,0.0,-1.0,Wine,Pinot Grigio/Gris,,mi,2026-06-08T00:00:00
Discrepancy,015643676222,La Cigaliere Cotes du Rhone,Rue 38 LLC,Blaine,1027604,Inventory Received,2.0,1.58,-0.42,Wine,Red Blends,,partially received ,2026-06-08T00:00:00
Discrepancy,819451005003,Juan Gil Silver Monastrell 750ml,Oxford Street Merchants,Blaine,1027608,Inventory Received,2.0,0.0,-2.0,Wine,Other Reds,Store Request,mi,2026-06-08T00:00:00
Discrepancy,087872849319,Highlands 41 Black Granite Red 750ml,Paustis Wine,Blaine,1027609,Inventory Received,1.0,0.0,-1.0,Wine,Red Blends,Store Request,not delivered yet ,2026-06-08T00:00:00
Discrepancy,087872849319,Highlands 41 Black Granite Red 750ml,Paustis Wine,Blaine,1027609-6.15.26,Inventory Received,1.0,0.0,-1.0,Wine,Red Blends,Store Request,Not on the truck ,2026-06-08T00:00:00
Discrepancy,087872849319,Highlands 41 Black Granite Red 750ml,Paustis Wine,Blaine,1027609-6.22.26,Inventory Received,1.0,0.0,-1.0,Wine,Red Blends,Store Request,Not on the truck ,2026-06-08T00:00:00
Discrepancy,031259032863,Yellow Tail Moscato 1.5L,Phillips Wine & Spirits - St. Paul,Cottage Grove,1027623,Inventory Received,1.0,0.0,-1.0,Wine,Moscato,,BO,2026-06-08T00:00:00
Discrepancy,890409002398,Daou Cabernet Sauvignon 750ml,"Breakthru Beverage Minnesota Wine & Spirits, LLC",Minneapolis,1027625,Inventory Received,1.0,0.0,-1.0,Wine,Cabernet,,,2026-06-08T00:00:00
Discrepancy,081434000040,Black Box Chardonnay 3L Box,Johnson Brothers - St. Paul,Osseo,1027642,Inventory Received,1.0,0.0,-1.0,Wine,Chardonnay,,not on truck ,2026-06-08T00:00:00
Discrepancy,083120103691,Franzia Sunset Blush 5L Box,Southern Glazer's Wine & Spirits of MN,Plymouth,1027651,Inventory Received,1.0,0.0,-1.0,Wine,Rose,,damage,2026-06-08T00:00:00
Discrepancy,083120015437,Summit Red Blend 3L Box,Southern Glazer's Wine & Spirits of MN,Ramsey,1027656,Inventory Received,1.0,0.0,-1.0,Wine,Red Blends,,MI,2026-06-08T00:00:00
Discrepancy,080960100644,Readers Cabernet Sauvignon 750ml,Bellboy Corporation,Roseville,1027665,Inventory Received,1.0,0.0,-1.0,Wine,Cabernet,,mi,2026-06-08T00:00:00
Discrepancy,400000005942,Libretto Cabernet Sauvignon 750ml,Paustis Wine,Roseville,1027673,Inventory Received,1.0,0.0,-1.0,Wine,Cabernet,,MI,2026-06-08T00:00:00
Discrepancy,031259014050,Yellow Tail Cab Merlot 1.5L,Phillips Wine & Spirits - St. Paul,Roseville,1027674,Inventory Received,1.0,0.0,-1.0,Wine,Merlot,,mi mispick ,2026-06-08T00:00:00
Discrepancy,086036124590,Christian Bros Dry Sherry 750ml,Southern Glazer's Wine & Spirits of MN,Roseville,1027676,Inventory Received,1.0,0.0,-1.0,Wine,Fortified,,mi,2026-06-08T00:00:00
Discrepancy,876718002274,Elegant White and Black Wine Bag,"True Brands, Inc.",Roseville,1027678,Inventory Received,1.0,0.0,-1.0,Miscellaneous,Accessories,,mi,2026-06-08T00:00:00
Discrepancy,810204640885,90+ Cellars Willamette Valley Pinot Gris Lot 237 750ml,Bellboy Corporation,St. Louis Park,1027680,Inventory Received,2.0,0.0,-2.0,Wine,Pinot Grigio/Gris,Buyer's Select,MI,2026-06-08T00:00:00
Discrepancy,810204640885,90+ Cellars Willamette Valley Pinot Gris Lot 237 750ml,Bellboy Corporation,St. Louis Park,1027680-6.15.26,Inventory Received,2.0,0.0,-2.0,Wine,Pinot Grigio/Gris,Buyer's Select,mi,2026-06-08T00:00:00
Discrepancy,810204640885,90+ Cellars Willamette Valley Pinot Gris Lot 237 750ml,Bellboy Corporation,St. Louis Park,1027680-6.22.26,Inventory Received,2.0,0.0,-2.0,Wine,Pinot Grigio/Gris,Buyer's Select,mi,2026-06-08T00:00:00
Discrepancy,081753833909,The Beach Rose 750ml,Oxford Street Merchants,St. Louis Park,1027683,Inventory Received,2.0,0.0,-2.0,Wine,Rose,,mi,2026-06-08T00:00:00
Discrepancy,08501422,Sutter Home Pinot Grigio 187ml,Phillips Wine & Spirits - St. Paul,St. Louis Park,1027684,Inventory Received,2.0,0.0,-2.0,Wine,Pinot Grigio/Gris,,mi,2026-06-08T00:00:00
Discrepancy,089419000351,La Vieille Ferme Blanc 3L Box,The Wine Company,St. Louis Park,1027687,Inventory Received,1.0,0.0,-1.0,Wine,White Blends,,MI,2026-06-08T00:00:00
Discrepancy,080960100644,Readers Cabernet Sauvignon 750ml,Bellboy Corporation,Stillwater,1027688,Inventory Received,1.0,0.0,-1.0,Wine,Cabernet,,dnr,2026-06-08T00:00:00
Discrepancy,842094109418,For You Botanical Single Bottle Wine Bag by Cakewalk,"True Brands, Inc.",Stillwater,1027694,Inventory Received,1.0,0.0,-1.0,Miscellaneous,Accessories,,dnr,2026-06-08T00:00:00
Discrepancy,842094181766,2 oz plastic shot glasses,"True Brands, Inc.",Stillwater,1027694,Inventory Received,1.0,0.0,-1.0,Miscellaneous,Accessories,,dnr,2026-06-08T00:00:00
Discrepancy,876718029431,Big Jig: Double Jigger,"True Brands, Inc.",Stillwater,1027694,Inventory Received,1.0,0.0,-1.0,Miscellaneous,Accessories,,dnr,2026-06-08T00:00:00
Discrepancy,082242011013,Bota Box Chardonnay 500ml,Phillips Wine & Spirits - St. Paul,Vadnais Heights,1027699,Inventory Received,1.0,0.0,-1.0,Wine,Chardonnay,,MI,2026-06-08T00:00:00
Discrepancy,082242012935,Bota Box Sauvignon Blanc 3L Box,Phillips Wine & Spirits - St. Paul,Vadnais Heights,1027699,Inventory Received,1.0,0.0,-1.0,Wine,Sauvignon Blanc,,BR,2026-06-08T00:00:00
Discrepancy,082242017633,Bota Box Breeze Chardonnay 3L Box,Phillips Wine & Spirits - St. Paul,Vadnais Heights,1027699,Inventory Received,2.0,1.0,-1.0,Wine,Chardonnay,,1c BR,2026-06-08T00:00:00
Discrepancy,810204640885,90+ Cellars Willamette Valley Pinot Gris Lot 237 750ml,Bellboy Corporation,Woodbury,1027702,Inventory Received,1.0,0.0,-1.0,Wine,Pinot Grigio/Gris,Buyer's Select,MI,2026-06-08T00:00:00
Discrepancy,810204640885,90+ Cellars Willamette Valley Pinot Gris Lot 237 750ml,Bellboy Corporation,Woodbury,1027702-6.15.26,Inventory Received,1.0,0.0,-1.0,Wine,Pinot Grigio/Gris,Buyer's Select,MI,2026-06-08T00:00:00
Discrepancy,810204640885,90+ Cellars Willamette Valley Pinot Gris Lot 237 750ml,Bellboy Corporation,Woodbury,1027702-6.22.26,Inventory Received,1.0,0.0,-1.0,Wine,Pinot Grigio/Gris,Buyer's Select,MI,2026-06-08T00:00:00
Discrepancy,083120102090,Franzia Chardonnay 5L Box,Southern Glazer's Wine & Spirits of MN,Woodbury,1027708,Inventory Received,1.0,0.0,-1.0,Wine,Chardonnay,,BO,2026-06-08T00:00:00
Discrepancy,088415780557,Simi Sonoma Cabernet Sauvignon 750ml,Southern Glazer's Wine & Spirits of MN,Woodbury,1027708,Inventory Received,1.0,0.0,-1.0,Wine,Cabernet,,BO,2026-06-08T00:00:00
Discrepancy,080960000074,Readers Chardonnay 750ml,Bellboy Corporation,Woodbury,1027709,Inventory Received,1.0,0.0,-1.0,Wine,Chardonnay,Store Request,MI,2026-06-08T00:00:00
Discrepancy,082242016094,Bota Box Nighthawk Black Lush Pinot Noir 3L Box,Phillips Wine & Spirits - St. Paul,Andover,1027947,Inventory Received,1.0,0.0,-1.0,Wine,Pinot Noir,,MI ,2026-06-15T00:00:00
Discrepancy,015643257582,Villa Jolanda Moscato d'Asti 750ml,Rue 38 LLC,Andover,1027951,Inventory Received,1.0,0.0,-1.0,Wine,Other Whites,Store Request,MI,2026-06-15T00:00:00
Discrepancy,015643257582,Villa Jolanda Moscato d'Asti 750ml,Rue 38 LLC,Andover,1027951-6.22.26,Receiving,1.0,,,Wine,Other Whites,Store Request,,2026-06-15T00:00:00
Discrepancy,083417000368,Dolly Chardonnay 750ml,"Vinocopia, Inc",Andover,1027953,Inventory Received,1.0,0.0,-1.0,Wine,Chardonnay,,MI,2026-06-15T00:00:00
Discrepancy,085000034569,Black Box Tart Tangy Sauvignon Blanc 3L Box,Johnson Brothers - St. Paul,Blaine,1027956,Inventory Received,1.0,0.0,-1.0,Wine,Sauvignon Blanc,,not on truck ,2026-06-15T00:00:00
Discrepancy,8052740494580,Terre Dei Buth Frizzante Rosato 750ml,Libation Project,Blaine,1027957,Inventory Received,1.0,0.0,-1.0,Wine,Sparkling,,not delivered yet ,2026-06-15T00:00:00
Discrepancy,856036001197,Underwood Rose Bubbles 375ml,Oxford Street Merchants,Blaine,1027959,Inventory Received,1.0,0.0,-1.0,Wine,Sparkling,,sent wrong item ,2026-06-15T00:00:00
Discrepancy,089832229575,Pratsch Rose 750ml,"Bourget Imports, LLC",Bloomington,1027965,Inventory Received,1.0,0.0,-1.0,Wine,Rose,,mi,2026-06-15T00:00:00
Discrepancy,858018007401,Black Girl Magic Bubbly Rose Can 375ml,Southern Glazer's Wine & Spirits of MN,Bloomington,1027968,Inventory Received,1.0,0.0,-1.0,Wine,Sparkling,,mi,2026-06-15T00:00:00
Discrepancy,8801100130510,Good Day Peach Soju 375ml,"Vinocopia, Inc",Bloomington,1027972,Inventory Received,1.0,0.0,-1.0,Wine,Fortified,,mi,2026-06-15T00:00:00
Discrepancy,080960330027,Notebook Red Blend 750ml,Bellboy Corporation,Chanhassen,1027973,Inventory Received,1.0,0.0,-1.0,Wine,Red Blends,,MI,2026-06-15T00:00:00
Discrepancy,769611454441,Sonoma Cutrer Chardonnay 750ml,"Breakthru Beverage Minnesota Wine & Spirits, LLC",Chanhassen,1027974,Inventory Received,1.0,0.0,-1.0,Wine,Chardonnay,,MI,2026-06-15T00:00:00
Discrepancy,080960330027,Notebook Red Blend 750ml,Bellboy Corporation,Cottage Grove,1027985,Inventory Received,1.0,0.0,-1.0,Wine,Red Blends,,mi,2026-06-15T00:00:00
Discrepancy,031259046952,Josh Cellars Pinot Noir 750ml,Johnson Brothers - St. Paul,Cottage Grove,1027988,Inventory Received,1.0,0.0,-1.0,Wine,Pinot Noir,,broken/refused,2026-06-15T00:00:00
Discrepancy,605779976251,Jinro Strawberry 375ml,Johnson Brothers - St. Paul,Cottage Grove,1027988,Inventory Received,1.0,0.0,-1.0,Wine,Fortified,,BO,2026-06-15T00:00:00
Discrepancy,031259032863,Yellow Tail Moscato 1.5L,Phillips Wine & Spirits - St. Paul,Cottage Grove,1027991,Inventory Received,1.0,0.0,-1.0,Wine,Moscato,,BO,2026-06-15T00:00:00
Discrepancy,086003251397,Meiomi Sauvignon Blanc Calif 750ml,Southern Glazer's Wine & Spirits of MN,Cottage Grove,1027993,Inventory Received,1.0,0.0,-1.0,Wine,Sauvignon Blanc,,MI,2026-06-15T00:00:00
Discrepancy,088586013324,14 Hands Buttery Chardonnay 750ml,Southern Glazer's Wine & Spirits of MN,Cottage Grove,1027993,Inventory Received,1.0,0.0,-1.0,Wine,Chardonnay,,MI,2026-06-15T00:00:00
Discrepancy,088586625848,Chateau Ste Michelle Gewurztraminer 750ml,Southern Glazer's Wine & Spirits of MN,Cottage Grove,1027993,Inventory Received,1.0,0.0,-1.0,Wine,Other Whites,,BO,2026-06-15T00:00:00
Discrepancy,031259032863,Yellow Tail Moscato 1.5L,Phillips Wine & Spirits - St. Paul,Minneapolis,1028004,Inventory Received,2.0,0.0,-2.0,Wine,Moscato,,BO,2026-06-15T00:00:00
Discrepancy,098709010116,Argiolas Costera Cannonau,"Grape Beginnings, Inc.",Minnetonka,1028007,Inventory Received,1.0,0.0,-1.0,Wine,Other Reds,,MI,2026-06-15T00:00:00
Discrepancy,088586625848,Chateau Ste Michelle Gewurztraminer 750ml,Southern Glazer's Wine & Spirits of MN,Osseo,1028017,Inventory Received,1.0,0.0,-1.0,Wine,Other Whites,,on back order,2026-06-15T00:00:00
Discrepancy,085000034507,Black Box Brilliant Pinot Grigio 3L Box,Johnson Brothers - St. Paul,Plymouth,1028020,Inventory Received,1.0,0.0,-1.0,Wine,Pinot Grigio/Gris,,mi,2026-06-15T00:00:00
Discrepancy,082242016056,Bota Box Redvolution 3L Box,Phillips Wine & Spirits - St. Paul,Plymouth,1028023,Inventory Received,3.0,2.0,-1.0,Wine,Red Blends,,mi 1,2026-06-15T00:00:00
Discrepancy,087872637855,Stella Rosa Non-Alcoholic Rose 750ml,"Breakthru Beverage Minnesota Wine & Spirits, LLC",Rosemount,1028030,Inventory Received,1.0,0.0,-1.0,Wine,Rose,,BO,2026-06-15T00:00:00
Discrepancy,854294004288,Mr. Pink Rose 750ml,"Grape Beginnings, Inc.",Rosemount,1028031,Inventory Received,1.0,0.0,-1.0,Wine,Rose,,ND,2026-06-15T00:00:00
Discrepancy,8052740494580,Terre Dei Buth Frizzante Rosato 750ml,Libation Project,Rosemount,1028033,Inventory Received,1.0,0.0,-1.0,Wine,Sparkling,,ND,2026-06-15T00:00:00
Discrepancy,855165005779,Meiomi Chardonnay 750ml,Southern Glazer's Wine & Spirits of MN,Rosemount,1028038,Inventory Received,1.0,0.0,-1.0,Wine,Chardonnay,,Bo,2026-06-15T00:00:00
Discrepancy,012354004290,19 Crimes Cali Red 750ml,"Breakthru Beverage Minnesota Wine & Spirits, LLC",Roseville,1028040,Inventory Received,1.0,0.0,-1.0,Wine,Red Blends,,MI,2026-06-15T00:00:00
Discrepancy,087872633406,Stella Rosa Red 750ml,"Breakthru Beverage Minnesota Wine & Spirits, LLC",Roseville,1028040,Inventory Received,1.0,0.0,-1.0,Wine,Flavored,,MI,2026-06-15T00:00:00
Discrepancy,089819158027,Matua Valley Sauv Blanc 750ml,"Breakthru Beverage Minnesota Wine & Spirits, LLC",Roseville,1028040,Inventory Received,1.0,0.0,-1.0,Wine,Sauvignon Blanc,,MI,2026-06-15T00:00:00
Discrepancy,669576019269,Decoy Cabernet Sauvignon 750ml,"Breakthru Beverage Minnesota Wine & Spirits, LLC",Roseville,1028040,Inventory Received,1.0,0.0,-1.0,Wine,Cabernet,,MI,2026-06-15T00:00:00
Discrepancy,847159002024,Creamery Chardonnay 750ml,"Breakthru Beverage Minnesota Wine & Spirits, LLC",Roseville,1028040,Inventory Received,1.0,0.0,-1.0,Wine,Chardonnay,,MI,2026-06-15T00:00:00
Discrepancy,856036001197,Underwood Rose Bubbles 375ml,Oxford Street Merchants,Roseville,1028046,Inventory Received,2.0,0.0,-2.0,Wine,Sparkling,,mi mispick - we were sent underwood still rose not sparkling. I set it aside to see if it was a new upc. I asked the rep to issue a credit for pick up next week. will let Laura know as well.,2026-06-15T00:00:00
Discrepancy,08501422,Sutter Home Pinot Grigio 187ml,Phillips Wine & Spirits - St. Paul,Roseville,1028048,Inventory Received,1.0,0.0,-1.0,Wine,Pinot Grigio/Gris,,mi,2026-06-15T00:00:00
Discrepancy,083120015437,Summit Red Blend 3L Box,Southern Glazer's Wine & Spirits of MN,Roseville,1028049,Inventory Received,1.0,0.0,-1.0,Wine,Red Blends,,mi,2026-06-15T00:00:00
Discrepancy,086036124590,Christian Bros Dry Sherry 750ml,Southern Glazer's Wine & Spirits of MN,Roseville,1028049,Inventory Received,2.0,0.0,-2.0,Wine,Fortified,,mi,2026-06-15T00:00:00
Discrepancy,088586625848,Chateau Ste Michelle Gewurztraminer 750ml,Southern Glazer's Wine & Spirits of MN,Roseville,1028049,Inventory Received,1.0,0.0,-1.0,Wine,Other Whites,,mi,2026-06-15T00:00:00
Discrepancy,181856000892,Colle Corviano Cerasuolo Rose 750ml,Small Lot MN,Roseville,1028050,Inventory Received,3.0,1.0,-2.0,Wine,Rose,Store Request,mi only invoiced 1case ,2026-06-15T00:00:00
Discrepancy,181856000892,Colle Corviano Cerasuolo Rose 750ml,Small Lot MN,Roseville,1028050-6.22.26,Inventory Received,2.0,0.0,-2.0,Wine,Rose,Store Request,mi,2026-06-15T00:00:00
Discrepancy,669576019221,Decoy Sonoma Pinot Noir 750ml,"Breakthru Beverage Minnesota Wine & Spirits, LLC",St. Louis Park,1028052,Inventory Received,1.0,0.0,-1.0,Wine,Pinot Noir,,mi,2026-06-15T00:00:00
Discrepancy,667505000470,Piper Heidsieck Brut 750ml,Oxford Street Merchants,St. Louis Park,1028053,Inventory Received,0.17,0.0,-0.17,Wine,Sparkling,Free Goods,mi,2026-06-15T00:00:00
Discrepancy,098709198005,Villa Maria Sauvignon Blanc 750ml,"Grape Beginnings, Inc.",St. Louis Park,1028054,Inventory Received,1.0,0.0,-1.0,Wine,Sauvignon Blanc,,Mi,2026-06-15T00:00:00
Discrepancy,667505000470,Piper Heidsieck Brut 750ml,Oxford Street Merchants,St. Louis Park,1028058,Inventory Received,1.0,0.0,-1.0,Wine,Sparkling,,mi,2026-06-15T00:00:00
Discrepancy,082242014311,Bota Box Sauvignon Blanc 500ml,Phillips Wine & Spirits - St. Paul,St. Louis Park,1028060,Inventory Received,1.0,0.0,-1.0,Wine,Sauvignon Blanc,,mi,2026-06-15T00:00:00
Discrepancy,082242016056,Bota Box Redvolution 3L Box,Phillips Wine & Spirits - St. Paul,St. Louis Park,1028060,Inventory Received,3.0,2.0,-1.0,Wine,Red Blends,,only 2 cases sent,2026-06-15T00:00:00
Discrepancy,850315003001,Coeur de Terre Oregon Pinot Noir 750ml,Phillips Wine & Spirits - St. Paul,St. Louis Park,1028060,Inventory Received,1.0,0.0,-1.0,Wine,Pinot Noir,,mi,2026-06-15T00:00:00
Discrepancy,767946628643,Fritz Muller Rose Spritzer 750ml,Small Lot MN,St. Louis Park,1028062,Inventory Received,1.0,0.0,-1.0,Wine,Sparkling,,mi,2026-06-15T00:00:00
Discrepancy,088586625848,Chateau Ste Michelle Gewurztraminer 750ml,Southern Glazer's Wine & Spirits of MN,St. Louis Park,1028063,Inventory Received,1.0,0.0,-1.0,Wine,Other Whites,,mi,2026-06-15T00:00:00
Discrepancy,848375004991,House Wine Rose Bubbles Can 355ml,Southern Glazer's Wine & Spirits of MN,St. Louis Park,1028063,Inventory Received,1.0,0.0,-1.0,Wine,Sparkling,,mi,2026-06-15T00:00:00
Discrepancy,812147021004,Hampton Water Rose 750ml,Southern Glazer's Wine & Spirits of MN,St. Louis Park,1028065,Inventory Received,1.0,0.0,-1.0,Wine,Rose,Store Request,mi,2026-06-15T00:00:00
Discrepancy,812147021004,Hampton Water Rose 750ml,Southern Glazer's Wine & Spirits of MN,St. Louis Park,1028065-6.22.26,Receiving,1.0,,,Wine,Rose,Store Request,,2026-06-15T00:00:00
Discrepancy,098709670150,Tilia Malbec 750ml,"Grape Beginnings, Inc.",Stillwater,1028068,Inventory Received,1.0,0.0,-1.0,Wine,Malbec,,dnr,2026-06-15T00:00:00
Discrepancy,763955409600,Les Allies Brut Rose 187ml 2pk,"Maverick Beverage Co., LLC - MN",Vadnais Heights,1028078,Inventory Received,1.0,0.0,-1.0,Wine,Sparkling,,not received yet ,2026-06-15T00:00:00
Discrepancy,876718045349,Glacier Rocks Ice Sphere Molds by Viski,"True Brands, Inc.",Vadnais Heights,1028083,Inventory Received,1.0,0.0,-1.0,Miscellaneous,Accessories,,mi,2026-06-15T00:00:00
Discrepancy,763955409204,Les Allies Brut 750ml,"Maverick Beverage Co., LLC - MN",Woodbury,1028087,Inventory Received,2.0,1.0,-1.0,Wine,Sparkling,,1 MI,2026-06-15T00:00:00
Discrepancy,763955409600,Les Allies Brut Rose 187ml 2pk,"Maverick Beverage Co., LLC - MN",Woodbury,1028087,Inventory Received,1.0,0.0,-1.0,Wine,Sparkling,,MI,2026-06-15T00:00:00
Discrepancy,740814070003,Lange WV Chardonnay 750ml,Oxford Street Merchants,Andover,1028562,Inventory Received,1.0,0.0,-1.0,Wine,Chardonnay,Free Goods,MI,2026-06-22T00:00:00
Discrepancy,086003873889,Woodbridge Chardonnay 1.5L,Southern Glazer's Wine & Spirits of MN,Andover,1028565,Inventory Received,3.0,0.0,-3.0,Wine,Chardonnay,Free Goods,MI ,2026-06-22T00:00:00
Discrepancy,879716002000,Natural Origins Malbec 3L Box,Paustis Wine,Andover,1028572,Inventory Received,1.0,0.0,-1.0,Wine,Malbec,Month End,MI,2026-06-22T00:00:00
Discrepancy,088586013355,Chateau Ste Michelle Light Sauvignon Blanc 750ml,Southern Glazer's Wine & Spirits of MN,Andover,1028574,Inventory Received,1.0,0.25,-0.75,Wine,Sauvignon Blanc,Month End,rec 3 btls,2026-06-22T00:00:00
Discrepancy,083417000368,Dolly Chardonnay 750ml,"Vinocopia, Inc",Andover,1028577,Receiving,1.0,,,Wine,Chardonnay,,,2026-06-22T00:00:00
Discrepancy,855708006638,Piattelli Grand Res Malbec 750ml,"Vinocopia, Inc",Andover,1028577,Receiving,1.0,,,Wine,Malbec,,,2026-06-22T00:00:00
Discrepancy,605779976251,Jinro Strawberry 375ml,Johnson Brothers - St. Paul,Blaine,1028578,Inventory Received,1.0,0.0,-1.0,Wine,Fortified,Free Goods,mi,2026-06-22T00:00:00
Discrepancy,086003873889,Woodbridge Chardonnay 1.5L,Southern Glazer's Wine & Spirits of MN,Blaine,1028581,Inventory Received,1.0,0.0,-1.0,Wine,Chardonnay,Free Goods,Not on the truck ,2026-06-22T00:00:00
Discrepancy,088415780557,Simi Sonoma Cabernet Sauvignon 750ml,Southern Glazer's Wine & Spirits of MN,Blaine,1028581,Inventory Received,1.0,0.0,-1.0,Wine,Cabernet,Free Goods,OOS,2026-06-22T00:00:00
Discrepancy,855165005076,Meiomi Pinot Noir 750ml,Southern Glazer's Wine & Spirits of MN,Blaine,1028581,Inventory Received,10.0,0.0,-10.0,Wine,Pinot Noir,Free Goods,OOS,2026-06-22T00:00:00
Discrepancy,012354001855,Penfold's Max's Shiraz 750ml,"Breakthru Beverage Minnesota Wine & Spirits, LLC",Blaine,1028585,Inventory Received,1.0,0.0,-1.0,Wine,Syrah/Shiraz,Month End,mi,2026-06-22T00:00:00
Discrepancy,085000025871,Barefoot Rose 750ml,Johnson Brothers - St. Paul,Blaine,1028586,Inventory Received,1.0,0.0,-1.0,Wine,Rose,Month End,mi,2026-06-22T00:00:00
Discrepancy,031259032863,Yellow Tail Moscato 1.5L,Phillips Wine & Spirits - St. Paul,Blaine,1028589,Inventory Received,1.0,0.0,-1.0,Wine,Moscato,Month End,mi,2026-06-22T00:00:00
Discrepancy,080887551116,Bogle Juggernaut Red Blend 750ml,Phillips Wine & Spirits - St. Paul,Blaine,1028589,Inventory Received,1.0,0.0,-1.0,Wine,Red Blends,Month End,mi,2026-06-22T00:00:00
Discrepancy,082242010450,Bota Box Cabernet Sauvignon 3L Box,Phillips Wine & Spirits - St. Paul,Blaine,1028589,Inventory Received,3.0,0.0,-3.0,Wine,Cabernet,Month End,mi,2026-06-22T00:00:00
Discrepancy,082242016063,Bota Box Nighthawk Blk Bourbon Cabernet 3L Box,Phillips Wine & Spirits - St. Paul,Blaine,1028589,Inventory Received,1.0,0.0,-1.0,Wine,Cabernet,Month End,mi,2026-06-22T00:00:00
Discrepancy,088586642890,Chateau Ste Michelle Dry Riesling 750ml,Southern Glazer's Wine & Spirits of MN,Blaine,1028590,Inventory Received,1.0,0.0,-1.0,Wine,Other Whites,Month End,Misspick ,2026-06-22T00:00:00
Discrepancy,717071913701,Willamette Valley Riesling 750ml,Bellboy Corporation,Blaine,1028593,Inventory Received,1.0,0.0,-1.0,Wine,Other Whites,Store Request,mi,2026-06-22T00:00:00
Discrepancy,9316475001925,Bleasdale Bremerview Shiraz 750ml,Phillips Wine & Spirits - St. Paul,Blaine,1028598,Inventory Received,1.0,0.0,-1.0,Wine,Syrah/Shiraz,Store Request,mi,2026-06-22T00:00:00
Discrepancy,711408012433,Toad Hollow RRV Merlot 750ml,The Wine Company,Blaine,1028600,Inventory Received,1.0,0.0,-1.0,Wine,Merlot,,Misspick ,2026-06-22T00:00:00
Discrepancy,083722880068,Murphy Goode Sauv Blanc 750ml,Johnson Brothers - St. Paul,Bloomington,1028605,Inventory Received,1.0,0.0,-1.0,Wine,Sauvignon Blanc,Month End,mi,2026-06-22T00:00:00
Discrepancy,852832000174,Mumm Napa Brut Rose 750ml,Southern Glazer's Wine & Spirits of MN,Bloomington,1028609,Receiving,1.0,,,Wine,Sparkling,Month End,,2026-06-22T00:00:00
Discrepancy,086003873889,Woodbridge Chardonnay 1.5L,Southern Glazer's Wine & Spirits of MN,Chanhassen,1028614,Inventory Received,2.0,0.0,-2.0,Wine,Chardonnay,Free Goods,MI,2026-06-22T00:00:00
Discrepancy,816136025363,Avaline White 750ml,Southern Glazer's Wine & Spirits of MN,Chanhassen,1028614,Inventory Received,1.0,0.0,-1.0,Wine,White Blends,Free Goods,MI,2026-06-22T00:00:00
Discrepancy,763955409105,Les Allies Blanc de Blanc 750ml,"Maverick Beverage Co., LLC - MN",Chanhassen,1028616,Receiving,1.0,,,Wine,Sparkling,,,2026-06-22T00:00:00
Discrepancy,086785000039,Cavit Pinot Grigio 1.5L,"Breakthru Beverage Minnesota Wine & Spirits, LLC",Chanhassen,1028618,Inventory Received,2.0,0.0,-2.0,Wine,Pinot Grigio/Gris,Month End,MI,2026-06-22T00:00:00
Discrepancy,605779976251,Jinro Strawberry 375ml,Johnson Brothers - St. Paul,Cottage Grove,1028625,Inventory Received,1.0,0.0,-1.0,Wine,Fortified,Free Goods,BO,2026-06-22T00:00:00
Discrepancy,085200005796,SeaGlass Pinot Gris 750ml,Phillips Wine & Spirits - St. Paul,Cottage Grove,1028627,Inventory Received,1.0,0.0,-1.0,Wine,Pinot Grigio/Gris,Free Goods,MI,2026-06-22T00:00:00
Discrepancy,763955409204,Les Allies Brut 750ml,"Maverick Beverage Co., LLC - MN",Cottage Grove,1028629,Inventory Received,1.0,0.83,-0.17,Wine,Sparkling,,missing 2 bottles,2026-06-22T00:00:00
Discrepancy,669576019252,Decoy Merlot 750ml,"Breakthru Beverage Minnesota Wine & Spirits, LLC",Cottage Grove,1028631,Inventory Received,1.0,0.0,-1.0,Wine,Merlot,Month End,MI,2026-06-22T00:00:00
Discrepancy,085000014448,Barefoot Pinot Grigio 750ml,Johnson Brothers - St. Paul,Cottage Grove,1028632,Inventory Received,1.0,0.0,-1.0,Wine,Pinot Grigio/Gris,Month End,MI,2026-06-22T00:00:00
Discrepancy,085000016688,Barefoot Moscato 750ml,Johnson Brothers - St. Paul,Cottage Grove,1028632,Inventory Received,1.0,0.0,-1.0,Wine,Moscato,Month End,MI,2026-06-22T00:00:00
Discrepancy,085000025871,Barefoot Rose 750ml,Johnson Brothers - St. Paul,Cottage Grove,1028632,Inventory Received,1.0,0.0,-1.0,Wine,Rose,Month End,BO,2026-06-22T00:00:00
Discrepancy,085000033395,Black Box Sauvignon Blanc 500ml Tetra 500ml,Johnson Brothers - St. Paul,Cottage Grove,1028632,Inventory Received,1.0,0.0,-1.0,Wine,Sauvignon Blanc,Month End,MI,2026-06-22T00:00:00
Discrepancy,085000034507,Black Box Brilliant Pinot Grigio 3L Box,Johnson Brothers - St. Paul,Cottage Grove,1028632,Inventory Received,1.0,0.0,-1.0,Wine,Pinot Grigio/Gris,Month End,MI,2026-06-22T00:00:00
Discrepancy,879716002000,Natural Origins Malbec 3L Box,Paustis Wine,Cottage Grove,1028634,Inventory Received,1.0,0.0,-1.0,Wine,Malbec,Month End,out of stock,2026-06-22T00:00:00
Discrepancy,031259032863,Yellow Tail Moscato 1.5L,Phillips Wine & Spirits - St. Paul,Cottage Grove,1028635,Inventory Received,1.0,0.0,-1.0,Wine,Moscato,Month End,BO,2026-06-22T00:00:00
Discrepancy,085200718740,Sutter Home Sauvignon Blanc 187ml,Phillips Wine & Spirits - St. Paul,Cottage Grove,1028635,Inventory Received,1.0,0.0,-1.0,Wine,Sauvignon Blanc,Month End,MI,2026-06-22T00:00:00
Discrepancy,088586013324,14 Hands Buttery Chardonnay 750ml,Southern Glazer's Wine & Spirits of MN,Cottage Grove,1028636,Inventory Received,1.0,0.0,-1.0,Wine,Chardonnay,Month End,BO,2026-06-22T00:00:00
Discrepancy,088586625848,Chateau Ste Michelle Gewurztraminer 750ml,Southern Glazer's Wine & Spirits of MN,Cottage Grove,1028636,Inventory Received,1.0,0.0,-1.0,Wine,Other Whites,Month End,BO,2026-06-22T00:00:00
Discrepancy,605779976251,Jinro Strawberry 375ml,Johnson Brothers - St. Paul,Minneapolis,1028640,Inventory Received,1.0,0.0,-1.0,Wine,Fortified,Free Goods,bo,2026-06-22T00:00:00
Discrepancy,086003873889,Woodbridge Chardonnay 1.5L,Southern Glazer's Wine & Spirits of MN,Minneapolis,1028644,Inventory Received,1.0,0.0,-1.0,Wine,Chardonnay,Free Goods,MI,2026-06-22T00:00:00
Discrepancy,087872630122,Stella Rosa Moscato D'Asti 750ml,"Breakthru Beverage Minnesota Wine & Spirits, LLC",Minneapolis,1028647,Inventory Received,1.0,0.0,-1.0,Wine,Sparkling,Month End,mi,2026-06-22T00:00:00
Discrepancy,184745003004,Substance Cabernet Sauvignon 750ml,"Breakthru Beverage Minnesota Wine & Spirits, LLC",Minneapolis,1028647,Inventory Received,1.0,0.0,-1.0,Wine,Cabernet,Month End,mi,2026-06-22T00:00:00
Discrepancy,669576019221,Decoy Sonoma Pinot Noir 750ml,"Breakthru Beverage Minnesota Wine & Spirits, LLC",Minneapolis,1028647,Inventory Received,1.0,0.0,-1.0,Wine,Pinot Noir,Month End,BR,2026-06-22T00:00:00
Discrepancy,669576019269,Decoy Cabernet Sauvignon 750ml,"Breakthru Beverage Minnesota Wine & Spirits, LLC",Minneapolis,1028647,Inventory Received,2.0,1.0,-1.0,Wine,Cabernet,Month End,mi,2026-06-22T00:00:00
Discrepancy,085000016046,Barefoot Bubbly Pinot Grigio 750ml,Johnson Brothers - St. Paul,Minneapolis,1028648,Inventory Received,1.0,0.0,-1.0,Wine,Sparkling,Month End,mi,2026-06-22T00:00:00
Discrepancy,085000025871,Barefoot Rose 750ml,Johnson Brothers - St. Paul,Minneapolis,1028648,Inventory Received,1.0,0.0,-1.0,Wine,Rose,Month End,bo,2026-06-22T00:00:00
Discrepancy,739949050509,Silk & Spice White Blend 750ml,Paustis Wine,Minneapolis,1028650,Inventory Received,1.0,0.0,-1.0,Wine,White Blends,Month End,mi ,2026-06-22T00:00:00
Discrepancy,031259032863,Yellow Tail Moscato 1.5L,Phillips Wine & Spirits - St. Paul,Minneapolis,1028651,Inventory Received,1.0,0.0,-1.0,Wine,Moscato,Month End,bo,2026-06-22T00:00:00
Discrepancy,842094150915,20 Red Shot Glasses,"True Brands, Inc.",Minneapolis,1028653,Receiving,1.0,,,Miscellaneous,Accessories,,,2026-06-22T00:00:00
Discrepancy,842094171217,"16 oz Red Party Cups, 50 pack by True","True Brands, Inc.",Minneapolis,1028653,Receiving,12.0,,,Miscellaneous,Accessories,,,2026-06-22T00:00:00
Discrepancy,876718021664,Grand Cru: Stemless Wine Glass,"True Brands, Inc.",Minneapolis,1028653,Receiving,1.0,,,Miscellaneous,Accessories,,,2026-06-22T00:00:00
Discrepancy,876718022258,Truetap: Double-Hinged Waiters Corkscrew,"True Brands, Inc.",Minneapolis,1028653,Receiving,1.0,,,Miscellaneous,Accessories,,,2026-06-22T00:00:00
Discrepancy,876718030413,Shoot Ping Pong Balls,"True Brands, Inc.",Minneapolis,1028653,Receiving,1.0,,,Miscellaneous,Accessories,,,2026-06-22T00:00:00
Discrepancy,876718039232,Beer Pong Kit,"True Brands, Inc.",Minneapolis,1028653,Receiving,1.0,,,Miscellaneous,Accessories,,,2026-06-22T00:00:00
Discrepancy,8801100130978,Good Day Lychee Soju 375ml,"Vinocopia, Inc",Minneapolis,1028654,Receiving,1.0,,,Wine,Fortified,,,2026-06-22T00:00:00
Discrepancy,669576019214,Decoy Sauvignon Blanc 750ml,"Breakthru Beverage Minnesota Wine & Spirits, LLC",Minnetonka,1028661,Inventory Received,1.0,0.0,-1.0,Wine,Sauvignon Blanc,Month End,mi,2026-06-22T00:00:00
Discrepancy,081308011653,Cupcake Lighthearted Pinot Grigio 750ml,Southern Glazer's Wine & Spirits of MN,Minnetonka,1028665,Receiving,2.0,,,Wine,Pinot Grigio/Gris,Month End,,2026-06-22T00:00:00
Discrepancy,083120102090,Franzia Chardonnay 5L Box,Southern Glazer's Wine & Spirits of MN,Minnetonka,1028665,Receiving,1.0,,,Wine,Chardonnay,Month End,,2026-06-22T00:00:00
Discrepancy,086003251311,Meiomi Red Blend 750ml,Southern Glazer's Wine & Spirits of MN,Minnetonka,1028665,Receiving,2.0,,,Wine,Red Blends,Month End,,2026-06-22T00:00:00
Discrepancy,852832000150,Mumm Napa Brut Prestige 750ml,Southern Glazer's Wine & Spirits of MN,Minnetonka,1028665,Receiving,1.0,,,Wine,Sparkling,Month End,,2026-06-22T00:00:00
Discrepancy,088586625848,Chateau Ste Michelle Gewurztraminer 750ml,Southern Glazer's Wine & Spirits of MN,Osseo,1028676,Inventory Received,1.0,0.0,-1.0,Wine,Other Whites,Month End,on back order ,2026-06-22T00:00:00
Discrepancy,850832004260,Bread & Butter Chardonnay 750ml,Paustis Wine,Plymouth,1028677,Receiving,1.0,0.0,-1.0,Wine,Chardonnay,Free Goods,,2026-06-22T00:00:00
Discrepancy,086003903920,Woodbridge Light Oak Chardonna 1.5L,Southern Glazer's Wine & Spirits of MN,Plymouth,1028679,Receiving,1.0,,,Wine,Chardonnay,Free Goods,,2026-06-22T00:00:00
Discrepancy,763955409204,Les Allies Brut 750ml,"Maverick Beverage Co., LLC - MN",Plymouth,1028681,Receiving,1.0,,,Wine,Sparkling,,,2026-06-22T00:00:00
Discrepancy,089121288122,J Lohr Cabernet Sauvignon 750ml,"Breakthru Beverage Minnesota Wine & Spirits, LLC",Plymouth,1028682,Inventory Received,6.0,1.0,-5.0,Wine,Cabernet,Month End,MI,2026-06-22T00:00:00
Discrepancy,089819158027,Matua Valley Sauv Blanc 750ml,"Breakthru Beverage Minnesota Wine & Spirits, LLC",Plymouth,1028682,Inventory Received,4.0,2.0,-2.0,Wine,Sauvignon Blanc,Month End,MI,2026-06-22T00:00:00
Discrepancy,081434000033,Black Box Cab Sauv 3L Box,Johnson Brothers - St. Paul,Plymouth,1028683,Inventory Received,3.0,2.0,-1.0,Wine,Cabernet,Month End,1 damage,2026-06-22T00:00:00
Discrepancy,081434000224,Black Box Pinot Grigio 3L Box,Johnson Brothers - St. Paul,Plymouth,1028683,Inventory Received,3.0,2.0,-1.0,Wine,Pinot Grigio/Gris,Month End,1 damage,2026-06-22T00:00:00
Discrepancy,031259044101,Yellow Tail Jammy Red Roo 1.5L,Phillips Wine & Spirits - St. Paul,Plymouth,1028686,Inventory Received,1.0,0.0,-1.0,Wine,Red Blends,Month End,mispick,2026-06-22T00:00:00
Discrepancy,081308001326,Cupcake Prosecco 750ml,Southern Glazer's Wine & Spirits of MN,Plymouth,1028687,Receiving,1.0,,,Wine,Sparkling,Month End,,2026-06-22T00:00:00
Discrepancy,083120003021,Franzia Moscato 5L Box,Southern Glazer's Wine & Spirits of MN,Plymouth,1028687,Receiving,1.0,,,Wine,Other Whites,Month End,,2026-06-22T00:00:00
Discrepancy,083120003359,Franzia Dark Red 5L Box,Southern Glazer's Wine & Spirits of MN,Plymouth,1028687,Receiving,1.0,,,Wine,Red Blends,Month End,,2026-06-22T00:00:00
Discrepancy,083120003540,Franzia Pink Moscato 5L Box,Southern Glazer's Wine & Spirits of MN,Plymouth,1028687,Receiving,1.0,,,Wine,Other Whites,Month End,,2026-06-22T00:00:00
Discrepancy,083120011255,Franzia Bold and Jammy Cab 5L Box,Southern Glazer's Wine & Spirits of MN,Plymouth,1028687,Receiving,1.0,,,Wine,Cabernet,Month End,,2026-06-22T00:00:00
Discrepancy,083120101895,Franzia Cab Sauv 5L Box,Southern Glazer's Wine & Spirits of MN,Plymouth,1028687,Receiving,1.0,,,Wine,Cabernet,Month End,,2026-06-22T00:00:00
Discrepancy,083120101994,Franzia Refreshing White 5L Box,Southern Glazer's Wine & Spirits of MN,Plymouth,1028687,Receiving,1.0,,,Wine,White Blends,Month End,,2026-06-22T00:00:00
Discrepancy,083120102892,Franzia Crisp White 5L Box,Southern Glazer's Wine & Spirits of MN,Plymouth,1028687,Receiving,1.0,,,Wine,White Blends,Month End,,2026-06-22T00:00:00
Discrepancy,083120103295,Franzia Fruity Red Sangria 5L Box,Southern Glazer's Wine & Spirits of MN,Plymouth,1028687,Receiving,1.0,,,Wine,Flavored,Month End,,2026-06-22T00:00:00
Discrepancy,086003251359,Meiomi Pinot Noir Bright 750ml,Southern Glazer's Wine & Spirits of MN,Plymouth,1028687,Receiving,1.0,,,Wine,Pinot Noir,Month End,,2026-06-22T00:00:00
Discrepancy,086003251397,Meiomi Sauvignon Blanc Calif 750ml,Southern Glazer's Wine & Spirits of MN,Plymouth,1028687,Receiving,1.0,,,Wine,Sauvignon Blanc,Month End,,2026-06-22T00:00:00
Discrepancy,088586001864,CSM Indian Wells Cabernet 750ml,Southern Glazer's Wine & Spirits of MN,Plymouth,1028687,Receiving,1.0,,,Wine,Cabernet,Month End,,2026-06-22T00:00:00
Discrepancy,088586004483,14 Hands Hot to Trot Red 750ml,Southern Glazer's Wine & Spirits of MN,Plymouth,1028687,Receiving,1.0,,,Wine,Red Blends,Month End,,2026-06-22T00:00:00
Discrepancy,088586010149,Liquid Light Sauvignon Blanc 750ml,Southern Glazer's Wine & Spirits of MN,Plymouth,1028687,Receiving,1.0,,,Wine,Sauvignon Blanc,Month End,,2026-06-22T00:00:00
Discrepancy,088586603846,Chateau Ste Michelle Chardonnay 750ml,Southern Glazer's Wine & Spirits of MN,Plymouth,1028687,Receiving,1.0,,,Wine,Chardonnay,Month End,,2026-06-22T00:00:00
Discrepancy,689352010082,Kim Crawford Sauvignon Blanc Illuminate 750ml,Southern Glazer's Wine & Spirits of MN,Plymouth,1028687,Receiving,1.0,,,Wine,Sauvignon Blanc,Month End,,2026-06-22T00:00:00
Discrepancy,852832000150,Mumm Napa Brut Prestige 750ml,Southern Glazer's Wine & Spirits of MN,Plymouth,1028687,Receiving,1.0,,,Wine,Sparkling,Month End,,2026-06-22T00:00:00
Discrepancy,852832000174,Mumm Napa Brut Rose 750ml,Southern Glazer's Wine & Spirits of MN,Plymouth,1028687,Receiving,1.0,,,Wine,Sparkling,Month End,,2026-06-22T00:00:00
Discrepancy,853706002034,Jam Cellars Butter Chardonnay 750ml,Southern Glazer's Wine & Spirits of MN,Plymouth,1028687,Receiving,1.0,,,Wine,Chardonnay,Month End,,2026-06-22T00:00:00
Discrepancy,853868006024,Banshee Pinot Noir 750ml,Southern Glazer's Wine & Spirits of MN,Plymouth,1028687,Receiving,1.0,,,Wine,Pinot Noir,Month End,,2026-06-22T00:00:00
Discrepancy,855165005076,Meiomi Pinot Noir 750ml,Southern Glazer's Wine & Spirits of MN,Plymouth,1028687,Receiving,8.0,,,Wine,Pinot Noir,Month End,,2026-06-22T00:00:00
Discrepancy,855165005779,Meiomi Chardonnay 750ml,Southern Glazer's Wine & Spirits of MN,Plymouth,1028687,Receiving,2.0,,,Wine,Chardonnay,Month End,,2026-06-22T00:00:00
Discrepancy,870661008024,Oyster Bay Sauvignon Blanc 750ml,Southern Glazer's Wine & Spirits of MN,Plymouth,1028687,Receiving,1.0,,,Wine,Sauvignon Blanc,Month End,,2026-06-22T00:00:00
Discrepancy,763955409105,Les Allies Blanc de Blanc 750ml,"Maverick Beverage Co., LLC - MN",Rosemount,1028704,Receiving,1.0,,,Wine,Sparkling,,,2026-06-22T00:00:00
Discrepancy,087872637855,Stella Rosa Non-Alcoholic Rose 750ml,"Breakthru Beverage Minnesota Wine & Spirits, LLC",Rosemount,1028706,Inventory Received,1.0,0.0,-1.0,Wine,Rose,Month End,Mi,2026-06-22T00:00:00
Discrepancy,857680001960,Clay Shannon Napa Cabernet Sauvignon 750ml,Paustis Wine,Rosemount,1028709,Inventory Received,1.0,0.0,-1.0,Wine,Cabernet,Month End,Wrong item delivered sent Malbec instead of cab,2026-06-22T00:00:00
Discrepancy,816136025349,Avaline Rose 750ml,Southern Glazer's Wine & Spirits of MN,Rosemount,1028711,Inventory Received,1.0,0.0,-1.0,Wine,Rose,Month End,BO 1 Case,2026-06-22T00:00:00
Discrepancy,015643607554,The Little Sheep Rose 750ml,Rue 38 LLC,Rosemount,1028712,Receiving,1.0,,,Wine,Rose,,,2026-06-22T00:00:00
Discrepancy,855708006638,Piattelli Grand Res Malbec 750ml,"Vinocopia, Inc",Rosemount,1028714,Inventory Received,1.0,0.0,-1.0,Wine,Malbec,,BO 1 Case,2026-06-22T00:00:00
Discrepancy,763955409105,Les Allies Blanc de Blanc 750ml,"Maverick Beverage Co., LLC - MN",Roseville,1028719,Receiving,1.0,,,Wine,Sparkling,,,2026-06-22T00:00:00
Discrepancy,763955409204,Les Allies Brut 750ml,"Maverick Beverage Co., LLC - MN",Roseville,1028719,Receiving,1.0,,,Wine,Sparkling,,,2026-06-22T00:00:00
Discrepancy,080960100644,Readers Cabernet Sauvignon 750ml,Bellboy Corporation,Roseville,1028720,Inventory Received,1.0,0.0,-1.0,Wine,Cabernet,Month End,mi,2026-06-22T00:00:00
Discrepancy,081434315304,Nobilo Sauv Blanc 750ml,Johnson Brothers - St. Paul,Roseville,1028722,Receiving,1.0,0.0,-1.0,Wine,Sauvignon Blanc,Month End,mi,2026-06-22T00:00:00
Discrepancy,085000006795,Peter Vella Chardonnay 5L Box,Johnson Brothers - St. Paul,Roseville,1028722,Receiving,1.0,0.0,-1.0,Wine,Chardonnay,Month End,,2026-06-22T00:00:00
Discrepancy,081308011011,Chloe Sauvignon Blanc 750ml,Southern Glazer's Wine & Spirits of MN,Roseville,1028726,Inventory Received,1.0,0.0,-1.0,Wine,Sauvignon Blanc,Month End,MI,2026-06-22T00:00:00
Discrepancy,086036124590,Christian Bros Dry Sherry 750ml,Southern Glazer's Wine & Spirits of MN,Roseville,1028726,Inventory Received,2.0,0.0,-2.0,Wine,Fortified,Month End,BO,2026-06-22T00:00:00
Discrepancy,088586625848,Chateau Ste Michelle Gewurztraminer 750ml,Southern Glazer's Wine & Spirits of MN,Roseville,1028726,Inventory Received,1.0,0.0,-1.0,Wine,Other Whites,Month End,BO,2026-06-22T00:00:00
Discrepancy,855165005076,Meiomi Pinot Noir 750ml,Southern Glazer's Wine & Spirits of MN,St. Louis Park,1028732,Receiving,13.0,,,Wine,Pinot Noir,Free Goods,,2026-06-22T00:00:00
Discrepancy,012354001350,19 Crimes Cabernet 750ml,"Breakthru Beverage Minnesota Wine & Spirits, LLC",St. Louis Park,1028736,Receiving,1.0,,,Wine,Cabernet,Month End,,2026-06-22T00:00:00
Discrepancy,012354004290,19 Crimes Cali Red 750ml,"Breakthru Beverage Minnesota Wine & Spirits, LLC",St. Louis Park,1028736,Receiving,1.0,,,Wine,Red Blends,Month End,,2026-06-22T00:00:00
Discrepancy,085798028726,Alexander Valley Vineyards Cab Sauv 750ml,"Breakthru Beverage Minnesota Wine & Spirits, LLC",St. Louis Park,1028736,Receiving,1.0,,,Wine,Cabernet,Month End,,2026-06-22T00:00:00
Discrepancy,089121068823,J Lohr Chardonnay 750ml,"Breakthru Beverage Minnesota Wine & Spirits, LLC",St. Louis Park,1028736,Receiving,1.0,,,Wine,Chardonnay,Month End,,2026-06-22T00:00:00
Discrepancy,089121288122,J Lohr Cabernet Sauvignon 750ml,"Breakthru Beverage Minnesota Wine & Spirits, LLC",St. Louis Park,1028736,Receiving,1.0,,,Wine,Cabernet,Month End,,2026-06-22T00:00:00
Discrepancy,089819158027,Matua Valley Sauv Blanc 750ml,"Breakthru Beverage Minnesota Wine & Spirits, LLC",St. Louis Park,1028736,Receiving,1.0,,,Wine,Sauvignon Blanc,Month End,,2026-06-22T00:00:00
Discrepancy,669576019221,Decoy Sonoma Pinot Noir 750ml,"Breakthru Beverage Minnesota Wine & Spirits, LLC",St. Louis Park,1028736,Receiving,1.0,,,Wine,Pinot Noir,Month End,,2026-06-22T00:00:00
Discrepancy,669576019245,Decoy Sonoma Chardonnay 750ml,"Breakthru Beverage Minnesota Wine & Spirits, LLC",St. Louis Park,1028736,Receiving,1.0,,,Wine,Chardonnay,Month End,,2026-06-22T00:00:00
Discrepancy,769611454441,Sonoma Cutrer Chardonnay 750ml,"Breakthru Beverage Minnesota Wine & Spirits, LLC",St. Louis Park,1028736,Receiving,7.0,,,Wine,Chardonnay,Month End,,2026-06-22T00:00:00
Discrepancy,785214190753,Silver Oak Alexander Cabernet 750ml,Oxford Street Merchants,St. Louis Park,1028738,Inventory Received,0.5,0.0,-0.5,Wine,Cabernet,Month End,mi,2026-06-22T00:00:00
Discrepancy,879716002000,Natural Origins Malbec 3L Box,Paustis Wine,St. Louis Park,1028739,Inventory Received,1.0,0.0,-1.0,Wine,Malbec,Month End,oos,2026-06-22T00:00:00
Discrepancy,082242016094,Bota Box Nighthawk Black Lush Pinot Noir 3L Box,Phillips Wine & Spirits - St. Paul,St. Louis Park,1028740,Inventory Received,1.0,0.0,-1.0,Wine,Pinot Noir,Month End,mi,2026-06-22T00:00:00
Discrepancy,011034500053,Martini & Rossi Asti 750ml,Southern Glazer's Wine & Spirits of MN,St. Louis Park,1028741,Receiving,1.0,,,Wine,Sparkling,Month End,,2026-06-22T00:00:00
Discrepancy,011034501005,Martini & Rossi Prosecco 750ml,Southern Glazer's Wine & Spirits of MN,St. Louis Park,1028741,Receiving,1.0,,,Wine,Sparkling,Month End,,2026-06-22T00:00:00
Discrepancy,011034503825,Martini & Rossi Sparkling Rose 750ml,Southern Glazer's Wine & Spirits of MN,St. Louis Park,1028741,Receiving,1.0,,,Wine,Sparkling,Month End,,2026-06-22T00:00:00
Discrepancy,081308000435,Cupcake Sauvignon Blanc 750ml,Southern Glazer's Wine & Spirits of MN,St. Louis Park,1028741,Receiving,1.0,,,Wine,Sauvignon Blanc,Month End,,2026-06-22T00:00:00
Discrepancy,081308001074,Cupcake Riesling 750ml,Southern Glazer's Wine & Spirits of MN,St. Louis Park,1028741,Receiving,1.0,,,Wine,Other Whites,Month End,,2026-06-22T00:00:00
Discrepancy,081308001326,Cupcake Prosecco 750ml,Southern Glazer's Wine & Spirits of MN,St. Louis Park,1028741,Receiving,1.0,,,Wine,Sparkling,Month End,,2026-06-22T00:00:00
Discrepancy,081308003320,Chloe Chardonnay 750ml,Southern Glazer's Wine & Spirits of MN,St. Louis Park,1028741,Receiving,1.0,,,Wine,Chardonnay,Month End,,2026-06-22T00:00:00
Discrepancy,081308003337,Chloe Pinot Grigio 750ml,Southern Glazer's Wine & Spirits of MN,St. Louis Park,1028741,Receiving,1.0,,,Wine,Pinot Grigio/Gris,Month End,,2026-06-22T00:00:00
Discrepancy,081308003528,AVA Grace Sauvignon Blanc 750ml,Southern Glazer's Wine & Spirits of MN,St. Louis Park,1028741,Receiving,1.0,,,Wine,Sauvignon Blanc,Month End,,2026-06-22T00:00:00
Discrepancy,081308004396,Cupcake Butterkissed Chard 750ml,Southern Glazer's Wine & Spirits of MN,St. Louis Park,1028741,Receiving,1.0,,,Wine,Chardonnay,Month End,,2026-06-22T00:00:00
Discrepancy,083120003021,Franzia Moscato 5L Box,Southern Glazer's Wine & Spirits of MN,St. Louis Park,1028741,Receiving,1.0,,,Wine,Other Whites,Month End,,2026-06-22T00:00:00
Discrepancy,083120100393,Franzia Pinot Grigio 5L Box,Southern Glazer's Wine & Spirits of MN,St. Louis Park,1028741,Receiving,1.0,,,Wine,Pinot Grigio/Gris,Month End,,2026-06-22T00:00:00
Discrepancy,083120101895,Franzia Cab Sauv 5L Box,Southern Glazer's Wine & Spirits of MN,St. Louis Park,1028741,Receiving,1.0,,,Wine,Cabernet,Month End,,2026-06-22T00:00:00
Discrepancy,083120101994,Franzia Refreshing White 5L Box,Southern Glazer's Wine & Spirits of MN,St. Louis Park,1028741,Receiving,1.0,,,Wine,White Blends,Month End,,2026-06-22T00:00:00
Discrepancy,083120102892,Franzia Crisp White 5L Box,Southern Glazer's Wine & Spirits of MN,St. Louis Park,1028741,Receiving,1.0,,,Wine,White Blends,Month End,,2026-06-22T00:00:00
Discrepancy,083120103196,Franzia White Zinfandel 5L Box,Southern Glazer's Wine & Spirits of MN,St. Louis Park,1028741,Receiving,1.0,,,Wine,Zinfandel,Month End,,2026-06-22T00:00:00
Discrepancy,086003003408,Woodbridge Pinot Noir 1.5L,Southern Glazer's Wine & Spirits of MN,St. Louis Park,1028741,Receiving,1.0,,,Wine,Pinot Noir,Month End,,2026-06-22T00:00:00
Discrepancy,086003251311,Meiomi Red Blend 750ml,Southern Glazer's Wine & Spirits of MN,St. Louis Park,1028741,Receiving,10.0,,,Wine,Red Blends,Month End,,2026-06-22T00:00:00
Discrepancy,086003903920,Woodbridge Light Oak Chardonna 1.5L,Southern Glazer's Wine & Spirits of MN,St. Louis Park,1028741,Receiving,1.0,,,Wine,Chardonnay,Month End,,2026-06-22T00:00:00
Discrepancy,086891083186,The Federalist Cab 750ml,Southern Glazer's Wine & Spirits of MN,St. Louis Park,1028741,Receiving,1.0,,,Wine,Cabernet,Month End,,2026-06-22T00:00:00
Discrepancy,088586498954,Columbia Crest Grd Chardonnay 750ml,Southern Glazer's Wine & Spirits of MN,St. Louis Park,1028741,Receiving,1.0,,,Wine,Chardonnay,Month End,,2026-06-22T00:00:00
Discrepancy,088586602832,Chateau Ste Michelle Merlot 750ml,Southern Glazer's Wine & Spirits of MN,St. Louis Park,1028741,Receiving,1.0,,,Wine,Merlot,Month End,,2026-06-22T00:00:00
Discrepancy,088586625848,Chateau Ste Michelle Gewurztraminer 750ml,Southern Glazer's Wine & Spirits of MN,St. Louis Park,1028741,Receiving,1.0,,,Wine,Other Whites,Month End,,2026-06-22T00:00:00
Discrepancy,088586659935,CSM Indian Wells Chardonnay 750ml,Southern Glazer's Wine & Spirits of MN,St. Louis Park,1028741,Receiving,2.0,,,Wine,Chardonnay,Month End,,2026-06-22T00:00:00
Discrepancy,098652190040,Cline Mourvedre Rose 750ml,Southern Glazer's Wine & Spirits of MN,St. Louis Park,1028741,Receiving,1.0,,,Wine,Rose,Month End,,2026-06-22T00:00:00
Discrepancy,742651107195,Ferrari Carano Chardonnay 750ml,Southern Glazer's Wine & Spirits of MN,St. Louis Park,1028741,Receiving,1.0,,,Wine,Chardonnay,Month End,,2026-06-22T00:00:00
Discrepancy,742651123102,Ferrari Carano Fume Blanc 750ml,Southern Glazer's Wine & Spirits of MN,St. Louis Park,1028741,Receiving,2.0,,,Wine,Sauvignon Blanc,Month End,,2026-06-22T00:00:00
Discrepancy,816136025370,Avaline Red 750ml,Southern Glazer's Wine & Spirits of MN,St. Louis Park,1028741,Receiving,1.0,,,Wine,Red Blends,Month End,,2026-06-22T00:00:00
Discrepancy,852832000174,Mumm Napa Brut Rose 750ml,Southern Glazer's Wine & Spirits of MN,St. Louis Park,1028741,Receiving,1.0,,,Wine,Sparkling,Month End,,2026-06-22T00:00:00
Discrepancy,853706002034,Jam Cellars Butter Chardonnay 750ml,Southern Glazer's Wine & Spirits of MN,St. Louis Park,1028741,Receiving,1.0,,,Wine,Chardonnay,Month End,,2026-06-22T00:00:00
Discrepancy,853868006345,Banshee Paso Cab 750ml,Southern Glazer's Wine & Spirits of MN,St. Louis Park,1028741,Receiving,1.0,,,Wine,Cabernet,Month End,,2026-06-22T00:00:00
Discrepancy,855165005779,Meiomi Chardonnay 750ml,Southern Glazer's Wine & Spirits of MN,St. Louis Park,1028741,Receiving,1.0,,,Wine,Chardonnay,Month End,,2026-06-22T00:00:00
Discrepancy,870661008024,Oyster Bay Sauvignon Blanc 750ml,Southern Glazer's Wine & Spirits of MN,St. Louis Park,1028741,Receiving,2.0,,,Wine,Sauvignon Blanc,Month End,,2026-06-22T00:00:00
Discrepancy,678113000165,Ercole Monferratto Rosso Liter,Libation Project,St. Louis Park,1028746,Receiving,1.0,,,Wine,Other Reds,Store Request,,2026-06-22T00:00:00
Discrepancy,3434520000429,Dom Roche Bousseau Brut 750ml,Phillips Wine & Spirits - St. Paul,St. Louis Park,1028748,Inventory Received,1.0,0.0,-1.0,Wine,Sparkling,Store Request,mi,2026-06-22T00:00:00
Discrepancy,086003255067,The Prisoner Wine Co Prisoner Red Blend 750ml,Southern Glazer's Wine & Spirits of MN,St. Louis Park,1028749,Receiving,1.0,,,Wine,Red Blends,Store Request,,2026-06-22T00:00:00
Discrepancy,089419000351,La Vieille Ferme Blanc 3L Box,The Wine Company,St. Louis Park,1028751,Inventory Received,1.0,0.0,-1.0,Wine,White Blends,,mi,2026-06-22T00:00:00
Discrepancy,842094109456,No-Mess Glitter Bow Assorted Wine Bag by Cakewalk,"True Brands, Inc.",St. Louis Park,1028752,Receiving,1.0,,,Miscellaneous,Accessories,,,2026-06-22T00:00:00
Discrepancy,876718025310,Wine Stain Gift Bag,"True Brands, Inc.",St. Louis Park,1028752,Receiving,1.0,,,Miscellaneous,Accessories,,,2026-06-22T00:00:00
Discrepancy,876718025334,Retro: 24 oz Cocktail Shaker,"True Brands, Inc.",St. Louis Park,1028752,Receiving,1.0,,,Miscellaneous,Accessories,,,2026-06-22T00:00:00
Discrepancy,876718034732,Assorted Cheers Wine Bags by Cakewalk,"True Brands, Inc.",St. Louis Park,1028752,Receiving,1.0,,,Miscellaneous,Accessories,,,2026-06-22T00:00:00
Discrepancy,876718049798,Smile There's Wine Bag by Cakewalk 750ml,"True Brands, Inc.",St. Louis Park,1028752,Receiving,1.0,,,Miscellaneous,Accessories,,,2026-06-22T00:00:00
Discrepancy,606179210006,Sun Goddess Sauvignon Blanc 750ml,"Vinocopia, Inc",St. Louis Park,1028753,Inventory Received,1.0,0.0,-1.0,Wine,Sauvignon Blanc,,mi,2026-06-22T00:00:00
Discrepancy,855165005076,Meiomi Pinot Noir 750ml,Southern Glazer's Wine & Spirits of MN,Stillwater,1028756,Inventory Received,7.0,0.0,-7.0,Wine,Pinot Noir,Free Goods,,2026-06-22T00:00:00
Discrepancy,086785000084,Cavit Pinot Grigio 750ml,"Breakthru Beverage Minnesota Wine & Spirits, LLC",Stillwater,1028759,Inventory Received,1.0,0.0,-1.0,Wine,Pinot Grigio/Gris,Month End,dnr,2026-06-22T00:00:00
Discrepancy,879716002000,Natural Origins Malbec 3L Box,Paustis Wine,Stillwater,1028762,Inventory Received,1.0,0.0,-1.0,Wine,Malbec,Month End,dnr,2026-06-22T00:00:00
Discrepancy,031259032863,Yellow Tail Moscato 1.5L,Phillips Wine & Spirits - St. Paul,Stillwater,1028763,Inventory Received,1.0,0.0,-1.0,Wine,Moscato,Month End,backorder ,2026-06-22T00:00:00
Discrepancy,842094109418,For You Botanical Single Bottle Wine Bag by Cakewalk,"True Brands, Inc.",Stillwater,1028765,Receiving,1.0,,,Miscellaneous,Accessories,,,2026-06-22T00:00:00
Discrepancy,842094181766,2 oz plastic shot glasses,"True Brands, Inc.",Stillwater,1028765,Receiving,1.0,,,Miscellaneous,Accessories,,,2026-06-22T00:00:00
Discrepancy,876718029431,Big Jig: Double Jigger,"True Brands, Inc.",Stillwater,1028765,Receiving,1.0,,,Miscellaneous,Accessories,,,2026-06-22T00:00:00
Discrepancy,750625653012,Clean Slate Riesling 750ml,"Grape Beginnings, Inc.",Vadnais Heights,1028769,Receiving,1.0,,,Wine,Other Whites,,,2026-06-22T00:00:00
Discrepancy,678113000172,Ercole Rose DOC Liter,Libation Project,Vadnais Heights,1028770,Receiving,1.0,,,Wine,Rose,,,2026-06-22T00:00:00
Discrepancy,763955409204,Les Allies Brut 750ml,"Maverick Beverage Co., LLC - MN",Vadnais Heights,1028771,Receiving,1.0,,,Wine,Sparkling,,,2026-06-22T00:00:00
Discrepancy,012354000995,19 Crimes Red Wine 750ml,"Breakthru Beverage Minnesota Wine & Spirits, LLC",Woodbury,1028788,Receiving,1.0,,,Wine,Red Blends,Month End,,2026-06-22T00:00:00
Discrepancy,012354001046,Penfold's Max's Shiraz/Cab 750ml,"Breakthru Beverage Minnesota Wine & Spirits, LLC",Woodbury,1028788,Receiving,1.0,,,Wine,Syrah/Shiraz,Month End,,2026-06-22T00:00:00
Discrepancy,012354001350,19 Crimes Cabernet 750ml,"Breakthru Beverage Minnesota Wine & Spirits, LLC",Woodbury,1028788,Receiving,1.0,,,Wine,Cabernet,Month End,,2026-06-22T00:00:00
Discrepancy,012354004290,19 Crimes Cali Red 750ml,"Breakthru Beverage Minnesota Wine & Spirits, LLC",Woodbury,1028788,Receiving,1.0,,,Wine,Red Blends,Month End,,2026-06-22T00:00:00
Discrepancy,086785000039,Cavit Pinot Grigio 1.5L,"Breakthru Beverage Minnesota Wine & Spirits, LLC",Woodbury,1028788,Receiving,4.0,,,Wine,Pinot Grigio/Gris,Month End,,2026-06-22T00:00:00
Discrepancy,086785000084,Cavit Pinot Grigio 750ml,"Breakthru Beverage Minnesota Wine & Spirits, LLC",Woodbury,1028788,Receiving,1.0,,,Wine,Pinot Grigio/Gris,Month End,,2026-06-22T00:00:00
Discrepancy,087872630122,Stella Rosa Moscato D'Asti 750ml,"Breakthru Beverage Minnesota Wine & Spirits, LLC",Woodbury,1028788,Receiving,1.0,,,Wine,Sparkling,Month End,,2026-06-22T00:00:00
Discrepancy,089121288122,J Lohr Cabernet Sauvignon 750ml,"Breakthru Beverage Minnesota Wine & Spirits, LLC",Woodbury,1028788,Receiving,1.0,,,Wine,Cabernet,Month End,,2026-06-22T00:00:00
Discrepancy,089819158027,Matua Valley Sauv Blanc 750ml,"Breakthru Beverage Minnesota Wine & Spirits, LLC",Woodbury,1028788,Receiving,3.0,,,Wine,Sauvignon Blanc,Month End,,2026-06-22T00:00:00
Discrepancy,669576020449,Decoy Limited Alexander Valley Cabernet Sauvignon 750ml,"Breakthru Beverage Minnesota Wine & Spirits, LLC",Woodbury,1028788,Receiving,1.0,,,Wine,Cabernet,Month End,,2026-06-22T00:00:00
Discrepancy,890409002398,Daou Cabernet Sauvignon 750ml,"Breakthru Beverage Minnesota Wine & Spirits, LLC",Woodbury,1028788,Receiving,1.0,,,Wine,Cabernet,Month End,,2026-06-22T00:00:00
Discrepancy,085000025871,Barefoot Rose 750ml,Johnson Brothers - St. Paul,Woodbury,1028789,Inventory Received,1.0,0.0,-1.0,Wine,Rose,Month End,BO,2026-06-22T00:00:00
Discrepancy,088586013324,14 Hands Buttery Chardonnay 750ml,Southern Glazer's Wine & Spirits of MN,Woodbury,1028793,Inventory Received,1.0,0.0,-1.0,Wine,Chardonnay,Month End,BO,2026-06-22T00:00:00
Discrepancy,853706002034,Jam Cellars Butter Chardonnay 750ml,Southern Glazer's Wine & Spirits of MN,Woodbury,1028793,Inventory Received,1.0,0.0,-1.0,Wine,Chardonnay,Month End,MI,2026-06-22T00:00:00
Discrepancy,8437002995058,Los Bermejos Rosado 750ml,"New France Wine Co, Inc",Minnetonka,PO0000001446,Inventory Received,1.0,0.83,-0.17,Wine,Rose,,MI  2bttls,2026-06-05T12:06:12.424767
Discrepancy,669835222294,St Croix Vineyards Frontenac Blanc,Saint Croix Vineyards,Woodbury,PO0000001508,Receiving,1.0,0.0,-1.0,Wine,Other Whites,,,2026-06-25T13:36:39.1383724
Discrepancy,669835222416,St Croix Vineyards Itasca,Saint Croix Vineyards,Woodbury,PO0000001508,Receiving,1.0,0.0,-1.0,Wine,Other Whites,,,2026-06-25T13:36:39.1383724
