Product Description,Product UPC,Department,Category,Size,Units/Case,Supplier,Distributor,Deal Description,Buy Months (if appl.),Net/Unit,Net Case,Case 1 (Retail),Retail Calc,Club Override,GM%,Buy Month Invoice,Effective Date,Notes,Non-Buy Month Invoice,REVIEW,Item Number,Net Case EO,Net Cs EO/Unit,Retail Override,Avg Retail,Avg Club,Avg Sale,Buy Months,Case 1,Diff b/w Case 1,Diff b/w Net Case,Diff b/w Net Case EO,Diff Item Number,Vendor,buy month,Reorder Points,Item Classfication,Retail Price,Rank
Provisions Chardonnay 3L,848375002782,Wine,New Item,3L,4,Precept Wines,Paustis Wine Company,4 on 25,All,11.456896551724139,45.827586206896555,62,22.99,16.96,0.32447543916720883,52,,,52,,2081,45.827586206896555,11.456896551724139,19.99,,,,,,,,,,,,,,19.99,
Provisions Rose 3L,848375005172,Wine,New Item,3L,4,Precept Wines,Paustis Wine Company,4 on 25,All,11.456896551724139,45.827586206896555,62,22.99,16.96,0.32447543916720883,52,,,52,,2088,45.827586206896555,11.456896551724139,19.99,,,,,,,,,,,,,,19.99,
Leo Steen Peaberry Chenin,610877716265,Wine,New Item,750 ml,12,,"Bourget Imports, LLC",,All,20.145833333333332,241.75,256,31.99,28.96,0.30435658379373853,240,,"not sure, from Siri?",,,Leo Steen Peaberry Chenin,241.75,20.145833333333332,33.99,,,,,,,,,,,,,,33.99,
Avignonesi Rosso di Montepulciano,748789700338,Wine,New Item,750,12,Classica,Maverick Wine Company,Case One,All,10.795,129.54,144,17.99,15.96,0.3236215538847118,128.04,"blaine, slp, roseville, mtka?",siri item,128.04,,W-AV-RDM-22,129.54,10.795,18.99,,,,,,,,,,,,,,18.99,
Marguet 'Shaman' Rose Grand Cru Brut,,Wine,New Item,750 ml,6,,"Bourget Imports, LLC",,All,57.625,345.75,360,89.99,74.96,0.23125667022411947,344,,"not sure, from Siri?",,,,345.75,57.625,89.99,,,,,,,,,,,,,,89.99,
Marguet Bouzy Grand Cru Brut,,Wine,New Item,750 ml,6,,"Bourget Imports, LLC",,All,78.95833333333333,473.75,488,121.99,102.96,0.23311642061642063,472,,"not sure, from Siri?",,,,473.75,78.95833333333333,123.99,,,,,,,,,,,,,,123.99,
Bereche Brut Reserve,,Wine,New Item,750 ml,6,,"Bourget Imports, LLC",,All,54.958333333333336,329.75,344,85.99,70.96,0.22550263059000367,328,,"not sure, from Siri?",,,,329.75,54.958333333333336,85.99,,,,,,,,,,,,,,85.99,
Le Capitaine Vouvray Demi-Sec,,Wine,New Item,750 ml,12,,"Bourget Imports, LLC",,All,12.145833333333334,145.75,160,19.99,18.96,0.3593969760900141,144,,"not sure, from Siri?",,,Le Capitaine Vouvray Demi-Sec,145.75,12.145833333333334,22.49,,,,,,,,,,,,,,22.49,
Camins 2 Dreams 'Yila' Red,,Wine,New Item,750 ml,12,,"Bourget Imports, LLC",,All,18.8125,225.75,240,29.99,26.96,0.30220697329376855,224,,"not sure, from Siri?",,,Camins 2 Dreams 'Yila' Red,225.75,18.8125,31.99,,,,,,,,,,,,,,31.99,
Crochet Sancerre Rose,,Wine,New Item,750 ml,12,,"Bourget Imports, LLC",,All,21.479166666666668,257.75,272,33.99,30.96,0.30622846683893196,256,,"not sure, from Siri?",,,Crochet Sancerre Rose,257.75,21.479166666666668,36.99,,,,,,,,,,,,,,36.99,
Crochet Sancerre Blanc,,Wine,New Item,750 ml,12,,"Bourget Imports, LLC",,All,28.8125,345.75,360,44.99,40.96,0.29656982421875,344,,"not sure, from Siri?",,,Crochet Sancerre Blanc,345.75,28.8125,48.99,,,,,,,,,,,,,,48.99,
Moschopolis Aiora Red,5200134860043,Wine,New Item,750 ml,12,,"Bourget Imports, LLC",,All,14.8125,177.75,192,23.99,22.96,0.3548562717770035,176,,siri,,,Moschopolis Aiora Red,177.75,14.8125,26.99,,,,,,,,,,,,,,26.99,
Barefoot Cab 6/4pk 200ml Tetra,085000441244,Wine,New Item,200ml Tetra,6,Gallo,Johnson Brothers Liquor Co, Deep Net,All,4.8500000000000005,29.1,40,9.99,6.96,0.3031609195402298,28,,,28,,1277359,29.1,4.8500000000000005,,,,,,,,,,,,,,,7.99,
Barefoot Chard 6/4pk 200ml Tetra,085000441251,Wine,New Item,200ml Tetra,6,Gallo,Johnson Brothers Liquor Co, Deep Net,All,4.8500000000000005,29.1,40,9.99,,0.5145145145145145,28,,,28,,1163276,29.1,4.8500000000000005,,,,,,,,,,,,,,,,
Barefoot Moscato 6/4pk 200ml Tetra,085000441268,Wine,New Item,200ml Tetra,6,Gallo,Johnson Brothers Liquor Co, Deep Net,All,4.8500000000000005,29.1,40,9.99,,0.5145145145145145,28,,,28,,1987757,29.1,4.8500000000000005,,,,,,,,,,,,,,,,
Barefoot Pinot Grigio 6/4pk 200ml Tetra,085000441220,Wine,New Item,200ml Tetra,6,Gallo,Johnson Brothers Liquor Co, Deep Net,All,4.8500000000000005,29.1,40,9.99,,0.5145145145145145,28,,,28,,1753122,29.1,4.8500000000000005,,,,,,,,,,,,,,,,
Natural Origins Rose,879716002468,Wine,New Item,3 Ltr Box,6,"WISD, LLC",Paustis Wine Company,2 on 20,All,13.5,81,103,25.99,19.96,0.3236472945891784,88,,,88,,1918,81,13.5,23.99,,,,,,,,,,,,,,23.99,
Natural Origins Sauv Blanc,879716000075,Wine,New Item,3 Ltr Box,6,"WISD, LLC",Paustis Wine Company,2 on 20,All,13.5,81,103,25.99,19.96,0.3236472945891784,88,,,88,,1800,81,13.5,23.99,23.990000000000006,19.96,0,,,,,,,Paustis Wine,,0,,23.99,
Blossom Fury Riesling,184745000683,Wine,New Item,750 ml,12,House of Smith,Paustis Wine Company,1 on 10,All,10.386363636363637,124.63636363636364,144,17.99,15.96,0.3492253360674413,136,,,136,,3107,124.63636363636364,10.386363636363637,18.99,,,,,,,,,,,,,,18.99,
Benoit Dehu 'Cuvee Initiation' Brut,,Wine,New Item,750 ml,12,,"Bourget Imports, LLC",,All,60.8125,729.75,744,92.99,78.96,0.22983156028368787,728,,siri,,,,729.75,60.8125,94.99,,,,,,,,,,,,,,94.99,
Marie Courtin 'Eloquence' Brut,,Wine,New Item,750 ml,12,,"Bourget Imports, LLC",,All,79.47916666666667,953.75,968,120.99,102.96,0.22805782180782172,952,,siri,,,,953.75,79.47916666666667,123.99,,,,,,,,,,,,,,123.99,
SERIAL CABERNET SAUVIGNON 21,853706002423,Wine,New Item,750ML,12,JAM CELLARS,Southern Wine & Spirits, ,ALL,18.066666666666666,216.8,240,29.99,26.96,0.3298714144411474,216,,siri,216,,644640,216.8,18.066666666666666,31.99,,,,,,,,,,,,,,31.99,
SERIAL RED BLEND XXVI 21,853706002249,Wine,New Item,750ML,12,JAM CELLARS,Southern Wine & Spirits, ,ALL,16.566666666666666,198.8,216,26.99,24.96,0.33627136752136755,198,,siri,198,,622342,198.8,16.566666666666666,29.99,,,,,,,,,,,,,,29.99,
Chateau Roumieu Sauternes,664941002884,Wine,New Item,375ml,12,CHAMPAGNE & CHATEAUX,Breakthru Beverage,Case 1,,17.595833333333335,211.15,210,25.99,25.96,0.3221944016435541,210,,siri,,,9735321,211.15,17.595833333333335,30.99,,,,,,,,,,,,,,30.49,
Penner Ash WV Pinot Noir,857187002026,Wine,New Item,750ml,6,Penner Ash,Wine Merchants,,ALL,40.18333333333333,241.1,270,67.99,,0.40898171299700936,240,,, ,,1575399,241.1,40.18333333333333,,,,,,,,,,,,,,,,
Alveo Zinfandel,853739000519,Wine,New Item,750 ml,12,Klinker Brick,Maverick Wine Company,1 on 5 m/m with Klinker Brick (Brickmason No Charge),All,6.958333333333333,83.5,120,14.99,10.96,0.3651155717761558,104,,"bryce email, asked siri. She did not mention this one",,,DW-KB-AV-ZN-22,83.5,6.958333333333333,12.49,,,,,,,,,,,,,,12.49,
Mocali Maremma Toscana Ciliegiolo,No UPC,Wine,New Item,750 ml,12,,New France Wine,,All,10.875,130.5,136,16.99,16.96,0.3587853773584906,128,,siri wines. Waiting on locations from siri,128,,MocaliCiliegiolo,130.5,10.875,19.99,,,,,,,,,,,,,,19.99,
Mocali Brunello di Montalcino,No UPC,Wine,New Item,750 ml,12,,New France Wine,,All,38.875,466.5,472,58.99,59.96,0.35165110073382255,464,,siri wines. Waiting on locations from siri,464,,MocaliBrunello,466.5,38.875,71.99,,,,,,,,,,,,,,71.99,
Black Stal Cornerstone Chard (Low Tier),082242018104,Wine,New Item,750 ml,12,Delicato,Johnson Brothers Liquor Co,1 free case of Cornerstone Cab on 5,All,8.491666666666665,101.89999999999999,144,17.99,12.96,0.3447788065843623,136,,,,,1779478,101.89999999999999,8.491666666666665,14.99,,,,,,,,,,,,,,14.99,
Black Stal Cornerstone Cab Sauv (Low Tier),082242018098,Wine,New Item,750 ml,12,Delicato,Johnson Brothers Liquor Co,1 free case of Cornerstone Cab on 5,All,12.313888888888888,147.76666666666665,200,24.99,18.96,0.350533286451008,176,,,,,1866932,147.76666666666665,12.313888888888888,22.49,,,,,,,,,,,,,,22.49,
Daily's Spiked Iced Tea Lemonade 10oz,07480691886,Wine,New Item,Single,24,American Beverage,Phillips Wine & Spirits,1 on 15,September|October|November|December,1.5528645833333332,37.26875,48,2.99,,0.48064729654403576,38.58,,, ,,1872461,37.26875,1.5528645833333332,,,,,,,,,,,,,,,,
Daily's Spiked Strawberry Lemonade 10oz,07480691885,Wine,New Item,Single,24,American Beverage,Phillips Wine & Spirits,1 on 15,September|October|November|December,1.5528645833333332,37.26875,48,2.99,,0.48064729654403576,38.58,,, ,,1766588,37.26875,1.5528645833333332,,,,,,,,,,,,,,,,
Chloe In Bloom PG/Sauv Blanc,081308016351,Wine,New Item,750ml,12,CONSTELLATION BRANDS,Southern Wine & Spirits,,ALL,7.066666666666666,84.8,120,14.99,10.96,0.3552311435523115,84,,,96,,697566,84.8,7.066666666666666,12.49,,,,,,,,,,,,,,12.49,
UNSHACKLED PINOT NOIR ,086003255241,Wine,New Item,750ml,12,CONSTELLATION BRANDS,Southern Wine & Spirits,,ALL,10.733333333333334,128.8,172,21.99,16.96,0.3671383647798742,160,,,160,,559984,128.8,10.733333333333334,19.99,,,,,,,,,,,,,,19.99,
UNSHACKLED CHARDONNAY 24,086003255210,Wine,New Item,750ml,12,CONSTELLATION BRANDS,Southern Wine & Spirits,,ALL,8.733333333333333,104.8,160,19.99,13.96,0.3744030563514805,144,,,144,,685311,104.8,8.733333333333333,15.99,,,,,,,,,,,,,,15.99,
UNSHACKLED SAUVIGNON BLANC 24,086003255173,Wine,New Item,750ml,12,CONSTELLATION BRANDS,Southern Wine & Spirits,,ALL,8.733333333333333,104.8,160,19.99,13.96,0.3744030563514805,144,,,144,,677891,104.8,8.733333333333333,15.99,,,,,,,,,,,,,,15.99,
Jacques Chaput NV Brut Champagne,897097002020,Wine,New Item,750ml,12,,New France Wine,if we want to DI a pallet it would be $400 a case,All,36.208333333333336,434.5,440,54.99,,0.3415469479299266,432,,waiting on this,432,,Chaput,434.5,36.208333333333336,,,,,All,264,176,168,168,ChaputHalf,,,,,,0
Bunan B Vin De Pays Du Var Rose 750ml,015643253560,Wine,New Item,750ml,12,Michael Corso,Maverick Wine Company,,All,12.125,145.5,160,19.99,18.96,0.36049578059071735,144,,"we special ordered 4 cases (slp 2, mtka 1, rv 1)",,,IW-MC-BUN-B-ROS-25,145.5,12.125,22.49,22.490000000000006,18.96,0,All,160,0,0,0, ,"Maverick Beverage Co., LLC - MN",,0,,22.49,0
Mary Taylor Agenais Rose,850049187046,Wine,New Item,750 ml,12,,"Bourget Imports, LLC",,All,10.145833333333334,121.75,136,16.99,15.96,0.36429615705931495,120,,,,,12059,121.75,10.145833333333334,18.99,,,,,,,,,,,,,,18.99,
Bernard Griffin Rose of Sangiovese 750ml,096925003042,wine,New Item,750ml,12,Barnard Griffin,Winebow (Grape Beginnings),,,8,96,132,16.99,11.96,0.33110367892976594,96,,,,,30333372,96,8,13.99,,,,,,,,,,,,,,13.79,
Lorgeril O de Rose 750ml,3454781520955,wine,New Item,750ml,12,Lorgeril,Winebow (Grape Beginnings),,,13,156,168,20.99,19.96,0.3486973947895792,156,,,,,30340951,156,13,23.99,,,,,,,,,,,,,,23.99,
Correggia Anthos,8032532311905,Wine,New Item,750 ml,12,,"Bourget Imports, LLC", ,All,16.145833333333332,193.75,208,25.99,22.96,0.29678426248548206,192,,, ,,,193.75,16.145833333333332,26.99,,,,,,,,,,,,,,26.99,
Correggia Barbera,803253231162,Wine,New Item,750 ml,12,,"Bourget Imports, LLC", ,All,16.8125,201.75,216,26.99,23.96,0.29830968280467446,200,,, ,,,201.75,16.8125,27.99,,,,,,,,,,,,,,27.99,
Il Tramonto Blackberry Spritz,842790093462,RTD,New Item,375ml,12,Prestige ,Johnson Brothers Liquor Co,1 free case of #15946 Tramonto Limoncello 750ml on 8 cases M&M Spritz flavors,All,6.1343749999999995,73.6125,99.25,11.99,8.96,0.3153599330357144,79.4,,,,,1352739,73.6125,6.1343749999999995,10.99,,,,,,,,,,,,,,9.99,
Il Tramonto Limoncello Spritz,084279009100,RTD,New Item,375ml,12,Prestige ,Johnson Brothers Liquor Co,1 free case of #15946 Tramonto Limoncello 750ml on 8 cases M&M Spritz flavors,All,6.1343749999999995,73.6125,99.25,11.99,8.96,0.3153599330357144,79.4,,,,,1253728,73.6125,6.1343749999999995,10.99,,,,,,,,,,,,,,9.99,
Il Tramonto Strawberry Spritz,842790093080,RTD,New Item,375ml,12,Prestige ,Johnson Brothers Liquor Co,1 free case of #15946 Tramonto Limoncello 750ml on 8 cases M&M Spritz flavors,All,6.1343749999999995,73.6125,99.25,11.99,8.96,0.3153599330357144,79.4,,,,,1754952,73.6125,6.1343749999999995,10.99,,,,,,,,,,,,,,9.99,
Dry Creek Cabernet Sauvignon,082491077020,Wine,Deal Change,750ml,12,Dry Creek Vineyard,Breakthru Beverage,3cs purchase in a month,ALL,20.095833333333335,241.15,264,32.99,29.96,0.3292445482866043,240,can bring in when they can deliver,,264,,9687763,241.15,20.095833333333335,34.99,35.49,29.959999999999994,0,ALL,264,0,0,0, ,"Breakthru Beverage Minnesota Wine & Spirits, LLC",,0,,35.49,0
Dry Creek Cabernet Sauvignon,082491077020,Wine,Deal Change,750ml,12,Dry Creek Vineyard,Breakthru Beverage,10cs purchase in a month,ALL,19.429166666666667,233.15,264,32.99,29.96,0.35149643969737426,232,can bring in when they can deliver,,264,,9687763,233.15,19.429166666666667,34.99,35.49,29.959999999999994,0,ALL,264,0,-8,-8, ,"Breakthru Beverage Minnesota Wine & Spirits, LLC",,0,,35.49,0
Dry Creek Chenin Blanc,082491091026,Wine,Deal Change,750ml,12,Dry Creek Vineyard,Breakthru Beverage,3cs purchase in a month,ALL,11.429166666666667,137.15,144,17.99,15.96,0.28388680033416874,136,can bring in when they can deliver,,144,,9205491,137.15,11.429166666666667,18.99,19.990000000000002,16.960000000000004,0,ALL,144,0,0,0, ,"Breakthru Beverage Minnesota Wine & Spirits, LLC",,3,,18.99,0
Dry Creek Chenin Blanc,082491091026,Wine,Deal Change,750ml,12,Dry Creek Vineyard,Breakthru Beverage,10cs purchase in a month,ALL,10.762500000000001,129.15,144,17.99,15.96,0.3256578947368421,128,can bring in when they can deliver,,144,,9205491,129.15,10.762500000000001,18.99,19.990000000000002,16.960000000000004,0,ALL,144,0,-8,-8, ,"Breakthru Beverage Minnesota Wine & Spirits, LLC",,3,,18.99,0
Dry Creek Fume Blanc,082491082024,Wine,Deal Change,750ml,12,Dry Creek Vineyard,Breakthru Beverage,3cs purchase in a month,ALL,12.095833333333333,145.15,152,18.99,16.96,0.28680227987421386,144,Jon mentioned changing the price,3 to 4 cases? 10-12 stores,152,,9057986,145.15,12.095833333333333,19.99,,,,All,152,0,8,8, ,,,,,19.99,0
Dry Creek Fume Blanc,082491082024,Wine,Deal Change,750ml,12,Dry Creek Vineyard,Breakthru Beverage,10cs purchase in a month,ALL,11.429166666666667,137.15,152,18.99,16.96,0.3261104559748428,136,Jon mentioned changing the price,3 to 4 cases? 10-12 stores,152,,9057986,137.15,11.429166666666667,19.99,,,,All,152,0,0,0, ,,,,,19.99,0
Dry Creek The Mariner Red Blend,082491070038,Wine,Deal Change,750ml,6,Dry Creek Vineyard,Breakthru Beverage,3cs purchase in a month,ALL,30.191666666666666,181.15,210,52.99,37.96,0.20464524060414474,180,can bring in when they can deliver,,210,,9710013,181.15,30.191666666666666,44.99,56.99,46.96000000000001,0,All,210,0,0,0,9710013,"Breakthru Beverage Minnesota Wine & Spirits, LLC",,0,,45.99,0
Dry Creek The Mariner Red Blend,082491070038,Wine,Deal Change,750ml,6,Dry Creek Vineyard,Breakthru Beverage,10cs purchase in a month,ALL,30.191666666666666,181.15,210,52.99,37.96,0.20464524060414474,180,can bring in when they can deliver,,210,,9710013,181.15,30.191666666666666,44.99,56.99,46.96000000000001,0,All,210,0,0,0,9710013,"Breakthru Beverage Minnesota Wine & Spirits, LLC",,0,,45.99,0
Dry Creek Sauvignon Blanc,082491182014,Wine,Deal Change,375ml,12,Dry Creek Vineyard,Breakthru Beverage,Case 1,ALL,10.095833333333333,121.15,120,14.99,20.96,0.5183285623409669,120,can bring in when they can deliver,,120,,9739082,121.15,10.095833333333333,24.99,,,,ALL,120,0,0,0, ,,,,,24.99,0
Dry Creek Sauvignon Blanc,082491182021,Wine,Deal Change,750ml,12,Dry Creek Vineyard,Breakthru Beverage,3cs purchase in a month,ALL,15.429166666666667,185.15,200,24.99,20.96,0.2638756361323155,184,Jon mentioned changing the price,"6 to 8 cases? Slp, blaine, roseville, woodbury",200,,9766706,185.15,15.429166666666667,24.99,26.990000000000006,22.959999999999997,0,All,200,0,8,8,9766706,"Breakthru Beverage Minnesota Wine & Spirits, LLC",,5,,24.99,0
Dry Creek Sauvignon Blanc,082491182021,Wine,Deal Change,750ml,12,Dry Creek Vineyard,Breakthru Beverage,10cs purchase in a month,ALL,14.762500000000001,177.15,200,24.99,20.96,0.2956822519083969,176,Jon mentioned changing the price,"6 to 8 cases? Slp, blaine, roseville, woodbury",200,,9766706,177.15,14.762500000000001,24.99,26.990000000000006,22.959999999999997,0,All,200,0,0,0,9766706,"Breakthru Beverage Minnesota Wine & Spirits, LLC",,5,,24.99,0
Dry Creek Heritage Zinfandel,082491176020,Wine,Deal Change,750ml,12,Dry Creek Vineyard,Breakthru Beverage,3cs purchase in a month,ALL,18.095833333333335,217.15,224,27.99,22.96,0.21185394889663178,216,Jon mentioned changing the price,2 to 3 cases? A stores,224,,9762512,217.15,18.095833333333335,26.99,30.490000000000006,25.959999999999994,0,ALL,224,0,0,0, ,"Breakthru Beverage Minnesota Wine & Spirits, LLC",,1,,26.99,0
Dry Creek Heritage Zinfandel,082491176020,Wine,Deal Change,750ml,12,Dry Creek Vineyard,Breakthru Beverage,10cs purchase in a month,ALL,16.7625,201.15,224,27.99,22.96,0.26992595818815335,200,Jon mentioned changing the price,2 to 3 cases? A stores,224,,9762512,201.15,16.7625,26.99,30.490000000000006,25.959999999999994,0,ALL,224,0,-16,-16, ,"Breakthru Beverage Minnesota Wine & Spirits, LLC",,1,,26.99,0
Dry Creek Old Vine Zin,082491076023,Wine,Deal Change,750ml,6,Dry Creek Vineyard,Breakthru Beverage,3cs purchase in a month,ALL,26.858333333333334,161.15,172,42.99,33.96,0.20911857086768748,160,can bring in when they can deliver,,172,,9758109,161.15,26.858333333333334,39.99,49.99,41.96,0,ALL,172,0,0,0, ,"Breakthru Beverage Minnesota Wine & Spirits, LLC",,0,,40.99,0
Dry Creek Old Vine Zin,082491076023,Wine,Deal Change,750ml,6,Dry Creek Vineyard,Breakthru Beverage,10cs purchase in a month,ALL,26.858333333333334,161.15,172,42.99,33.96,0.20911857086768748,160,can bring in when they can deliver,,172,,9758109,161.15,26.858333333333334,39.99,49.99,41.96,0,ALL,172,0,0,0, ,"Breakthru Beverage Minnesota Wine & Spirits, LLC",,0,,40.99,0
Paul Jaboulet CDR Parallele 45 Blanc,084692677030,Wine,New Item,750ml,12,KOBRAND,Breakthru Beverage,"20cs intro buy, Deep 8cs pricing chained in to fill in",ALL,9.429166666666667,113.15,144,17.99,14.96,0.36970811051693403,112,can bring in when they can deliver,"siri emailed about this, she tasted the wines and liked them",,,9726687,113.15,9.429166666666667,17.99,,,,,,,,,,,,,,17.49,
Paul Jaboulet CDR Parallele 45 Rouge,084692677009,Wine,New Item,750ml,12,KOBRAND,Breakthru Beverage,"20cs intro buy, Deep 8cs pricing chained in to fill in",ALL,9.429166666666667,113.15,144,17.99,14.96,0.36970811051693403,112,can bring in when they can deliver,"siri emailed about this, she tasted the wines and liked them",,,9761498,113.15,9.429166666666667,17.99,,,,,,,,,,,,,,17.49,
Greenwing Cabernet,669576030042,Wine,New Item,750ml,12,DUCKHORN,Breakthru Beverage,Deep Pricing Chained In,ALL,12.095833333333333,145.15,160,19.99,18.96,0.36203410689170185,144,can bring in when they can deliver,Jon showed interest in this,,,9764037,145.15,12.095833333333333,21.99,,,,,,,,,,,,,,22.49,
Greenwing Pinot Grigio,669576040447,Wine,New Item,750ml,12,DUCKHORN,Breakthru Beverage,Deep Pricing Chained In,ALL,12.095833333333333,145.15,160,19.99,18.96,0.36203410689170185,144,can bring in when they can deliver,Jon showed interest in this,,,9784294,145.15,12.095833333333333,21.99,,,,,,,,,,,,,,22.49,
Greenwing Pinot Noir,669576040430,Wine,New Item,750ml,12,DUCKHORN,Breakthru Beverage,Deep Pricing Chained In,ALL,12.095833333333333,145.15,160,19.99,18.96,0.36203410689170185,144,can bring in when they can deliver,Jon showed interest in this,,,9784029,145.15,12.095833333333333,21.99,,,,,,,,,,,,,,22.49,
Juan Gil Red Blend 750ml,851115002706,Wine,New Item,750ml,12,Gil Family Estates CRU,Oxford Street Merchants,,,11.424999999999999,137.1,152,18.99,16.96,0.3263561320754718,136,,,,,1901442,137.1,11.424999999999999,19.99,,,,All,152,0,0,0, ,,,,,19.99,0
Livingston Cab Sauv,08531104,Wine,Price Change,1.5 L,6,Gallo,Johnson Brothers Liquor Co, ,All,8.85,53.1,54,13.99,12.96,0.3171296296296297,52,2026-07-01 00:00:00,,52,review,000045047,53.1,8.85,14.99,12.990000000000002,0,0,All,50,4,4,4, ,Johnson Brothers - St. Paul,,0,,14.99,0
Livingston Chablis Blanc,08561707,Wine,Price Change,1.5 L,6,Gallo,Johnson Brothers Liquor Co, ,All,8.85,53.1,54,13.99,12.96,0.3171296296296297,52,2026-07-01 00:00:00,,52,review,000013839,53.1,8.85,14.99,12.990000000000002,0,0,All,50,4,4,4, ,Johnson Brothers - St. Paul,,0,,14.99,0
Livingston Chardonnay,08580605,Wine,Price Change,1.5 L,6,Gallo,Johnson Brothers Liquor Co, ,All,8.85,53.1,54,13.99,,0.3674052894924947,52,2026-07-01 00:00:00,,52,,000010355,53.1,8.85,,,,,All,50,4,4,4, ,,,,,,0
Livingston Merlot,08598604,Wine,Price Change,1.5 L,6,Gallo,Johnson Brothers Liquor Co, ,All,8.85,53.1,54,13.99,12.96,0.3171296296296297,52,2026-07-01 00:00:00,,52,review,000027193,53.1,8.85,14.99,12.990000000000002,0,0,All,50,4,4,4, ,Johnson Brothers - St. Paul,,0,,14.99,0
Livingston Pinot Grigio,085000018415,Wine,Price Change,1.5 L,6,Gallo,Johnson Brothers Liquor Co, ,All,8.85,53.1,54,13.99,,0.3674052894924947,52,2026-07-01 00:00:00,,52,,000017704,53.1,8.85,,,,,All,50,4,4,4, ,,,,,,0
Livingston Red Rose,08565208,Wine,Price Change,1.5 L,6,Gallo,Johnson Brothers Liquor Co, ,All,8.85,53.1,54,13.99,12.96,0.3171296296296297,52,2026-07-01 00:00:00,,52,review,000014175,53.1,8.85,14.99,12.990000000000002,0,0,All,50,4,4,4, ,Johnson Brothers - St. Paul,,1,,14.99,0
Livingston Sangria,085000013052,Wine,Price Change,1.5 L,6,Gallo,Johnson Brothers Liquor Co, ,All,8.85,53.1,54,13.99,,0.3674052894924947,52,2026-07-01 00:00:00,,52,,000010931,53.1,8.85,,,,,All,50,4,4,4, ,,,,,,0
Livingston White Zin,08570909,Wine,Price Change,1.5 L,6,Gallo,Johnson Brothers Liquor Co, ,All,8.85,53.1,54,13.99,,0.3674052894924947,52,2026-07-01 00:00:00,,52,,000047878,53.1,8.85,,,,,All,50,4,4,4, ,,,,,,0
Angeline Cabernet Sauvignon,729722700103,Wine,Buy Months Change,750 ml,12,Martin Ray,Oxford Street Merchants,3 free Angeline CA PN on 24 cases ,ALl,7.202777777777777,86.43333333333332,128,15.99,,0.5495448544229032,96,2026-07-01 00:00:00,,,,000027408,86.43333333333332,7.202777777777777,,13.789999999999994,11.960000000000004,0,March|May|August|November|December,128,0,0,0, ,Oxford Street Merchants,"March, May, August, November, December",3,Angeline 750ml,,0
Angeline Chardonnay,729722700271,Wine,Buy Months Change,750 ml,12,Martin Ray,Oxford Street Merchants,3 free Angeline CA PN on 24 cases ,All,7.202777777777777,86.43333333333332,128,15.99,,0.5495448544229032,96,2026-07-01 00:00:00,,,,000027410,86.43333333333332,7.202777777777777,,13.789999999999994,11.960000000000004,0,March|May|August|November|December,128,0,0,0, ,Oxford Street Merchants,"March, May, August, November, December",1,Angeline 750ml,,0
Angeline Pinot Noir,729722700127,Wine,Buy Months Change,750 ml,12,Martin Ray,Oxford Street Merchants,3 free Angeline CA PN on 24 cases ,All,7.202777777777777,86.43333333333332,128,15.99,,0.5495448544229032,96,2026-07-01 00:00:00,,,,000023771,86.43333333333332,7.202777777777777,,12.990000000000002,10.960000000000004,0,March|May|August|November|December,128,0,0,0, ,Oxford Street Merchants,"March, May, August, November, December",15,Angeline 750ml,,223
Angeline Reserve Cabernet,729722700219,Wine,Buy Months Change,750 ml,12,Martin Ray,Oxford Street Merchants,3 free Angeline CA PN on 24 cases ,All,9.858020833333333,118.29624999999999,144,17.99,,0.45202774689642394,128,2026-07-01 00:00:00,, ,,000023776,118.29624999999999,9.858020833333333,,17.990000000000002,12.960000000000006,0,March|May|August|November|December,144,0,0,0, ,Oxford Street Merchants,"March, May, August, November, December",0,Angeline 750ml,,0
Angeline Reserve Pinot Noir,729722700257,Wine,Buy Months Change,750 ml,12,Martin Ray,Oxford Street Merchants,3 free Angeline CA PN on 24 cases ,All,9.858020833333333,118.29624999999999,144,17.99,,0.45202774689642394,128,2026-07-01 00:00:00,, ,,000023772,118.29624999999999,9.858020833333333,,17.490000000000002,15.960000000000006,0,March|May|August|November|December,144,0,0,0, ,Oxford Street Merchants,"March, May, August, November, December",11,Angeline 750ml,,0
Angeline Reserve Sauvignon Blanc,729722700608,Wine,Buy Months Change,750 ml,12,Martin Ray,Oxford Street Merchants,3 free Angeline CA PN on 24 cases ,All,7.202777777777777,86.43333333333332,128,15.99,,0.5495448544229032,96,2026-07-01 00:00:00,,,,000023773,86.43333333333332,7.202777777777777,,14.990000000000004,12.960000000000006,0,March|May|August|November|December,128,0,0,0, ,Oxford Street Merchants,"March, May, August, November, December",2,Angeline 750ml,,0
Bonanza Cabernet 750ml,017224710202,Wine,Buy Months Change,750 ml,12,Wagner,Oxford Street Merchants,5 free cases of Bonanza on 24 mix and match any wine from the Wagner Portfolio,ALL,12.919270833333334,155.03125,198,24.99,,0.48302237561691336,186,2026-07-01 00:00:00,, ,,1400056,155.03125,12.919270833333334,,23.990000000000006,17.960000000000004,0,February|March|April|July|August|November ,198,0,0,0, ,Oxford Street Merchants,"February, March, April, July, August, November",16,Wagner,,44
Bonanza Chardonnay 750ml,017224710226,WINE,Buy Months Change,750ml,12,Wagner,Oxford Street Merchants,5 free cases of Bonanza on 24 mix and match any wine from the Wagner Portfolio,ALL,12.919270833333334,155.03125,198,24.99,,0.48302237561691336,186,2026-07-01 00:00:00,,,,1705107,155.03125,12.919270833333334,,22.490000000000006,18.96,0,February|March|April|July|August|November ,198,0,0,0, ,Oxford Street Merchants,"February, March, April, July, August, November",7,Wagner,,0
Bonanza Vinekeeper Napa Cabernet 750ml,017224710219,Wine,Buy Months Change,750ml,12,Wagner,Oxford Street Merchants,5 free cases of Bonanza on 24 mix and match any wine from the Wagner Portfolio (Lowest SRP $34.99),ALL,20.419270833333332,245.03125,297,36.99,,0.4479786203478418,276,2026-07-01 00:00:00,, ,,1923521,245.03125,20.419270833333332,,35.99,29.959999999999994,0,February|March|April|July|August|November ,297,0,0,0, ,Oxford Street Merchants,"February, March, April, July, August, November",5,Wagner,,0
Caymus Cabernet Sauvignon Liter,017224412106,Wine,Buy Months Change,Liter,9,Wagner,Oxford Street Merchants,5 free cases of Bonanza on 24 mix and match any wine from the Wagner Portfolio (Lowest SRP $76.49),All,64.05902777777777,576.53125,607.5,100.99,,0.36568939719004084,607.5,2026-07-01 00:00:00,, ,,1631417,576.53125,64.05902777777777,,95.99,79.96000000000001,0,February|March|April|July|August|November ,607.5,0,0,0, ,Oxford Street Merchants,"February, March, April, July, August, November",4,Wagner,,346
Caymus California Cabernet 750ml,017224713104,Wine,Buy Months Change,750 ml,12,Wagner,Oxford Street Merchants,5 free cases of Bonanza on 24 mix and match any wine from the Wagner Portfolio (Lowest SRP $49.99),October/November/December,32.419270833333336,389.03125,495,61.99,,0.4770241840081733,420,2026-07-01 00:00:00,,495,,1102512,389.03125,32.419270833333336,,48.99,40.96,0,February|March|April|July|August|November ,495,0,0,0, ,Oxford Street Merchants,"February, March, April, July, August, November",15,Wagner,,178
Caymus Napa Cab Sauv,017224712107,Wine,Buy Months Change,750 ml,12,Wagner,Oxford Street Merchants,5 free cases of Bonanza on 24 mix and match any wine from the Wagner Portfolio (Lowest SRP $69.99),ALL,54.419270833333336,653.03125,684,85.99,,0.3671441931232313,684,2026-07-01 00:00:00,, ,,1901474,653.03125,54.419270833333336,,79.99,64.96000000000001,0,February|March|April|July|August|November ,684,0,0,0, ,Oxford Street Merchants,"February, March, April, July, August, November",16,Wagner,,25
Caymus Red Schooner #2,017224770107,Wine,Buy Months Change,750 ml,12,Wagner,Oxford Street Merchants,5 free cases of Bonanza on 24 mix and match any wine from the Wagner Portfolio,All,19.919270833333332,239.03125,288,35.99,,0.44653318051310553,270,2026-07-01 00:00:00,, ,,27505,239.03125,19.919270833333332,,36.99,30.959999999999994,0,February|March|April|July|August|November ,288,0,0,0, ,Oxford Street Merchants,"February, March, April, July, August, November",0,Wagner,,0
Caymus Special Select,017224720102,Wine,Buy Months Change,750 ml,6,Wagner,Oxford Street Merchants,5 free cases of Bonanza on 24 mix and match any wine from the Wagner Portfolio,All,126.08854166666667,756.53125,787.5,196.99,,0.35992415012606394,787.5,2026-07-01 00:00:00,, ,,26606,756.53125,126.08854166666667,,189.98999999999995,157.96,0,February|March|April|July|August|November ,787.5,0,0,0, ,Oxford Street Merchants,"February, March, April, July, August, November",0,Wagner,,0
Caymus The Walking Fool,017224710011,Wine,Buy Months Change,750 ml,12,Wagner,Oxford Street Merchants,5 free cases of Bonanza on 24 mix and match any wine from the Wagner Portfolio,ALL,21.419270833333332,257.03125,342,42.99,,0.5017615530743584,288,2026-07-01 00:00:00,, ,,1172522,257.03125,21.419270833333332,,39.99,32.959999999999994,0,February|March|April|July|August|November ,342,0,0,0, ,Oxford Street Merchants,"February, March, April, July, August, November",7,Wagner,,0
Conundrum Red,017224760122,Wine,Buy Months Change,750 ml,12,Wagner,Oxford Street Merchants,5 free cases of Bonanza on 24 mix and match any wine from the Wagner Portfolio,ALL,13.0859375,157.03125,207,25.99,,0.4965010580992689,188,2026-07-01 00:00:00,, ,,27199,157.03125,13.0859375,,23.990000000000006,17.960000000000004,0,February|March|April|July|August|November ,207,0,0,0, ,Oxford Street Merchants,"February, March, April, July, August, November",15,Wagner,,106
Conundrum White,017224750123,Wine,Buy Months Change,750 ml,12,Wagner,Oxford Street Merchants,5 free cases of Bonanza on 24 mix and match any wine from the Wagner Portfolio,ALL,7.419270833333333,89.03125,126,15.99,,0.5360055764019178,120,2026-07-01 00:00:00,, ,,27200,89.03125,7.419270833333333,,12.990000000000002,10.960000000000004,0,February|March|April|July|August|November ,126,0,0,0, ,Oxford Street Merchants,"February, March, April, July, August, November",12,Wagner,,297
Dominus Napa Valley,636595123758,Wine,,750 ml,6,MMD CRU,Oxford Street Merchants,Case 1,ALL,229.1833333333333,1375.1,1374,343.99,274.96,0.16648482203472023,1374,2026-07-01 00:00:00,, ,UPC change,1432466,1375.1,229.1833333333333,323.99,,,,,,,,,,,,,,329.99,
Emmolo Sauvignon Blanc 750ml,831526000614,Wine,Buy Months Change,750ml,12,Wagner,Oxford Street Merchants,5 free cases of Bonanza on 24 mix and match any wine from the Wagner Portfolio,ALL,10.169270833333334,122.03125,162,19.99,,0.49128209938302475,153,2026-07-01 00:00:00,,,,26592,122.03125,10.169270833333334,,18.990000000000002,15.960000000000006,0,February|March|April|July|August|November ,162,0,0,0, ,Oxford Street Merchants,"February, March, April, July, August, November",4,Wagner,,0
Mer Soleil Santa Lucia Chard,710909710107,Wine,Buy Months Change,750 ml,12,Wagner,Oxford Street Merchants,5 free cases of Bonanza on 24 mix and match any wine from the Wagner Portfolio,ALL,10.752604166666666,129.03125,180,22.99,,0.5322921197622155,160,2026-07-01 00:00:00,, ,,26597,129.03125,10.752604166666666,,19.990000000000002,16.960000000000004,0,February|March|April|July|August|November ,180,0,0,0, ,Oxford Street Merchants,"February, March, April, July, August, November",14,Wagner,,406
Mer Soleil Unoaked Chardonnay,710909720106,Wine,Buy Months Change,750 ml,12,Wagner,Oxford Street Merchants,5 free cases of Bonanza on 24 mix and match any wine from the Wagner Portfolio,ALL,8.5859375,103.03125,144,17.99,,0.522738326848249,134,2026-07-01 00:00:00,, ,,26596,103.03125,8.5859375,,15.990000000000004,12.960000000000006,0,February|March|April|July|August|November ,144,0,0,0, ,Oxford Street Merchants,"February, March, April, July, August, November",12,Wagner,,497
Sea Sun Chardonnay,710909750103,Wine,Buy Months Change,750 ml,12,Wagner,Oxford Street Merchants,5 free cases of Bonanza on 24 mix and match any wine from the Wagner Portfolio,ALL,8.5859375,103.03125,144,17.99,,0.522738326848249,134,2026-07-01 00:00:00,, ,,1563648,103.03125,8.5859375,,15.990000000000004,12.960000000000006,0,February|March|April|July|August|November ,144,0,0,0, ,Oxford Street Merchants,"February, March, April, July, August, November",10,Wagner,,0
Sea Sun Pinot Noir,710909760102,Wine,Buy Months Change,750 ml,12,Wagner,Oxford Street Merchants,5 free cases of Bonanza on 24 mix and match any wine from the Wagner Portfolio,ALL,11.419270833333334,137.03125,180,22.99,,0.5032940046396983,168,2026-07-01 00:00:00,, ,,1660343,137.03125,11.419270833333334,,21.990000000000006,17.960000000000004,0,February|March|April|July|August|November ,180,0,0,0, ,Oxford Street Merchants,"February, March, April, July, August, November",13,Wagner,,584
Folly of the Beast Pinot Noir,812949023053,Wine,Price Change,750 ml,12,Amass,Oxford Street Merchants,Net Pricing,all,9.424999999999999,113.1,120,14.99,13.96,0.3248567335243554,112,2026-07-01 00:00:00,, ,review,001575156,113.1,9.424999999999999,15.99,17.990000000000002,14.960000000000006,0,all,120,0,-4,-4, ,Oxford Street Merchants,,7,,15.99,0
Gran Moraine Brut Rose,400000021645,Wine,Price Change,750 ml,6,Jackson family,Oxford Street Merchants, ,all,45.18333333333334,271.1,270,67.99,53.96,0.16265134667655048,270,2026-07-01 00:00:00,, ,review,001503422,271.1,45.18333333333334,63.99,61.115,54.96000000000001,0,all,270,0,0,0, ,Oxford Street Merchants,,0,,64.99,0
Gran Moraine Chardonnay,862442000020,Wine,Price Change,750 ml,6,Jackson family,Oxford Street Merchants,,All,36.85,221.1,220,54.99,43.96,0.16173794358507732,220,2026-07-01 00:00:00,,,review,1065750,221.1,36.85,51.99,59.99,49.96000000000001,0,All,225,-5,-5,-5, ,Oxford Street Merchants,,0,,52.99,0
Gran Moraine Pinot Noir,862442000013,Wine,Price Change,750 ml,6,Jackson family,Oxford Street Merchants, ,All,36.85,221.1,220,54.99,43.96,0.16173794358507732,220,2026-07-01 00:00:00,,,review,1405123,221.1,36.85,51.99,49.865,39.96,0,All,227.58,-7.5800000000000125,-7.5800000000000125,-7.5800000000000125, ,,,0,,52.99,0
Kentia Albarino,851115002287,Wine,Price Change,750 ml,12,Gil Family Estates CRU,Oxford Street Merchants,Deepest pricing as Case 1,ALL,11.424999999999999,137.1,152,18.99,16.96,0.3263561320754718,136,2026-07-01 00:00:00,, ,review,001895518,137.1,11.424999999999999,19.99,19.990000000000002,16.960000000000004,0,ALL,144,8,4,4, ,Oxford Street Merchants,,0,,19.99,0
Old Soul Cabernet Sauvignon 750ml,082544990528,Wine,Price Change,750ml,12,OAK RIDGE WINERY LLC,Oxford Street Merchants,1 free on 8 ,All,8.387962962962963,100.65555555555555,124,15.99,12.96,0.35278063557384554,112,2026-07-01 00:00:00,, ,review,1861047,100.65555555555555,8.387962962962963,14.99,17.865000000000002,14.960000000000006,0,All,120,4,-8.444444444444443,-8.444444444444443, ,Oxford Street Merchants,,11,,14.99,0
Old Soul Chardonnay 750ml,082544990719,Wine,Price Change,750ML,12,OAK RIDGE WINERY LLC,Oxford Street Merchants,1 free on 8,All,8.387962962962963,100.65555555555555,124,15.99,12.96,0.35278063557384554,112,2026-07-01 00:00:00,, ,review,1046040,100.65555555555555,8.387962962962963,14.99,17.771250000000002,12.955,0,All,120,4,-8.444444444444443,-8.444444444444443, ,Oxford Street Merchants,,0,,14.99,0
Old Soul Petite Sirah Old Vine 750ml,082544990047,Wine,Price Change,750ML,12,OAK RIDGE WINERY LLC,Oxford Street Merchants,1 free on 8,All,8.387962962962963,100.65555555555555,124,15.99,,0.47542445509925185,112,2026-07-01 00:00:00,, ,,1113050,100.65555555555555,8.387962962962963,,,,,All,120,4,-8.444444444444443,-8.444444444444443, ,,,,,,0
Old Soul Pinot Noir 750ml,082544990474,Wine,Price Change,750ML,12,OAK RIDGE WINERY LLC,Oxford Street Merchants,1 free on 8,All,8.387962962962963,100.65555555555555,124,15.99,,0.47542445509925185,112,2026-07-01 00:00:00,, ,,1445074,100.65555555555555,8.387962962962963,,,,,All,120,4,-8.444444444444443,-8.444444444444443, ,,,,,,0
OZV Red Blend 750ml,082544991266,Wine,Price Change,750ML,12,OAK RIDGE WINERY LLC,Oxford Street Merchants,1 free on 8,All,8.387962962962963,100.65555555555555,124,15.99,,0.47542445509925185,112,2026-07-01 00:00:00,, ,,1528378,100.65555555555555,8.387962962962963,,,,,All,120,4,-8.444444444444443,-8.444444444444443, ,,,,,,0
OZV Zinfandel Old Vine 750ml,082544009046,Wine,Price Change,750ML,12,OAK RIDGE WINERY LLC,Oxford Street Merchants,1 free on 8,All,8.387962962962963,100.65555555555555,124,15.99,12.96,0.35278063557384554,112,2026-07-01 00:00:00,, ,review,1623024,100.65555555555555,8.387962962962963,14.99,14.990000000000004,12.457500000000003,0,All,120,4,-8.444444444444443,-8.444444444444443, ,Oxford Street Merchants,,7,,14.99,700
Quilt Napa Chardonnay,859889006210,Wine,Price Change,750 ml,12,Copper Cane CRU,Oxford Street Merchants,1 free Boen Tri-App Pinot Noir on 5 Cases M/M all Copper Cane Portfolio,ALL,17.9805,215.766,320,39.99,,0.5503750937734434,240,2026-07-01 00:00:00,,,review,001962229,215.766,17.9805,,23.990000000000006,19.96,0,ALL,320,0,-40,-40, ,Oxford Street Merchants,,3,Copper Cane 750ml,,0
Quilt Napa Chardonnay,859889006210,Wine,Price Change,750 ml,12,Copper Cane CRU,Oxford Street Merchants,2 free Boen Tri-App Pinot Noir on 8 Cases M/M all Copper Cane Portfolio,April|June |August,17.558333333333334,210.7,320,39.99,25.96,0.32363893168977914,240,2026-07-01 00:00:00,,,review,001962229,210.7,17.558333333333334,30.99,23.990000000000006,19.96,0,ALL,320,0,-45.066,-45.066, ,Oxford Street Merchants,,3,Copper Cane 750ml,30.49,0
Quilt Threadcount Red 750ml,860009046009,Wine,Price Change,750ml,12,Copper Cane CRU,Oxford Street Merchants,1 free Boen Tri-App Pinot Noir on 5 Cases M/M all Copper Cane Portfolio,All,11.313833333333333,135.766,200,24.99,,0.547265572895825,160,2026-07-01 00:00:00,,,review,1233133,135.766,11.313833333333333,,17.990000000000002,14.960000000000006,0,All,200,0,-16,-16, ,Oxford Street Merchants,,3,Copper Cane 750ml,,622
Quilt Threadcount Red 750ml,860009046009,Wine,Price Change,750 ml,12,Copper Cane CRU,Oxford Street Merchants,2 free Boen Tri-App Pinot Noir on 8 Cases M/M all Copper Cane Portfolio,April|June |August,10.891666666666666,130.7,200,24.99,15.96,0.3175647451963242,160,2026-07-01 00:00:00,,,review,1233133,130.7,10.891666666666666,18.99,17.990000000000002,14.960000000000006,0,All,200,0,-21.066000000000003,-21.066000000000003, ,Oxford Street Merchants,,3,Copper Cane 750ml,18.99,622
Quilt Threadcount Sauvignon Blanc 750ml,860009046030,Wine,Price Change,750 ml,12,Copper Cane CRU,Oxford Street Merchants,1 free Boen Tri-App Pinot Noir on 5 Cases M/M all Copper Cane Portfolio,ALL,9.9805,119.76599999999999,160,19.99,,0.5007253626813407,144,2026-07-01 00:00:00,,,review,1220208,119.76599999999999,9.9805,,17.990000000000002,14.960000000000006,0,ALL,160,0,-8,-8, ,Oxford Street Merchants,,1,Copper Cane 750ml,,0
Quilt Threadcount Sauvignon Blanc 750ml,860009046030,Wine,Price Change,750 ml,12,Copper Cane CRU,Oxford Street Merchants,2 free Boen Tri-App Pinot Noir on 8 Cases M/M all Copper Cane Portfolio,April|June |August,9.558333333333332,114.69999999999999,160,19.99,13.96,0.31530563514804216,144,2026-07-01 00:00:00,,,review,1220208,114.69999999999999,9.558333333333332,15.99,17.990000000000002,14.960000000000006,0,ALL,160,0,-13.066000000000003,-13.066000000000003, ,Oxford Street Merchants,,1,Copper Cane 750ml,15.99,0
Quilt Threadcount Sauvignon Blanc 750ml,860009046030,Wine,Price Change,750 ml,12,Copper Cane CRU,Oxford Street Merchants,1 free Like Good on 3 cases of Quilt,May|July|Sept|October|December,9.091666666666667,109.1,160,19.99,13.96,0.3487344794651385,144,2026-07-01 00:00:00,,,review,1220208,109.1,9.091666666666667,15.99,17.990000000000002,14.960000000000006,0,ALL,160,0,-18.665999999999997,-18.665999999999997, ,Oxford Street Merchants,,1,Copper Cane 750ml,15.99,0
Silver Oak Alexander Valley Cabernet,785214190753,Wine ,Price Change,750ml,12,Silver Oak,Oxford Street Merchants,3 case Buy within the chain - no support if not full cases,March|May|June|October|November|December,53.421666666666674,641.0600000000001,719.18,89.99,63.96,0.16476443610589941,639.96,2026-07-01 00:00:00,,674.88,review,1110851,641.0600000000001,53.421666666666674,74.99,78.99,66.96000000000001,0,March|May|June|October|November|December,719.18,0,0,0, ,Oxford Street Merchants,"March, May, June, October, November, December",13,,76.99,202
Silver Oak Napa Cabernet,785214290750,Wine,Price Change,750ml,12,Silver Oak,Oxford Street Merchants,3 case Buy within the chain - no support if not full cases,March|May|June|October|November|December,113.425,1361.1,1520,189.99,135.96,0.16574727861135635,1360,2026-07-01 00:00:00,,1439.88,review,1216370,1361.1,113.425,159.99,159.98999999999995,135.96,0,March|May|June|October|November|December,1359.96,160.03999999999996,0.03999999999996362,0.03999999999996362, ,Oxford Street Merchants,"March, May, June, October, November, December",0,,163.99,0
Underwood Bubbles,856036001098,Wine,Price Change,355 ml,12,Union,Oxford Street Merchants,1 free case of rose bubbles on 5,All,4.262261904761905,51.14714285714286,62,7.99,5.96,0.28485538510706293,56,2026-07-01 00:00:00,, ,review,1930068,51.14714285714286,4.262261904761905,6.49,6.489999999999998,5.959999999999998,0,All,56,6,6,6, ,Oxford Street Merchants,,16,Underwood Cans 355ml,6.49,434
Underwood Bubbles,856036001098,Wine,Price Change,355 ml,12,Union,Oxford Street Merchants,12 free cases of rose bubbles on 50 mix and match all flavors,April|June|August|October,4.063833333333333,48.766,62,7.99,5.96,0.3181487695749441,56,2026-07-01 00:00:00,,,review,1930068,48.766,4.063833333333333,6.49,6.489999999999998,5.959999999999998,0,All,56,6,3.618857142857138,3.618857142857138, ,Oxford Street Merchants,,16,Underwood Cans 355ml,6.49,434
Underwood Pinot Gris,856036001067,Wine,Price Change,355ml,12,Union,Oxford Street Merchants,1 free case of rose bubbles on 5,All,4.262261904761905,51.14714285714286,62,7.99,5.96,0.28485538510706293,56,2026-07-01 00:00:00,, ,review,1448609,51.14714285714286,4.262261904761905,6.49,6.489999999999998,5.959999999999998,0,All,56,6,6,6, ,Oxford Street Merchants,,12,Underwood Cans 355ml,6.49,0
Underwood Pinot Gris,856036001067,Wine,Price Change,355ml,12,Union,Oxford Street Merchants,12 free cases of rose bubbles on 50 mix and match all flavors,April|June|August|October,4.063833333333333,48.766,62,7.99,5.96,0.3181487695749441,56,2026-07-01 00:00:00,,,review,1448609,48.766,4.063833333333333,6.49,6.489999999999998,5.959999999999998,0,All,56,6,3.618857142857138,3.618857142857138, ,Oxford Street Merchants,,12,Underwood Cans 355ml,6.49,0
Underwood Pinot Noir,856036001043,Wine,Price Change,355ml,12,Union,Oxford Street Merchants,1 free case of rose bubbles on 5,All,4.262261904761905,51.14714285714286,62,7.99,5.96,0.28485538510706293,56,2026-07-01 00:00:00,, ,review,1095220,51.14714285714286,4.262261904761905,6.49,6.489999999999998,5.959999999999998,0,All,56,6,6,6, ,Oxford Street Merchants,,16,Underwood Cans 355ml,6.49,0
Underwood Pinot Noir,856036001043,Wine,Price Change,355ml,12,Union,Oxford Street Merchants,12 free cases of rose bubbles on 50 mix and match all flavors,April|June|August|October,3.563833333333333,42.766,56,6.99,,0.49015259895088226,50,2026-07-01 00:00:00,,,review,1095220,42.766,3.563833333333333,,6.489999999999998,5.959999999999998,0,All,56,0,-2.381142857142862,-2.381142857142862,1095220,Oxford Street Merchants,,16,Underwood Cans 355ml,,0
Underwood Rose,856036001074,Wine,Price Change,355ml,12,Union,Oxford Street Merchants,1 free case of rose bubbles on 5,All,4.262261904761905,51.14714285714286,62,7.99,5.96,0.28485538510706293,56,2026-07-01 00:00:00,, ,review,1175398,51.14714285714286,4.262261904761905,6.49,6.521249999999998,5.959999999999998,0,All,56,6,6,6, ,Oxford Street Merchants,,11,Underwood Cans 355ml,6.49,0
Underwood Rose,856036001074,Wine,Price Change,355ml,12,Union,Oxford Street Merchants,12 free cases of rose bubbles on 50 mix and match all flavors,April|June|August|October,4.063833333333333,48.766,62,7.99,5.96,0.3181487695749441,56,2026-07-01 00:00:00,,,review,1175398,48.766,4.063833333333333,6.49,6.521249999999998,5.959999999999998,0,All,56,6,3.618857142857138,3.618857142857138, ,Oxford Street Merchants,,11,Underwood Cans 355ml,6.49,0
Underwood Rose Bubbles,856036001197,Wine,Price Change,355ml,12,Union,Oxford Street Merchants,1 free case of rose bubbles on 5,All,4.163095238095238,49.957142857142856,62,7.99,5.96,0.30149408756791307,56,2026-07-01 00:00:00,, ,review,1405265,49.957142857142856,4.163095238095238,6.49,6.489999999999998,5.959999999999998,0,All,56,6,5.107142857142854,5.107142857142854, ,Oxford Street Merchants,,16,Underwood Cans 355ml,6.49,320
Underwood Rose Bubbles,856036001197,Wine,Price Change,355ml,12,Union,Oxford Street Merchants,12 free cases of rose bubbles on 50 mix and match all flavors,April|June|August|October,3.9250000000000003,47.1,62,7.99,5.96,0.34144295302013417,56,2026-07-01 00:00:00,,,review,1405265,47.1,3.9250000000000003,6.49,6.489999999999998,5.959999999999998,0,All,56,6,2.25,2.25, ,Oxford Street Merchants,,16,Underwood Cans 355ml,6.49,320
Underwood Rose Bubbles NA 355ml,856036001692,Wine,Price Change,355 ML,12,Union,Oxford Street Merchants,1 free case of rose bubbles on 5,All,4.163095238095238,49.957142857142856,62,7.99,5.96,0.30149408756791307,56,2026-07-01 00:00:00,,,review,1153941,49.957142857142856,4.163095238095238,6.49,6.489999999999998,5.959999999999998,0,All,56,6,5.107142857142854,5.107142857142854, ,Oxford Street Merchants,,7,Underwood Cans 355ml,6.49,0
Underwood Rose Bubbles NA 355ml,856036001692,Wine,Price Change,355 ML,12,Union,Oxford Street Merchants,12 free cases of rose bubbles on 50 mix and match all flavors,April|June|August|October,3.9250000000000003,47.1,62,7.99,5.96,0.34144295302013417,56,2026-07-01 00:00:00,,,review,1153941,47.1,3.9250000000000003,6.49,6.489999999999998,5.959999999999998,0,All,56,6,2.25,2.25, ,Oxford Street Merchants,,7,Underwood Cans 355ml,6.49,0
Veuve Clicquot Demi-Sec,081753050351,Wine,Disco,750 ml,12,Moet Hennessey,Oxford Street Merchants, ,all,55.425000000000004,665.1,664,82.99,,0.3321484516206771,664,,, ,,11030,665.1,55.425000000000004,,,,,all,664,0,0,0, ,,,,,,0
Josh Cellars BB Cabernet 750ml,031259004327,Wine,Price Change,750ml,12,Deutsch,Johnson Brothers Liquor Co,"Buy any 4 Josh (all flavors and sizes) and receive 1 free Josh Cabernet (#859252), plus 1 #1554031 Josh Cabernet 375ml on every 17.",All,11.310625,135.7275,165.5,20.99,16.96,0.3330999410377359,165.5,2026-07-01 00:00:00,, ,review,001964419,135.7275,11.310625,19.99,20.990000000000002,17.960000000000004,0,All,165.5,0,-2.5,-2.5, ,Johnson Brothers - St. Paul,,16,Josh All,19.99,56
Josh Paso Robles Cabernet,031259049236,Wine,Price Change,750ml,12,Deutsch,Johnson Brothers Liquor Co,"Buy any 4 Josh (all flavors and sizes) and receive 1 free Josh Cabernet (#859252), plus 1 #1554031 Josh Cabernet 375ml on every 17.",All,11.310625,135.7275,165.5,20.99,16.96,0.3330999410377359,165.5,2026-07-01 00:00:00,, ,review,001701333,135.7275,11.310625,19.99,20.990000000000002,17.960000000000004,0,All,165.5,0,-2.5,-2.5, ,Johnson Brothers - St. Paul,,15,Josh All,19.99,490
Florio Dry Marsala,8004730005108,Wine,Price Change,750 ml,12,Volio,Vinocopia,Net Down Pricing,All,11.458333333333334,137.5,160,19.99,16.96,0.3243907232704403,136,2026-07-01 00:00:00,,,review,19432,137.5,11.458333333333334,19.99,17.990000000000002,15.960000000000006,0,All,128,32,16,16, ,"Vinocopia, Inc",,3,,19.99,0
Florio Dry Marsala,080516121765,Wine,Price Change,375 ml,24,Volio,Vinocopia,Net Down Pricing,All,6.395833333333333,153.5,160,9.99,9.96,0.35784805890227583,152,2026-07-01 00:00:00,,,review,19434,153.5,6.395833333333333,11.99,9.99,8.960000000000004,0,All,144,16,16,16, ,"Vinocopia, Inc",,10,,11.49,0
Florio Sweet Marsala,8004730005078,Wine,Price Change,750 ml,12,Volio,Vinocopia,Net Down Pricing,All,11.458333333333334,137.5,160,19.99,16.96,0.3243907232704403,136,2026-07-01 00:00:00,,,review,19422,137.5,11.458333333333334,19.99,17.990000000000002,15.960000000000006,0,All,128,32,16,16, ,"Vinocopia, Inc",,9,,19.99,0
Florio Sweet Marsala,8004730005061,Wine,Price Change,375 ml,24,Volio,Vinocopia,Net Down Pricing,All,6.395833333333333,153.5,160,9.99,9.96,0.35784805890227583,152,2026-07-01 00:00:00,,,review,19424,153.5,6.395833333333333,11.99,9.99,8.960000000000004,0,All,144,16,16,16, ,"Vinocopia, Inc",,5,,11.49,0
Tavernello Montepulciano,088603011500,Wine,Price Change,750 ml,12,Volio,Vinocopia,1 on 10 cases NC,All,8.003787878787879,96.04545454545455,112,13.99,,0.427892217384712,104,2026-07-01 00:00:00,,,,49282,96.04545454545455,8.003787878787879,,,,,All,80,32,27.878787878787875,27.878787878787875, ,,,,,,0
Tavernello Pinot Grigio,088603010954,Wine,Price Change,750 ml,12,Volio,Vinocopia,1 on 10 cases NC,All,8.003787878787879,96.04545454545455,112,13.99,,0.427892217384712,104,2026-07-01 00:00:00,,,,49252,96.04545454545455,8.003787878787879,,,,,All,80,32,27.878787878787875,27.878787878787875, ,,,,,,0
Tavernello Vino Bianco,088603010695,Wine,Price Change,750 ml,12,Volio,Vinocopia,1 on 10 cases NC,All,6.185606060606061,74.22727272727273,88,10.99,,0.43716050403948487,80,2026-07-01 00:00:00,,,,49212,74.22727272727273,6.185606060606061,,,,,All,72,16,12.727272727272734,12.727272727272734, ,,,,,,0
Tavernello Vino Rosso,088603010688,Wine,Price Change,750 ml,12,Volio,Vinocopia,1 on 10 cases NC,All,6.185606060606061,74.22727272727273,88,10.99,,0.43716050403948487,80,2026-07-01 00:00:00,,,,49222,74.22727272727273,6.185606060606061,,,,,All,72,16,12.727272727272734,12.727272727272734, ,,,,,,0
La Crema Mont Chardonnay,049331021094,Wine,Item Detail Change,750 ml,12,JFW,Johnson Brothers Liquor Co,Netted Down Case Price,All,10.58,126.96,160,19.99,,0.4707353676838419,125.86,2026-07-01 00:00:00,item number, ,,1500590,126.96,10.58,,17.490000000000002,14.960000000000006,0,All,160,0,0,0,1465950,Johnson Brothers - St. Paul,,16,La Crema MC Tier 750ml,,112
Barefoot Apple Moscato,085000029022,Wine,Buy Months Change,750 ml,12,Gallo,Johnson Brothers Liquor Co,ON Month Deep Net $51.85 ( Off Month Deep Net $56),"January, April, June, August",4.4125000000000005,52.95,72,8.99,,0.5091768631813125,51.85,2026-07-01 00:00:00,,56,,1022934,52.95,4.4125000000000005,,7.989999999999998,6.959999999999997,0,"January, April, June, September",72,0,0,0, ,Johnson Brothers - St. Paul,"January, April, June, September",5,Barefoot 750ml,,690
Barefoot Blueberry Moscato,085000031780,Wine,Buy Months Change,750 ml,12,Gallo,Johnson Brothers Liquor Co,ON Month Deep Net $51.85 ( Off Month Deep Net $56),"January, April, June, August",4.4125000000000005,52.95,72,8.99,,0.5091768631813125,51.85,2026-07-01 00:00:00,,56,,1644598,52.95,4.4125000000000005,,7.989999999999998,6.959999999999997,0,"January, April, June, September",72,0,0,0, ,Johnson Brothers - St. Paul,"January, April, June, September",15,Barefoot 750ml,,674
"Barefoot Bright & Breezy Pinot Grigio

",085000032879,Wine,Buy Months Change,750 ml,12,Gallo,Johnson Brothers Liquor Co,ON Month Deep Net $51.85 ( Off Month Deep Net $56),"January, April, June, August",4.4125000000000005,52.95,72,8.99,,0.5091768631813125,51.85,2026-07-01 00:00:00,,56,,1540668,52.95,4.4125000000000005,,7.989999999999998,6.959999999999997,0,"January, April, June, September",72,0,0,0, ,Johnson Brothers - St. Paul,"January, April, June, September",1,Barefoot 750ml,,0
Barefoot Butter Chard,085000031926,Wine,Buy Months Change,750 ml,12,Gallo,Johnson Brothers Liquor Co,ON Month Deep Net $51.85 ( Off Month Deep Net $56),"January, April, June, August",4.4125000000000005,52.95,72,8.99,,0.5091768631813125,51.85,2026-07-01 00:00:00,,56,,1298036,52.95,4.4125000000000005,,7.989999999999998,6.959999999999997,0,"January, April, June, September",72,0,0,0, ,Johnson Brothers - St. Paul,"January, April, June, September",5,Barefoot 750ml,,578
Barefoot Cab Sauv,018341751017,Wine,Buy Months Change,750 ml,12,Gallo,Johnson Brothers Liquor Co,ON Month Deep Net $51.85 ( Off Month Deep Net $56),"January, April, June, August",4.4125000000000005,52.95,72,8.99,,0.5091768631813125,51.85,2026-07-01 00:00:00,,56,,10765,52.95,4.4125000000000005,,7.989999999999998,6.959999999999997,0,"January, April, June, September",72,0,0,0, ,Johnson Brothers - St. Paul,"January, April, June, September",15,Barefoot 750ml,,425
Barefoot Chardonnay,018341751055,Wine,Buy Months Change,750 ml,12,Gallo,Johnson Brothers Liquor Co,ON Month Deep Net $51.85 ( Off Month Deep Net $56),"January, April, June, August",4.4125000000000005,52.95,72,8.99,,0.5091768631813125,51.85,2026-07-01 00:00:00,,56,,10766,52.95,4.4125000000000005,,7.989999999999998,6.959999999999997,0,"January, April, June, September",72,0,0,0, ,Johnson Brothers - St. Paul,"January, April, June, September",15,Barefoot 750ml,,226
Barefoot Lemonade Moscato,085000034927,Wine,Buy Months Change,750 ml,12,Gallo,Johnson Brothers Liquor Co,ON Month Deep Net $51.85 ( Off Month Deep Net $56),"January, April, June, August",4.4125000000000005,52.95,72,8.99,,0.5091768631813125,51.85,2026-07-01 00:00:00,,56,,1484924,52.95,4.4125000000000005,,,,,"January, April, June, September",72,0,0,0, ,,,,,,0
Barefoot Mango Moscato,085000032176,Wine,Buy Months Change,750 ml,12,Gallo,Johnson Brothers Liquor Co,ON Month Deep Net $51.85 ( Off Month Deep Net $56),"January, April, June, August",4.4125000000000005,52.95,72,8.99,,0.5091768631813125,51.85,2026-07-01 00:00:00,,56,,1902802,52.95,4.4125000000000005,,7.989999999999998,6.959999999999997,0,"January, April, June, September",72,0,0,0, ,Johnson Brothers - St. Paul,"January, April, June, September",3,Barefoot 750ml,,0
Barefoot Merlot,018341751109,Wine,Buy Months Change,750 ml,12,Gallo,Johnson Brothers Liquor Co,ON Month Deep Net $51.85 ( Off Month Deep Net $56),"January, April, June, August",4.4125000000000005,52.95,72,8.99,,0.5091768631813125,51.85,2026-07-01 00:00:00,,56,,10764,52.95,4.4125000000000005,,7.989999999999998,6.959999999999997,0,"January, April, June, September",72,0,0,0, ,Johnson Brothers - St. Paul,"January, April, June, September",7,Barefoot 750ml,,558
Barefoot Moscato,085000016688,Wine,Buy Months Change,750 ml,12,Gallo,Johnson Brothers Liquor Co,ON Month Deep Net $51.85 ( Off Month Deep Net $56),"January, April, June, August",4.4125000000000005,52.95,72,8.99,,0.5091768631813125,51.85,2026-07-01 00:00:00,,56,,14338,52.95,4.4125000000000005,,7.989999999999998,6.959999999999997,0,"January, April, June, September",72,0,0,0, ,Johnson Brothers - St. Paul,"January, April, June, September",16,Barefoot 750ml,,128
Barefoot Peach Moscato,085000029008,Wine,Buy Months Change,750 ml,12,Gallo,Johnson Brothers Liquor Co,ON Month Deep Net $51.85 ( Off Month Deep Net $56),"January, April, June, August",4.4125000000000005,52.95,72,8.99,,0.5091768631813125,51.85,2026-07-01 00:00:00,,56,,1995202,52.95,4.4125000000000005,,7.989999999999998,6.959999999999997,0,"January, April, June, September",72,0,0,0, ,Johnson Brothers - St. Paul,"January, April, June, September",16,Barefoot 750ml,,321
Barefoot Pear Moscato 750ml,085000037607,Wine,Buy Months Change,750 ml,12,Gallo,Johnson Brothers Liquor Co,ON Month Deep Net $51.85 ( Off Month Deep Net $56),"January, April, June, August",4.4125000000000005,52.95,72,8.99,,0.5091768631813125,51.85,2026-07-01 00:00:00,,56,,1984258,52.95,4.4125000000000005,,7.989999999999998,6.959999999999997,0,"January, April, June, September",72,0,0,0, ,Johnson Brothers - St. Paul,"January, April, June, September",5,Barefoot 750ml,,0
Barefoot Pineapple Moscato,085000033319,Wine,Buy Months Change,750 ml,12,Gallo,Johnson Brothers Liquor Co,ON Month Deep Net $51.85 ( Off Month Deep Net $56),"January, April, June, August",4.4125000000000005,52.95,72,8.99,,0.5091768631813125,51.85,2026-07-01 00:00:00,,56,,1019877,52.95,4.4125000000000005,,7.989999999999998,6.959999999999997,0,"January, April, June, September",72,0,0,0, ,Johnson Brothers - St. Paul,"January, April, June, September",4,Barefoot 750ml,,0
Barefoot Pink Moscato,085000020456,Wine,Buy Months Change,750 ml,12,Gallo,Johnson Brothers Liquor Co,ON Month Deep Net $51.85 ( Off Month Deep Net $56),"January, April, June, August",4.4125000000000005,52.95,72,8.99,,0.5091768631813125,51.85,2026-07-01 00:00:00,,56,,20621,52.95,4.4125000000000005,,7.989999999999998,6.959999999999997,0,"January, April, June, September",72,0,0,0, ,Johnson Brothers - St. Paul,"January, April, June, September",16,Barefoot 750ml,,173
Barefoot Pinot Grigio,085000014448,Wine,Buy Months Change,750 ml,12,Gallo,Johnson Brothers Liquor Co,ON Month Deep Net $51.85 ( Off Month Deep Net $56),"January, April, June, August",4.4125000000000005,52.95,72,8.99,,0.5091768631813125,51.85,2026-07-01 00:00:00,,56,,11876,52.95,4.4125000000000005,,7.989999999999998,6.959999999999997,0,"January, April, June, September",72,0,0,0, ,Johnson Brothers - St. Paul,"January, April, June, September",16,Barefoot 750ml,,123
Barefoot Pinot Noir,085000017074,Wine,Buy Months Change,750 ml,12,Gallo,Johnson Brothers Liquor Co,ON Month Deep Net $51.85 ( Off Month Deep Net $56),"January, April, June, August",4.4125000000000005,52.95,72,8.99,,0.5091768631813125,51.85,2026-07-01 00:00:00,,56,,16508,52.95,4.4125000000000005,,7.989999999999998,6.959999999999997,0,"January, April, June, September",72,0,0,0, ,Johnson Brothers - St. Paul,"January, April, June, September",11,Barefoot 750ml,,565
Barefoot Red Moscato,085000019894,Wine,Buy Months Change,750 ml,12,Gallo,Johnson Brothers Liquor Co,ON Month Deep Net $51.85 ( Off Month Deep Net $56),"January, April, June, August",4.4125000000000005,52.95,72,8.99,,0.5091768631813125,51.85,2026-07-01 00:00:00,,56,,19660,52.95,4.4125000000000005,,7.989999999999998,6.959999999999997,0,"January, April, June, September",72,0,0,0, ,Johnson Brothers - St. Paul,"January, April, June, September",16,Barefoot 750ml,,371
Barefoot Rich Red Blend,085000021088,Wine,Buy Months Change,750 ml,12,Gallo,Johnson Brothers Liquor Co,ON Month Deep Net $51.85 ( Off Month Deep Net $56),"January, April, June, August",4.4125000000000005,52.95,72,8.99,,0.5091768631813125,51.85,2026-07-01 00:00:00,,56,,21555,52.95,4.4125000000000005,,7.989999999999998,6.959999999999997,0,"January, April, June, September",72,0,0,0, ,Johnson Brothers - St. Paul,"January, April, June, September",1,Barefoot 750ml,,0
Barefoot Riesling,085000015810,Wine,Buy Months Change,750 ml,12,Gallo,Johnson Brothers Liquor Co,ON Month Deep Net $51.85 ( Off Month Deep Net $56),"January, April, June, August",4.4125000000000005,52.95,72,8.99,,0.5091768631813125,51.85,2026-07-01 00:00:00,,56,,14989,52.95,4.4125000000000005,,7.989999999999998,6.959999999999997,0,"January, April, June, September",72,0,0,0, ,Johnson Brothers - St. Paul,"January, April, June, September",16,Barefoot 750ml,,285
Barefoot Rose,085000025871,Wine,Buy Months Change,750 ml,12,Gallo,Johnson Brothers Liquor Co,ON Month Deep Net $51.85 ( Off Month Deep Net $56),"January, April, June, August",4.4125000000000005,52.95,72,8.99,,0.5091768631813125,51.85,2026-07-01 00:00:00,,56,,1268255,52.95,4.4125000000000005,,7.989999999999998,6.959999999999997,0,"January, April, June, September",72,0,0,0, ,Johnson Brothers - St. Paul,"January, April, June, September",11,Barefoot 750ml,,0
Barefoot Sangria,085000025055,Wine,Buy Months Change,750 ml,12,Gallo,Johnson Brothers Liquor Co,ON Month Deep Net $51.85 ( Off Month Deep Net $56),"January, April, June, August",4.4125000000000005,52.95,72,8.99,,0.5091768631813125,51.85,2026-07-01 00:00:00,,56,,28353,52.95,4.4125000000000005,,7.989999999999998,6.959999999999997,0,"January, April, June, September",72,0,0,0, ,Johnson Brothers - St. Paul,"January, April, June, September",2,Barefoot 750ml,,0
Barefoot Sauv Blanc,018341751024,Wine,Buy Months Change,750 ml,12,Gallo,Johnson Brothers Liquor Co,ON Month Deep Net $51.85 ( Off Month Deep Net $56),"January, April, June, August",4.4125000000000005,52.95,72,8.99,,0.5091768631813125,51.85,2026-07-01 00:00:00,,56,,10763,52.95,4.4125000000000005,,7.989999999999998,6.959999999999997,0,"January, April, June, September",72,0,0,0, ,Johnson Brothers - St. Paul,"January, April, June, September",16,Barefoot 750ml,,308
Barefoot Strawberry Moscato 750ml,085000029015,Wine,Buy Months Change,750 ml,12,Gallo,Johnson Brothers Liquor Co,ON Month Deep Net $51.85 ( Off Month Deep Net $56),"January, April, June, August",4.4125000000000005,52.95,72,8.99,,0.5091768631813125,51.85,2026-07-01 00:00:00,,56,,1433753,52.95,4.4125000000000005,,7.989999999999998,6.959999999999997,0,"January, April, June, September",72,0,0,0, ,Johnson Brothers - St. Paul,"January, April, June, September",16,Barefoot 750ml,,420
Barefoot Sweet Red,085000018491,Wine,Buy Months Change,750 ml,12,Gallo,Johnson Brothers Liquor Co,ON Month Deep Net $51.85 ( Off Month Deep Net $56),"January, April, June, August",4.4125000000000005,52.95,72,8.99,,0.5091768631813125,51.85,2026-07-01 00:00:00,,56,,17692,52.95,4.4125000000000005,,7.989999999999998,6.959999999999997,0,"January, April, June, September",72,0,0,0, ,Johnson Brothers - St. Paul,"January, April, June, September",5,Barefoot 750ml,,570
Barefoot Watermelon Moscato,085000029923,Wine,Buy Months Change,750 ml,12,Gallo,Johnson Brothers Liquor Co,ON Month Deep Net $51.85 ( Off Month Deep Net $56),"January, April, June, August",4.4125000000000005,52.95,72,8.99,,0.5091768631813125,51.85,2026-07-01 00:00:00,,56,,1794186,52.95,4.4125000000000005,,7.989999999999998,6.959999999999997,0,"January, April, June, September",72,0,0,0, ,Johnson Brothers - St. Paul,"January, April, June, September",2,Barefoot 750ml,,0
Barefoot White Zin,018341751062,Wine,Buy Months Change,750 ml,12,Gallo,Johnson Brothers Liquor Co,ON Month Deep Net $51.85 ( Off Month Deep Net $56),"January, April, June, August",4.4125000000000005,52.95,72,8.99,,0.5091768631813125,51.85,2026-07-01 00:00:00,,56,,10760,52.95,4.4125000000000005,,7.989999999999998,6.959999999999997,0,"January, April, June, September",72,0,0,0, ,Johnson Brothers - St. Paul,"January, April, June, September",15,Barefoot 750ml,,650
Chiarli Amabile Centario,748789805057,Wine,Disco,750 ml,12,Dalla Terra,The Wine Company, ,All,12.125,145.5,160,19.99,,0.3934467233616808,144,,,,,23206,145.5,12.125,,20.990000000000002,17.960000000000004,0,All,160,0,0,0, ,The Wine Company,,0,,,0
Eyrie SPARK Rose 750ml,400000025230,Wine,Disco,750ml,12,The Eyrie Vineyards,The Wine Company ,,All,20.125,241.5,268,33.99,,0.40791409238011184,240,,,,,20740,241.5,20.125,,33.49,27.959999999999994,0,All,268,0,0,0, ,The Wine Company,,1,,,0
Masseria Li Veli ASKOS Verdeca ,748789700482,Wine,Price Change,750 ml,6,Dalla Terra,The Wine Company, ,All,20.916666666666668,125.5,136,33.99,,0.3846229283122487,124,2026-07-01 00:00:00,, ,,25115,125.5,20.916666666666668,,,,,All,120,16,16,16, ,,,,,,0
Muga Rosado,615503050126,Wine,Price Change,750 ml,12,Ordonez,The Wine Company,,All,12.791666666666666,153.5,160,19.99,,0.3600967150241787,152,2026-07-01 00:00:00,,,review,20772,153.5,12.791666666666666,,19.990000000000002,0,0,All,152,8,16,16, ,The Wine Company,,0,,,0
Noval Black,895991002214,Wine,Price Change,750 ml,12,Vintus,The Wine Company,,All,16.791666666666668,201.5,224,27.99,,0.40008336310587106,200,2026-07-01 00:00:00,,,review,10606,201.5,16.791666666666668,,27.990000000000006,0,0,All,216,8,0,0, ,The Wine Company,,0,,,0
Big Salt White 750ml,086001458866,Wine,New Item,750ml,12,Jackson Family,Oxford Street Merchants,,ALL,12.091666666666667,145.1,160,19.99,17.96,0.32674461766889384,144,,,,,1233393,145.1,12.091666666666667,20.99,,,,ALL,160,0,0,0, ,,,,,20.99,0
